Date,Open,High,Low,Close,Adj Close,Volume,2330.TW_dailyReturns,Open_1,High_1,Low_1,Close_1,Adj Close_1,Volume_1,2454.TW_dailyReturns,spread,abs_sprd,2330.TW_rolling avg,2454.TW_rolling avg,isSprdPos,signal,axe,leverage,ratio,2330.TW_Size,2454.TW_Size,2330.TW_Cashflow,2454.TW_Cashflow,2330.TW_MTM,2454.TW_MTM,Live Trades,2330.TW_PnL,2454.TW_PnL,Total PnL
2024-01-02,590.0,593.0,589.0,593.0,587.9713134765625,26059058,,1010.0,1015.0,980.0,981.0,934.9956665039062,10009034.0,,,,,,0,0,,5,,0.0,0.0,0.0,0.0,0.0,0.0,,0.0,0.0,0.0
2024-01-03,584.0,585.0,576.0,578.0,573.0985107421875,37106763,-0.025295109612141653,976.0,977.0,953.0,953.0,908.3087158203125,12547023.0,-0.02854230377166156,0.003247194159519906,0.003247194159519906,,,1,0,0.0,5,1.860447934045597,0.0,0.0,0.0,0.0,0.0,0.0,,0.0,0.0,0.0
2024-01-04,580.0,581.0,577.0,580.0,575.08154296875,15309129,0.0034602076124568004,940.0,947.0,922.0,928.0,907.9173583984375,8449251.0,-0.026232948583420734,0.029693156195877535,0.029693156195877535,,,1,0,0.0,5,12.130115424973562,0.0,0.0,0.0,0.0,0.0,0.0,,0.0,0.0,0.0
2024-01-05,578.0,580.0,574.0,576.0,571.115478515625,18158971,-0.006896551724137945,929.0,935.0,921.0,921.0,901.06884765625,5524580.0,-0.007543103448275912,0.000646551724137967,0.000646551724137967,,,1,0,0.0,5,1.7488606770833413,0.0,0.0,0.0,0.0,0.0,0.0,,0.0,0.0,0.0
2024-01-08,582.0,585.0,579.0,583.0,578.05615234375,17761275,0.012152777777777679,930.0,936.0,918.0,920.0,900.0904541015625,5553064.0,-0.0010857763300760048,0.013238554107853684,0.013238554107853684,,,1,0,0.0,5,0.14098862848171556,0.0,0.0,0.0,0.0,0.0,0.0,,0.0,0.0,0.0
2024-01-09,588.0,589.0,583.0,586.0,581.0307006835938,22501510,0.005145797598627766,938.0,940.0,926.0,928.0,907.9173583984375,5782533.0,0.008695652173912993,-0.0035498545752852273,0.0035498545752852273,0.014555111918807054,0.016108373805865366,0,0,0.0,5,2.6760844833555875,0.0,0.0,0.0,0.0,0.0,0.0,,0.0,0.0,0.0
2024-01-10,581.0,586.0,580.0,584.0,579.0476684570312,13037716,-0.0034129692832765013,935.0,935.0,922.0,924.0,904.00390625,4252336.0,-0.004310344827586188,0.0008973755443096865,0.0008973755443096865,0.007475219849347362,0.012793305709160313,1,0,0.0,5,1.9981991025035042,0.0,0.0,0.0,0.0,0.0,0.0,,0.0,0.0,0.0
2024-01-11,586.0,589.0,583.0,586.0,581.0307006835938,23997409,0.003424657534246478,932.0,937.0,920.0,920.0,900.0904541015625,6787619.0,-0.0043290043290042934,0.0077536618632507714,0.0077536618632507714,0.0074736073244540775,0.006251264335086777,1,1,1.0,5,1.9845456022930827,-10.0,5.0,5860.0,-4600.0,0.0,0.0,Opened,5860.0,-4600.0,0.0
2024-01-12,581.0,588.0,581.0,584.0,579.0476684570312,16496053,-0.0034129692832765013,920.0,929.0,916.0,926.0,905.9606323242188,4733940.0,0.006521739130434856,-0.009934708413711357,0.009934708413711357,0.006530070453464392,0.006136218552677598,0,0,-1.0,5,3.0299061941631815,10.0,-5.0,-5840.0,4630.0,20.0,30.0,Closed,-5840.0,4630.0,50.0
2024-01-15,590.0,590.0,585.0,586.0,581.0307006835938,21143076,0.003424657534246478,935.0,935.0,919.0,922.0,902.0471801757812,4242507.0,-0.004319654427645814,0.007744311961892292,0.007744311961892292,0.0041197220130904325,0.0065784905256405495,1,1,1.0,5,1.9845642382739754,-10.0,5.0,5860.0,-4610.0,0.0,0.0,Opened,5860.0,-4610.0,0.0
2024-01-16,581.0,588.0,579.0,580.0,575.08154296875,27223860,-0.010238907849829393,915.0,917.0,895.0,895.0,875.6315307617188,10182511.0,-0.029284164859002204,0.01904525700917281,0.01904525700917281,0.0057165788484957476,0.013236975256192936,1,1,0.0,5,4.413409753908283,10.0,-5.0,-5800.0,4475.0,60.0,-135.0,Live,0.0,0.0,0.0
2024-01-17,583.0,584.0,578.0,581.0,576.0731201171875,42592335,0.0017241379310344307,890.0,903.0,879.0,879.0,859.977783203125,11463245.0,-0.01787709497206702,0.01960123290310145,0.01960123290310145,0.0058684479423600265,0.013885430164628416,1,1,0.0,5,15.686920066539559,10.0,-5.0,-5810.0,4395.0,50.0,-215.0,Live,0.0,0.0,0.0
2024-01-18,586.0,589.0,585.0,588.0,583.0137329101562,27209996,0.012048192771084265,884.0,897.0,884.0,897.0,877.5881958007812,6754372.0,0.020477815699658786,-0.00842962292857452,0.00842962292857452,0.008273903411031376,0.019607516898652484,0,0,-1.0,5,2.592846694992016,10.0,-5.0,-5880.0,4485.0,-20.0,-125.0,Closed,-5880.0,4485.0,-145.0
2024-01-19,625.0,627.0,614.0,626.0,620.6914672851562,161106401,0.06462585034013602,920.0,920.0,907.0,920.0,900.0904541015625,9037844.0,0.02564102564102555,0.038984824699110465,0.038984824699110465,0.02922474900819542,0.023805802953592373,1,1,1.0,5,0.5830994295766433,-3.0,5.0,1878.0,-4600.0,0.0,0.0,Opened,1878.0,-4600.0,0.0
2024-01-22,633.0,633.0,623.0,626.0,620.6914672851562,65168775,0.0,928.0,943.0,920.0,922.0,902.0471801757812,9381596.0,0.0021739130434783593,-0.0021739130434783593,0.0021739130434783593,0.029581793650713024,0.02376144887111429,0,0,-1.0,5,inf,3.0,-5.0,-1878.0,4610.0,0.0,10.0,Closed,-1878.0,4610.0,10.0
2024-01-23,629.0,629.0,622.0,628.0,622.6744995117188,41072439,0.0031948881789136685,918.0,922.0,909.0,911.0,891.2852783203125,6015511.0,-0.01193058568329719,0.015125473862210859,0.015125473862210859,0.027401430867428182,0.019203637929494657,1,0,0.0,5,5.417074830402046,0.0,0.0,0.0,0.0,0.0,0.0,,0.0,0.0,0.0
2024-01-24,628.0,630.0,624.0,627.0,621.6829833984375,26635005,-0.0015923566878981443,916.0,936.0,915.0,936.0,915.7442626953125,7798880.0,0.027442371020856227,-0.02903472770875437,0.02903472770875437,0.02787901525000589,0.01704954379042295,0,1,1.0,5,25.727025877235885,129.0,-5.0,-80883.0,4680.0,0.0,0.0,Opened,-80883.0,4680.0,0.0
2024-01-25,635.0,642.0,633.0,642.0,636.5557861328125,52243347,0.02392344497607657,939.0,950.0,933.0,943.0,922.5927734375,8962616.0,0.007478632478632452,0.016444812497444117,0.016444812497444117,0.028000465561621415,0.016562788033382743,1,0,-1.0,5,0.4591717256436864,-129.0,5.0,82818.0,-4715.0,1935.0,-35.0,Closed,82818.0,-4715.0,1900.0
2024-01-26,644.0,646.0,639.0,644.0,638.5388793945312,41153025,0.0031152647975076775,936.0,939.0,928.0,936.0,915.7442626953125,5273128.0,-0.007423117709437932,0.01053838250694561,0.01053838250694561,0.010376835552611978,0.01539667976694704,1,0,0.0,5,3.463230208861743,0.0,0.0,0.0,0.0,0.0,0.0,,0.0,0.0,0.0
2024-01-29,646.0,648.0,644.0,648.0,642.5048828125,27825490,0.006211180124223503,945.0,945.0,926.0,938.0,917.700927734375,7026602.0,0.002136752136752129,0.004074427987471374,0.004074427987471374,0.009879518052288002,0.015397517972040262,1,0,0.0,5,0.4979753614012935,0.0,0.0,0.0,0.0,0.0,0.0,,0.0,0.0,0.0
2024-01-30,642.0,647.0,642.0,642.0,636.5557861328125,36161825,-0.0092592592592593,938.0,973.0,938.0,963.0,942.159912109375,9478077.0,0.026652452025586415,-0.035911711284845715,0.035911711284845715,0.012334380806058934,0.01537358088681183,0,1,1.0,5,4.317697228144979,22.0,-5.0,-14124.0,4815.0,0.0,0.0,Opened,-14124.0,4815.0,0.0
2024-01-31,634.0,637.0,626.0,628.0,622.6744995117188,41277950,-0.02180685358255452,976.0,977.0,958.0,966.0,945.0950317382812,9080284.0,0.0031152647975076775,-0.024922118380062197,0.024922118380062197,0.01718235884252069,0.01256352151782302,0,1,0.0,5,0.21974522292992846,-22.0,5.0,13816.0,-4830.0,-308.0,-15.0,Live,0.0,0.0,0.0
2024-02-01,625.0,628.0,619.0,628.0,622.6744995117188,44946369,0.0,951.0,951.0,922.0,930.0,909.8740844726562,16712977.0,-0.037267080745341574,0.037267080745341574,0.037267080745341574,0.011347177471073982,0.0231077194433654,1,0,-1.0,5,inf,-22.0,5.0,13816.0,-4650.0,-308.0,165.0,Closed,13816.0,-4650.0,-143.0
2024-02-02,633.0,635.0,628.0,635.0,629.6151733398438,26334815,0.011146496815286566,931.0,936.0,926.0,936.0,915.7442626953125,7360212.0,0.006451612903225712,0.004694883912060854,0.004694883912060854,0.01310068368456756,0.02321015518622551,1,0,0.0,5,0.8531630320403417,0.0,0.0,0.0,0.0,0.0,0.0,,0.0,0.0,0.0
2024-02-05,645.0,647.0,638.0,646.0,640.5219116210938,44017740,0.017322834645669305,929.0,940.0,928.0,937.0,916.7225952148438,5742677.0,0.0010683760683760646,0.01625445857729324,0.01625445857729324,0.01568637212604902,0.023192984027570706,1,0,0.0,5,0.08945657455719336,0.0,0.0,0.0,0.0,0.0,0.0,,0.0,0.0,0.0
2024-02-15,709.0,709.0,693.0,697.0,691.0894165039062,112945296,0.07894736842105265,983.0,983.0,951.0,972.0,950.9651489257812,11678406.0,0.03735325506937026,0.041594113351682394,0.041594113351682394,0.03763888175315375,0.02652159864488336,1,1,1.0,5,0.6598181871077281,-4.0,5.0,2788.0,-4860.0,0.0,0.0,Opened,2788.0,-4860.0,0.0
2024-02-16,697.0,699.0,683.0,683.0,677.2081298828125,44232811,-0.020086083213773365,976.0,977.0,963.0,970.0,949.0084228515625,4417821.0,-0.002057613168724326,-0.01802847004504904,0.01802847004504904,0.037199245252301824,0.02657509265404234,0,0,-1.0,5,0.1454854305838555,4.0,-5.0,-2732.0,4850.0,56.0,-10.0,Closed,-2732.0,4850.0,46.0
2024-02-19,674.0,682.0,674.0,678.0,672.25048828125,34408673,-0.007320644216691097,973.0,973.0,951.0,963.0,942.159912109375,4193442.0,-0.007216494845360799,-0.00010414937133029767,0.00010414937133029767,0.038189446854800246,0.017613079468019283,0,0,0.0,5,1.4001468844083467,0.0,0.0,0.0,0.0,0.0,0.0,,0.0,0.0,0.0
2024-02-20,675.0,688.0,675.0,687.0,681.1741943359375,30166461,0.01327433628318575,960.0,985.0,960.0,982.0,960.748779296875,7570527.0,0.019730010384215957,-0.0064556741010302066,0.0064556741010302066,0.03813362730506029,0.01846746676526507,0,0,0.0,5,2.1245612152303956,0.0,0.0,0.0,0.0,0.0,0.0,,0.0,0.0,0.0
2024-02-21,678.0,683.0,678.0,681.0,675.22509765625,30564485,-0.008733624454148492,972.0,986.0,972.0,981.0,959.7703857421875,5334177.0,-0.0010183299389001643,-0.007715294515248328,0.007715294515248328,0.03972779292975122,0.018735068935489627,0,0,0.0,5,0.1679638784463895,0.0,0.0,0.0,0.0,0.0,0.0,,0.0,0.0,0.0
2024-02-22,695.0,695.0,685.0,692.0,686.1317749023438,33145643,0.01615271659324513,988.0,1020.0,988.0,1015.0,993.0346069335938,10182733.0,0.03465851172273182,-0.01850579512948669,0.01850579512948669,0.015503413713681326,0.01774078199180512,0,1,1.0,5,3.1471995770399657,16.0,-5.0,-11072.0,5075.0,0.0,0.0,Opened,-11072.0,5075.0,0.0
2024-02-23,701.0,703.0,696.0,697.0,691.0894165039062,46448923,0.007225433526011571,1035.0,1100.0,1010.0,1100.0,1076.1951904296875,23431414.0,0.08374384236453203,-0.07651840883852046,0.07651840883852046,0.011557852956425132,0.0363385384575751,0,1,0.0,5,18.291481436981833,-16.0,5.0,11152.0,-5500.0,80.0,-425.0,Live,0.0,0.0,0.0
2024-02-26,700.0,700.0,695.0,698.0,692.0808715820312,28798079,0.0014347202295552641,1090.0,1120.0,1060.0,1115.0,1090.8704833984375,12036894.0,0.013636363636363669,-0.012201643406808405,0.012201643406808405,0.009941493947697916,0.03257824342272082,0,1,0.0,5,15.182762438134677,-16.0,5.0,11168.0,-5575.0,96.0,-500.0,Live,0.0,0.0,0.0
2024-02-27,700.0,701.0,691.0,698.0,692.0808715820312,33006829,0.0,1125.0,1160.0,1105.0,1115.0,1090.8704833984375,17137848.0,0.0,0.0,0.0,0.0092160638495441,0.035241887629800225,1,0,-1.0,5,,-16.0,5.0,11168.0,-5575.0,96.0,-500.0,Closed,11168.0,-5575.0,-404.0
2024-02-29,691.0,698.0,688.0,690.0,684.1487426757812,54368302,-0.011461318051575908,1115.0,1145.0,1110.0,1140.0,1115.3294677734375,9126357.0,0.022421524663677195,-0.0338828427152531,0.0338828427152531,0.010135144138686662,0.03213769381352826,0,1,1.0,5,3.2321115227139954,17.0,-5.0,-11730.0,5700.0,0.0,0.0,Opened,-11730.0,5700.0,0.0
2024-03-01,697.0,697.0,688.0,689.0,683.1572265625,23390635,-0.0014492753623188692,1165.0,1165.0,1095.0,1105.0,1081.0869140625,12066326.0,-0.030701754385964897,0.029252479023646027,0.029252479023646027,0.006784435770078723,0.042001615692878504,1,0,-1.0,5,33.974677259185015,-17.0,5.0,11713.0,-5525.0,-17.0,175.0,Closed,11713.0,-5525.0,158.0
2024-03-04,714.0,725.0,711.0,725.0,718.8519287109375,88861397,0.052249637155297624,1115.0,1155.0,1105.0,1150.0,1125.1131591796875,12304302.0,0.040723981900452566,0.011525655254845057,0.011525655254845057,0.025164683834099116,0.026763035099626957,1,0,0.0,5,1.2363083164300206,0.0,0.0,0.0,0.0,0.0,0.0,,0.0,0.0,0.0
2024-03-05,735.0,738.0,728.0,730.0,723.8095703125,64403889,0.006896551724137945,1150.0,1160.0,1130.0,1155.0,1130.0048828125,8416339.0,0.004347826086956497,0.002548725637181448,0.002548725637181448,0.02491737928378778,0.0267018011465664,1,0,0.0,5,0.9974687313877232,0.0,0.0,0.0,0.0,0.0,0.0,,0.0,0.0,0.0
2024-03-06,718.0,738.0,717.0,735.0,728.7671508789062,43687122,0.006849315068493178,1145.0,1200.0,1140.0,1190.0,1164.2474365234375,9634661.0,0.030303030303030276,-0.023453715234537098,0.023453715234537098,0.024466103034225653,0.02802055107369626,0,0,0.0,5,7.163059163059128,0.0,0.0,0.0,0.0,0.0,0.0,,0.0,0.0,0.0
2024-03-07,755.0,769.0,754.0,760.0,753.5551147460938,71817344,0.03401360544217691,1220.0,1260.0,1215.0,1230.0,1203.3818359375,15008514.0,0.03361344537815136,0.0004001600640255454,0.0004001600640255454,0.02258715178473368,0.029335666168502864,1,0,0.0,5,1.5993808049535634,0.0,0.0,0.0,0.0,0.0,0.0,,0.0,0.0,0.0
2024-03-08,795.0,796.0,772.0,784.0,777.3516235351562,87139744,0.03157894736842115,1260.0,1275.0,1195.0,1230.0,1203.3818359375,16121484.0,0.0,0.03157894736842115,0.03157894736842115,0.019465174422722248,0.018369774453175156,1,1,1.0,5,0.0,-0.0,5.0,0.0,-6150.0,0.0,0.0,Opened,0.0,-6150.0,0.0
2024-03-11,768.0,778.0,761.0,766.0,759.5042724609375,64759810,-0.022959183673469385,1235.0,1245.0,1205.0,1225.0,1198.489990234375,5703039.0,-0.004065040650406471,-0.018894143023062915,0.018894143023062915,0.023130236060253457,0.01774300198173688,0,0,-1.0,5,0.28314948075503155,0.0,-5.0,-0.0,6125.0,0.0,-25.0,Closed,-0.0,6125.0,-25.0
2024-03-12,757.0,771.0,754.0,770.0,763.4703979492188,58110339,0.005221932114882533,1200.0,1225.0,1190.0,1215.0,1188.7064208984375,5088394.0,-0.008163265306122436,0.013385197421004968,0.013385197421004968,0.023221445204761233,0.01998103747173201,1,0,0.0,5,2.4667108401802116,0.0,0.0,0.0,0.0,0.0,0.0,,0.0,0.0,0.0
2024-03-13,785.0,785.0,777.0,779.0,772.39404296875,36754557,0.011688311688311748,1245.0,1260.0,1210.0,1215.0,1188.7064208984375,6917876.0,0.0,0.011688311688311748,0.011688311688311748,0.023108852328511852,0.016744867336896993,1,0,0.0,5,0.0,0.0,0.0,0.0,0.0,0.0,0.0,,0.0,0.0,0.0
2024-03-14,779.0,785.0,770.0,784.0,777.3516235351562,42010806,0.006418485237484006,1220.0,1230.0,1140.0,1150.0,1125.1131591796875,12529434.0,-0.053497942386831254,0.05991642762431526,0.05991642762431526,0.019527512335889473,0.022810114814012367,1,1,1.0,5,12.22605400184755,-62.0,5.0,48608.0,-5750.0,0.0,0.0,Opened,48608.0,-5750.0,0.0
2024-03-15,771.0,777.0,753.0,753.0,746.614501953125,73316437,-0.039540816326530615,1135.0,1150.0,1120.0,1135.0,1110.437744140625,8516381.0,-0.013043478260869601,-0.026497338065661014,0.026497338065661014,0.02229800851469801,0.021647122527330705,0,0,-1.0,5,0.4972200957739882,62.0,-5.0,-46686.0,5675.0,1922.0,-75.0,Closed,-46686.0,5675.0,1847.0
2024-03-18,754.0,765.0,754.0,764.0,761.0584716796875,43589856,0.014608233731739695,1135.0,1180.0,1135.0,1170.0,1144.6802978515625,5901035.0,0.03083700440528636,-0.016228770673546666,0.016228770673546666,0.02225670874795017,0.030268990770372234,0,0,0.0,5,3.232711714790738,0.0,0.0,0.0,0.0,0.0,0.0,,0.0,0.0,0.0
2024-03-19,758.0,765.0,755.0,762.0,759.066162109375,30152375,-0.002617801047120394,1150.0,1165.0,1135.0,1150.0,1125.1131591796875,8740357.0,-0.017094017094017144,0.01447621604689675,0.01447621604689675,0.02204374541511627,0.030486691823287306,1,0,0.0,5,9.854857886354072,0.0,0.0,0.0,0.0,0.0,0.0,,0.0,0.0,0.0
2024-03-20,764.0,769.0,752.0,758.0,755.0816040039062,41280325,-0.005249343832021025,1145.0,1175.0,1120.0,1130.0,1105.5458984375,6032629.0,-0.017391304347826098,0.012141960515805073,0.012141960515805073,0.020695942270616823,0.029968425207000902,1,0,0.0,5,4.938969829069611,0.0,0.0,0.0,0.0,0.0,0.0,,0.0,0.0,0.0
2024-03-21,773.0,784.0,772.0,784.0,780.9814453125,46026103,0.03430079155672816,1160.0,1160.0,1125.0,1140.0,1115.3294677734375,6391070.0,0.008849557522123908,0.025451234034604253,0.025451234034604253,0.027328459544313104,0.02110527530521219,1,0,0.0,5,0.37515108153540655,0.0,0.0,0.0,0.0,0.0,0.0,,0.0,0.0,0.0
2024-03-22,788.0,789.0,775.0,785.0,781.9776000976562,30660820,0.0012755102040815647,1140.0,1145.0,1110.0,1125.0,1100.6541748046875,5827756.0,-0.013157894736842146,0.01443340494092371,0.01443340494092371,0.016338818070652322,0.021120883746243005,1,0,0.0,5,14.78377472343362,0.0,0.0,0.0,0.0,0.0,0.0,,0.0,0.0,0.0
2024-03-25,783.0,788.0,779.0,780.0,776.9968872070312,19877101,-0.006369426751592355,1120.0,1140.0,1115.0,1120.0,1095.7623291015625,3241531.0,-0.004444444444444473,-0.0019249823071478822,0.0019249823071478822,0.017044592261381015,0.011090019432327132,0,0,0.0,5,1.0019373219373287,0.0,0.0,0.0,0.0,0.0,0.0,,0.0,0.0,0.0
2024-03-26,788.0,792.0,776.0,782.0,778.9891967773438,40990702,0.002564102564102555,1140.0,1170.0,1120.0,1130.0,1105.5458984375,6534083.0,0.008928571428571397,-0.006364468864468842,0.006364468864468842,0.016674768710594045,0.012187083479003791,0,0,0.0,5,5.031740957252466,0.0,0.0,0.0,0.0,0.0,0.0,,0.0,0.0,0.0
2024-03-27,785.0,785.0,779.0,779.0,776.000732421875,18794479,-0.0038363171355498826,1135.0,1175.0,1125.0,1165.0,1139.7884521484375,5980133.0,0.030973451327433565,-0.03480976846298345,0.03480976846298345,0.01646180218879284,0.016704916786451744,0,1,1.0,5,12.074344613963083,61.0,-5.0,-47519.0,5825.0,0.0,0.0,Opened,-47519.0,5825.0,0.0
2024-03-28,774.0,776.0,768.0,769.0,766.0392456054688,27190918,-0.012836970474967901,1160.0,1180.0,1135.0,1160.0,1134.896728515625,6926740.0,-0.0042918454935622075,-0.008545124981405694,0.008545124981405694,0.006215393458145614,0.017215696663820734,0,1,0.0,5,0.5043281224710735,-61.0,5.0,46909.0,-5800.0,-610.0,25.0,Live,0.0,0.0,0.0
2024-03-29,769.0,777.0,768.0,776.0,773.0122680664062,9802000,0.00910273081924573,1160.0,1185.0,1160.0,1185.0,1159.355712890625,4051000.0,0.02155172413793105,-0.01244899331868532,0.01244899331868532,0.008420613605936099,0.015699505237313928,0,1,0.0,5,3.6154881989233862,-61.0,5.0,47336.0,-5925.0,-183.0,-100.0,Live,0.0,0.0,0.0
2024-04-01,783.0,783.0,769.0,770.0,767.035400390625,21041261,-0.0077319587628865705,1190.0,1200.0,1155.0,1160.0,1134.896728515625,5359025.0,-0.021097046413502074,0.013365087650615504,0.013365087650615504,0.008606236454986116,0.020657452894020673,1,0,-1.0,5,4.110544870038549,-61.0,5.0,46970.0,-5800.0,-549.0,25.0,Closed,46970.0,-5800.0,-524.0
2024-04-02,784.0,790.0,783.0,790.0,786.9583740234375,37974481,0.025974025974025983,1170.0,1185.0,1160.0,1165.0,1139.7884521484375,4164058.0,0.004310344827586299,0.021663681146439684,0.021663681146439684,0.01560466142847583,0.02066481182305526,1,1,1.0,5,0.2447211916193853,-2.0,5.0,1580.0,-5825.0,0.0,0.0,Opened,1580.0,-5825.0,0.0
2024-04-03,783.0,785.0,778.0,780.0,776.9968872070312,30890544,-0.012658227848101222,1150.0,1175.0,1140.0,1160.0,1134.896728515625,4100953.0,-0.0042918454935622075,-0.008366382354539015,0.008366382354539015,0.01689398753545314,0.015508583776262443,0,0,-1.0,5,0.5042368218333872,2.0,-5.0,-1560.0,5800.0,20.0,-25.0,Closed,-1560.0,5800.0,-5.0
2024-04-08,789.0,792.0,783.0,783.0,779.9853515625,32202226,0.0038461538461538325,1175.0,1180.0,1145.0,1150.0,1125.1131591796875,4066781.0,-0.008620689655172376,0.012466843501326208,0.012466843501326208,0.015195592943826544,0.015871366425045986,1,0,0.0,5,3.2919364072752866,0.0,0.0,0.0,0.0,0.0,0.0,,0.0,0.0,0.0
2024-04-09,795.0,820.0,792.0,819.0,815.8467407226562,56857731,0.04597701149425282,1160.0,1175.0,1150.0,1160.0,1134.896728515625,3322521.0,0.008695652173912993,0.037281359320339824,0.037281359320339824,0.024542591525622496,0.011659598209492864,1,1,1.0,5,0.2678770504857449,-2.0,5.0,1638.0,-5800.0,0.0,0.0,Opened,1638.0,-5800.0,0.0
2024-04-10,815.0,819.0,810.0,815.0,811.8621215820312,27480849,-0.004884004884004867,1170.0,1215.0,1165.0,1195.0,1169.1392822265625,6393274.0,0.030172413793103425,-0.03505641867710829,0.03505641867710829,0.02402438712395193,0.015117039851718759,0,0,-1.0,5,9.058249153797359,2.0,-5.0,-1630.0,5975.0,8.0,175.0,Closed,-1630.0,5975.0,183.0
2024-04-11,811.0,820.0,811.0,820.0,816.8428955078125,25200651,0.006134969325153339,1205.0,1230.0,1185.0,1200.0,1174.031005859375,6271331.0,0.004184100418409997,0.0019508689067433416,0.0019508689067433416,0.022667400962951136,0.015120783468441111,1,0,0.0,5,0.9980610266353661,0.0,0.0,0.0,0.0,0.0,0.0,,0.0,0.0,0.0
2024-04-12,823.0,826.0,817.0,818.0,814.8505859375,31508936,-0.0024390243902439046,1190.0,1200.0,1165.0,1180.0,1154.4638671875,5214036.0,-0.01666666666666672,0.014227642276422814,0.014227642276422814,0.020754782475190574,0.01797548323225821,1,0,0.0,5,9.857375713121456,0.0,0.0,0.0,0.0,0.0,0.0,,0.0,0.0,0.0
2024-04-15,804.0,812.0,803.0,806.0,802.8967895507812,38913470,-0.014669926650366705,1160.0,1160.0,1110.0,1110.0,1085.978759765625,9187015.0,-0.05932203389830504,0.04465210724793833,0.04465210724793833,0.02353243184442989,0.03385045806189569,1,1,1.0,5,5.568984733145489,-28.0,5.0,22568.0,-5550.0,0.0,0.0,Opened,22568.0,-5550.0,0.0
2024-04-16,802.0,803.0,785.0,788.0,784.966064453125,49508969,-0.022332506203473934,1065.0,1090.0,1055.0,1055.0,1032.1689453125,12016661.0,-0.0495495495495496,0.027217043346075664,0.027217043346075664,0.011064413963840107,0.03713858775629844,1,1,0.0,5,2.9704927008226547,28.0,-5.0,-22064.0,5275.0,504.0,-275.0,Live,0.0,0.0,0.0
2024-04-17,798.0,808.0,793.0,804.0,800.9044799804688,34472074,0.020304568527918843,1065.0,1075.0,1045.0,1050.0,1027.2772216796875,7727084.0,-0.004739336492891044,0.025043905020809887,0.025043905020809887,0.01685229799898959,0.027893072164148856,1,1,0.0,5,0.3048295253589893,28.0,-5.0,-22512.0,5250.0,56.0,-300.0,Live,0.0,0.0,0.0
2024-04-18,796.0,810.0,792.0,804.0,800.9044799804688,43598591,0.0,1045.0,1060.0,1020.0,1050.0,1027.2772216796875,7168984.0,0.0,0.0,0.0,0.016270585594789732,0.026833052100512088,1,1,0.0,5,,28.0,-5.0,-22512.0,5250.0,56.0,-300.0,Live,0.0,0.0,0.0
2024-04-19,769.0,770.0,746.0,750.0,747.1123657226562,130968654,-0.06716417910447758,1020.0,1030.0,970.0,993.0,971.5106811523438,15661098.0,-0.05428571428571427,-0.012878464818763313,0.012878464818763313,0.03252184486416092,0.028748068175893312,0,0,-1.0,5,1.070128253968254,28.0,-5.0,-21000.0,4965.0,1568.0,-585.0,Closed,-21000.0,4965.0,983.0
2024-04-22,740.0,757.0,740.0,742.0,739.1431884765625,46540798,-0.010666666666666713,984.0,989.0,966.0,966.0,945.0950317382812,9091869.0,-0.027190332326283984,0.01652366565961727,0.01652366565961727,0.03263562474609576,0.024886988220489948,1,0,0.0,5,3.318631362936769,0.0,0.0,0.0,0.0,0.0,0.0,,0.0,0.0,0.0
2024-04-23,761.0,761.0,752.0,754.0,751.0969848632812,30423647,0.016172506738544534,989.0,989.0,970.0,972.0,950.9651489257812,5846136.0,0.006211180124223503,0.009961326614321031,0.009961326614321031,0.035201574335811246,0.024835249734691874,1,0,0.0,5,0.49509860454387217,0.0,0.0,0.0,0.0,0.0,0.0,,0.0,0.0,0.0
2024-04-24,770.0,785.0,769.0,783.0,779.9853515625,39457128,0.03846153846153855,995.0,1020.0,994.0,1010.0,988.142822265625,6229216.0,0.039094650205761416,-0.0006331117442228695,0.0006331117442228695,0.03955384411231759,0.03532550944994578,0,0,0.0,5,1.311143696555929,0.0,0.0,0.0,0.0,0.0,0.0,,0.0,0.0,0.0
2024-04-25,770.0,774.0,765.0,766.0,763.05078125,28534926,-0.02171136653895278,996.0,1005.0,976.0,981.0,959.7703857421875,6053259.0,-0.02871287128712874,0.007001504748175957,0.007001504748175957,0.04010510999219853,0.03617903173048095,1,0,0.0,5,1.6936735395241245,0.0,0.0,0.0,0.0,0.0,0.0,,0.0,0.0,0.0
2024-04-26,788.0,789.0,782.0,782.0,778.9891967773438,32571247,0.02088772845953013,991.0,1005.0,987.0,1005.0,983.2510375976562,5747819.0,0.024464831804281273,-0.0035771033447511424,0.0035771033447511424,0.024443924919752384,0.03037589627014169,0,0,0.0,5,1.5052558717942583,0.0,0.0,0.0,0.0,0.0,0.0,,0.0,0.0,0.0
2024-04-29,790.0,795.0,787.0,795.0,791.9391479492188,26765837,0.01662404092071612,1055.0,1055.0,1005.0,1015.0,993.0346069335938,7963720.0,0.00995024875621886,0.006673792164497261,0.006673792164497261,0.021981111178574844,0.025340534897099688,1,0,0.0,5,0.7641810300216344,0.0,0.0,0.0,0.0,0.0,0.0,,0.0,0.0,0.0
2024-04-30,797.0,802.0,790.0,790.0,786.9583740234375,39051972,-0.0062893081761006275,1015.0,1030.0,992.0,992.0,970.5323486328125,5868406.0,-0.022660098522167438,0.01637079034606681,0.01637079034606681,0.023678101729559378,0.029435645592060834,1,0,0.0,5,4.524217746461299,0.0,0.0,0.0,0.0,0.0,0.0,,0.0,0.0,0.0
2024-05-02,789.0,789.0,772.0,772.0,769.0276489257812,40527228,-0.02278481012658229,990.0,1020.0,982.0,1000.0,978.3592529296875,5401225.0,0.008064516129032251,-0.03084932625561454,0.03084932625561454,0.02066097794835627,0.022829052167216226,0,1,1.0,5,0.4584749382509697,3.0,-5.0,-2316.0,5000.0,0.0,0.0,Opened,-2316.0,5000.0,0.0
2024-05-03,788.0,788.0,773.0,780.0,776.9968872070312,29901556,0.010362694300518172,1040.0,1050.0,1030.0,1040.0,1017.4935913085938,6598170.0,0.040000000000000036,-0.029637305699481864,0.029637305699481864,0.0180835128118823,0.023239930393361183,0,1,0.0,5,5.146666666666653,-3.0,5.0,2340.0,-5200.0,24.0,-200.0,Live,0.0,0.0,0.0
2024-05-06,791.0,793.0,786.0,786.0,782.9737548828125,32599878,0.007692307692307665,1060.0,1060.0,1035.0,1035.0,1012.601806640625,4516638.0,-0.004807692307692291,0.012499999999999956,0.012499999999999956,0.01577447068202657,0.022989205707666847,1,0,-1.0,5,0.8229961832061068,-3.0,5.0,2358.0,-5175.0,42.0,-175.0,Closed,2358.0,-5175.0,-133.0
2024-05-07,797.0,800.0,792.0,800.0,796.9198608398438,33890214,0.01781170483460559,1050.0,1055.0,1035.0,1045.0,1022.3853759765625,3178782.0,0.009661835748792313,0.008149869085813277,0.008149869085813277,0.016072406306923248,0.022977518128886126,1,0,0.0,5,0.7085662525879951,0.0,0.0,0.0,0.0,0.0,0.0,,0.0,0.0,0.0
2024-05-08,794.0,802.0,792.0,802.0,798.9121704101562,21757193,0.0024999999999999467,1080.0,1100.0,1060.0,1095.0,1071.3033447265625,9985063.0,0.04784688995215314,-0.04534688995215319,0.04534688995215319,0.015497195967815123,0.022583661570620757,0,1,1.0,5,26.130845135964492,131.0,-5.0,-105062.0,5475.0,0.0,0.0,Opened,-105062.0,5475.0,0.0
2024-05-09,798.0,802.0,796.0,796.0,792.9352416992188,21923999,-0.007481296758104716,1100.0,1125.0,1090.0,1095.0,1071.3033447265625,7792270.0,0.0,-0.007481296758104716,0.007481296758104716,0.00942406427804607,0.023911783366261777,0,1,0.0,5,0.0,-131.0,5.0,104276.0,-5475.0,-786.0,0.0,Live,0.0,0.0,0.0
2024-05-10,803.0,807.0,798.0,802.0,798.9121704101562,25101318,0.007537688442211143,1105.0,1105.0,1080.0,1095.0,1071.3033447265625,4456276.0,0.0,0.007537688442211143,0.007537688442211143,0.009192221141891645,0.021507615333366124,1,0,-1.0,5,0.0,-131.0,5.0,105062.0,-5475.0,0.0,0.0,Closed,105062.0,-5475.0,0.0
2024-05-13,823.0,825.0,818.0,819.0,815.8467407226562,34812619,0.021197007481296826,1115.0,1120.0,1100.0,1115.0,1090.8704833984375,4025166.0,0.0182648401826484,0.002932167298648425,0.002932167298648425,0.011619756122716486,0.019798697417284274,1,0,0.0,5,1.1730925832456818,0.0,0.0,0.0,0.0,0.0,0.0,,0.0,0.0,0.0
2024-05-14,816.0,825.0,811.0,825.0,821.8236083984375,28691846,0.0073260073260073,1115.0,1160.0,1110.0,1155.0,1130.0048828125,7534580.0,0.03587443946188351,-0.02854843213587621,0.02854843213587621,0.010354155641164965,0.0213873146625209,0,1,1.0,5,6.855605381165963,35.0,-5.0,-28875.0,5775.0,0.0,0.0,Opened,-28875.0,5775.0,0.0
2024-05-15,838.0,844.0,837.0,839.0,835.7697143554688,39467772,0.01696969696969708,1170.0,1175.0,1145.0,1155.0,1130.0048828125,5522444.0,0.0,0.01696969696969708,0.01696969696969708,0.011054371395049426,0.01608079190770987,1,0,-1.0,5,0.0,-35.0,5.0,29365.0,-5775.0,490.0,0.0,Closed,29365.0,-5775.0,490.0
2024-05-16,852.0,856.0,837.0,841.0,837.7620239257812,43927195,0.0023837902264600697,1180.0,1210.0,1175.0,1190.0,1164.2474365234375,10020318.0,0.030303030303030276,-0.027919240076570206,0.027919240076570206,0.0077347725740963685,0.016678974018898566,0,1,1.0,5,17.98742478290635,90.0,-5.0,-75690.0,5950.0,0.0,0.0,Opened,-75690.0,5950.0,0.0
2024-05-17,848.0,848.0,834.0,835.0,831.7850952148438,26207289,-0.007134363852556502,1180.0,1185.0,1165.0,1165.0,1139.7884521484375,6360397.0,-0.021008403361344574,0.013874039508788072,0.013874039508788072,0.011352878092681646,0.023320775876799014,1,0,-1.0,5,4.108442778308923,-90.0,5.0,75150.0,-5825.0,-540.0,125.0,Closed,75150.0,-5825.0,-415.0
2024-05-20,834.0,838.0,822.0,835.0,831.7850952148438,28808661,0.0,1165.0,1195.0,1165.0,1190.0,1164.2474365234375,6031212.0,0.02145922746781115,-0.02145922746781115,0.02145922746781115,0.008969673564713515,0.023554376444286994,0,0,0.0,5,inf,0.0,0.0,0.0,0.0,0.0,0.0,,0.0,0.0,0.0
2024-05-21,830.0,841.0,830.0,841.0,837.7620239257812,19705349,0.007185628742514938,1180.0,1190.0,1165.0,1175.0,1149.5721435546875,3369008.0,-0.012605042016806678,0.019790670759321616,0.019790670759321616,0.008956514366486474,0.0218697068272933,1,0,0.0,5,2.450876307716906,0.0,0.0,0.0,0.0,0.0,0.0,,0.0,0.0,0.0
2024-05-22,845.0,865.0,843.0,864.0,860.6734619140625,36628342,0.027348394768133222,1190.0,1190.0,1160.0,1185.0,1159.355712890625,4429872.0,0.008510638297872353,0.01883775647026087,0.01883775647026087,0.013026307831060817,0.021847756676102663,1,0,0.0,5,0.4268103093843148,0.0,0.0,0.0,0.0,0.0,0.0,,0.0,0.0,0.0
2024-05-23,875.0,877.0,867.0,875.0,871.631103515625,37266618,0.0127314814814814,1195.0,1210.0,1185.0,1205.0,1178.9228515625,6200782.0,0.016877637130801704,-0.0041461556493203044,0.0041461556493203044,0.013138264985149455,0.0185943276513981,0,0,0.0,5,1.8256255137267932,0.0,0.0,0.0,0.0,0.0,0.0,,0.0,0.0,0.0
2024-05-24,858.0,872.0,858.0,867.0,863.6619262695312,34136382,-0.00914285714285712,1190.0,1205.0,1190.0,1195.0,1169.1392822265625,3253977.0,-0.008298755186721962,-0.000844101956135157,0.000844101956135157,0.01373483853617312,0.015090769461408747,0,0,0.0,5,1.2510648633385488,0.0,0.0,0.0,0.0,0.0,0.0,,0.0,0.0,0.0
2024-05-27,872.0,878.0,866.0,869.0,865.6542358398438,26726954,0.0023068050749712743,1250.0,1310.0,1235.0,1285.0,1257.191650390625,14370057.0,0.07531380753138084,-0.07300700245640956,0.07300700245640956,0.013450498421713761,0.03529751529565739,0,1,1.0,5,48.27775397104129,242.0,-5.0,-210298.0,6425.0,0.0,0.0,Opened,-210298.0,6425.0,0.0
2024-05-28,867.0,873.0,865.0,865.0,861.6696166992188,25329216,-0.004602991944764101,1300.0,1320.0,1285.0,1310.0,1281.650634765625,10026387.0,0.01945525291828787,-0.02405824486305197,0.02405824486305197,0.01462930777663404,0.03152127453453077,0,1,0.0,5,6.401059355390089,-242.0,5.0,209330.0,-6550.0,-968.0,-125.0,Live,0.0,0.0,0.0
2024-05-29,861.0,868.0,856.0,857.0,853.700439453125,33436835,-0.009248554913294793,1310.0,1315.0,1275.0,1290.0,1262.0833740234375,7857214.0,-0.01526717557251911,0.006018620659224316,0.006018620659224316,0.00928799156130761,0.035657547577460924,1,0,-1.0,5,2.4848129904602474,-242.0,5.0,207394.0,-6450.0,-2904.0,-25.0,Closed,207394.0,-6450.0,-2929.0
2024-05-30,841.0,848.0,838.0,838.0,834.7735595703125,38065102,-0.022170361726954524,1255.0,1300.0,1250.0,1290.0,1262.0833740234375,8407440.0,0.0,-0.022170361726954524,0.022170361726954524,0.008941482959432935,0.03653305121070961,0,0,0.0,5,0.0,0.0,0.0,0.0,0.0,0.0,0.0,,0.0,0.0,0.0
2024-05-31,838.0,846.0,821.0,821.0,817.8389892578125,77438401,-0.02028639618138428,1315.0,1315.0,1225.0,1235.0,1208.273681640625,14212589.0,-0.04263565891472865,0.022349262733344366,0.022349262733344366,0.010390802036286399,0.04424290567057383,1,0,0.0,5,3.1614904693429855,0.0,0.0,0.0,0.0,0.0,0.0,,0.0,0.0,0.0
2024-06-03,839.0,853.0,837.0,846.0,842.7427368164062,28345488,0.030450669914738215,1265.0,1270.0,1240.0,1270.0,1242.5162353515625,6293578.0,0.028340080971659853,0.002110588943078362,0.002110588943078362,0.021232675021013475,0.028337787506195276,1,0,0.0,5,1.3971324929891487,0.0,0.0,0.0,0.0,0.0,0.0,,0.0,0.0,0.0
2024-06-04,844.0,851.0,837.0,839.0,835.7697143554688,28223635,-0.008274231678486954,1260.0,1270.0,1220.0,1240.0,1213.1654052734375,6985162.0,-0.023622047244094446,0.015347815565607492,0.015347815565607492,0.021271541425024278,0.0266754698185817,1,0,0.0,5,4.219389143699126,0.0,0.0,0.0,0.0,0.0,0.0,,0.0,0.0,0.0
2024-06-05,841.0,857.0,835.0,854.0,850.7119750976562,31975446,0.017878426698450633,1240.0,1245.0,1220.0,1230.0,1203.3818359375,5828522.0,-0.008064516129032251,0.025942942827482884,0.025942942827482884,0.023543859817892143,0.02655713497803583,1,0,0.0,5,0.6496751529802784,0.0,0.0,0.0,0.0,0.0,0.0,,0.0,0.0,0.0
2024-06-06,893.0,899.0,885.0,894.0,890.5579833984375,62925136,0.04683840749414525,1255.0,1300.0,1235.0,1290.0,1262.0833740234375,9895619.0,0.04878048780487809,-0.001942080310732841,0.001942080310732841,0.027538261760976363,0.03748988856624772,0,0,0.0,5,1.502782779505647,0.0,0.0,0.0,0.0,0.0,0.0,,0.0,0.0,0.0
2024-06-07,885.0,888.0,879.0,879.0,875.61572265625,41075399,-0.016778523489932917,1290.0,1290.0,1270.0,1275.0,1247.407958984375,4931241.0,-0.011627906976744207,-0.0051506165131887105,0.0051506165131887105,0.02649284815131214,0.030464616684166848,0,0,0.0,5,1.0052385109929358,0.0,0.0,0.0,0.0,0.0,0.0,,0.0,0.0,0.0
2024-06-11,892.0,895.0,883.0,883.0,879.6002807617188,48228488,0.004550625711035261,1270.0,1280.0,1250.0,1270.0,1242.5162353515625,5557895.0,-0.0039215686274509665,0.008472194338486227,0.008472194338486227,0.02496585913587061,0.02807438059692035,1,0,0.0,5,1.2394577309972659,0.0,0.0,0.0,0.0,0.0,0.0,,0.0,0.0,0.0
2024-06-12,888.0,914.0,888.0,909.0,905.5001831054688,48106925,0.029445073612684114,1270.0,1310.0,1265.0,1300.0,1271.866943359375,7741796.0,0.023622047244094446,0.005823026368589668,0.005823026368589668,0.02418717409557886,0.025870330768395053,1,0,0.0,5,1.147319456355079,0.0,0.0,0.0,0.0,0.0,0.0,,0.0,0.0,0.0
2024-06-13,923.0,935.0,911.0,919.0,919.0,55857091,0.011001100110010986,1340.0,1400.0,1325.0,1385.0,1355.0274658203125,13075007.0,0.06538461538461537,-0.05438351527460439,0.05438351527460439,0.024276526107527882,0.0330713702736163,0,1,1.0,5,8.957229848497542,45.0,-5.0,-41355.0,6925.0,0.0,0.0,Opened,-41355.0,6925.0,0.0
2024-06-14,916.0,922.0,905.0,922.0,922.0,38408123,0.0032644178454841466,1395.0,1395.0,1365.0,1395.0,1364.8111572265625,5947681.0,0.0072202166064982976,-0.003955798761014151,0.003955798761014151,0.01660337338295308,0.03055363645571675,0,1,0.0,5,3.346476424661628,-45.0,5.0,41490.0,-6975.0,135.0,-50.0,Live,0.0,0.0,0.0
2024-06-17,913.0,925.0,913.0,921.0,921.0,26292426,-0.0010845986984815426,1375.0,1390.0,1365.0,1380.0,1350.1357421875,4297102.0,-0.010752688172043001,0.009668089473561459,0.009668089473561459,0.011994278512201959,0.03035668596469993,1,0,-1.0,5,14.854821197156218,-45.0,5.0,41445.0,-6900.0,90.0,25.0,Closed,41445.0,-6900.0,115.0
2024-06-18,944.0,950.0,940.0,943.0,943.0,37876013,0.023887079261672106,1375.0,1405.0,1375.0,1405.0,1374.5947265625,7677930.0,0.018115942028985588,0.0057711372326865185,0.0057711372326865185,0.013092594707279952,0.02820862056426159,1,0,0.0,5,1.1299585252683644,0.0,0.0,0.0,0.0,0.0,0.0,,0.0,0.0,0.0
2024-06-19,953.0,984.0,953.0,981.0,981.0,72228052,0.040296924708377535,1425.0,1485.0,1420.0,1485.0,1452.8634033203125,11552021.0,0.05693950177935947,-0.016642577070981934,0.016642577070981934,0.01680941261062775,0.03265140298766492,0,0,0.0,5,2.1389429694252615,0.0,0.0,0.0,0.0,0.0,0.0,,0.0,0.0,0.0
2024-06-20,971.0,981.0,971.0,981.0,981.0,48225374,0.0,1485.0,1500.0,1460.0,1500.0,1467.538818359375,6213796.0,0.010101010101010166,-0.010101010101010166,0.010101010101010166,0.01820326942523265,0.025037879081390695,0,0,0.0,5,inf,0.0,0.0,0.0,0.0,0.0,0.0,,0.0,0.0,0.0
2024-06-21,961.0,978.0,960.0,970.0,970.0,88376132,-0.011213047910295648,1470.0,1495.0,1445.0,1490.0,1457.7552490234375,10724486.0,-0.00666666666666671,-0.004546381243628939,0.004546381243628939,0.021112227963534867,0.026994103304278823,0,0,0.0,5,0.913270852858485,0.0,0.0,0.0,0.0,0.0,0.0,,0.0,0.0,0.0
2024-06-24,958.0,960.0,940.0,940.0,940.0,66391994,-0.030927835051546393,1455.0,1465.0,1405.0,1410.0,1379.4864501953125,9093868.0,-0.05369127516778527,0.022763440116238876,0.022763440116238876,0.0281936086917931,0.04023844199550168,1,0,0.0,5,2.6040268456375855,0.0,0.0,0.0,0.0,0.0,0.0,,0.0,0.0,0.0
2024-06-25,925.0,945.0,923.0,945.0,945.0,57368432,0.005319148936170137,1370.0,1400.0,1365.0,1385.0,1355.0274658203125,9382535.0,-0.01773049645390068,0.023049645390070816,0.023049645390070816,0.026134189870339504,0.04050090712085414,1,0,0.0,5,4.8853615520282805,0.0,0.0,0.0,0.0,0.0,0.0,,0.0,0.0,0.0
2024-06-26,951.0,960.0,951.0,960.0,960.0,44967166,0.015873015873015817,1395.0,1430.0,1395.0,1405.0,1374.5947265625,4993229.0,0.014440433212996373,0.0014325826600194436,0.0014325826600194436,0.01785174812361899,0.027288589008834144,1,0,0.0,5,1.331453068592061,0.0,0.0,0.0,0.0,0.0,0.0,,0.0,0.0,0.0
2024-06-27,951.0,961.0,949.0,960.0,960.0,39729446,0.0,1380.0,1410.0,1380.0,1395.0,1364.8111572265625,4724876.0,-0.007117437722419906,0.007117437722419906,0.007117437722419906,0.01785174812361899,0.024996011833528235,1,0,0.0,5,inf,0.0,0.0,0.0,0.0,0.0,0.0,,0.0,0.0,0.0
2024-06-28,956.0,971.0,955.0,966.0,966.0,39138210,0.006250000000000089,1400.0,1405.0,1375.0,1400.0,1369.702880859375,6843642.0,0.0035842293906809264,0.0026657706093191624,0.0026657706093191624,0.017842431728033466,0.02615698850996266,1,0,0.0,5,0.831125655810058,0.0,0.0,0.0,0.0,0.0,0.0,,0.0,0.0,0.0
2024-07-01,968.0,977.0,965.0,968.0,968.0,19935737,0.0020703933747412417,1405.0,1440.0,1405.0,1415.0,1384.3782958984375,5023006.0,0.010714285714285676,-0.008643892339544434,0.008643892339544434,0.0061113989585938585,0.013211445379817412,0,0,0.0,5,7.564695247933708,0.0,0.0,0.0,0.0,0.0,0.0,,0.0,0.0,0.0
2024-07-02,967.0,971.0,959.0,960.0,960.0,25427569,-0.008264462809917328,1410.0,1415.0,1390.0,1410.0,1379.4864501953125,5090265.0,-0.0035335689045936647,-0.004730893905323663,0.004730893905323663,0.008843878394739773,0.00913616484204911,0,0,0.0,5,0.6279814487632575,0.0,0.0,0.0,0.0,0.0,0.0,,0.0,0.0,0.0
2024-07-03,976.0,979.0,967.0,979.0,979.0,24070411,0.019791666666666652,1430.0,1430.0,1390.0,1405.0,1374.5947265625,6361645.0,-0.0035460992907800915,0.023337765957446743,0.023337765957446743,0.010302609142038129,0.007130207062979096,1,1,1.0,5,0.25713556923843833,-2.0,5.0,1958.0,-7025.0,0.0,0.0,Opened,1958.0,-7025.0,0.0
2024-07-04,1000.0,1010.0,997.0,1005.0,1005.0,41893299,0.026557711950970342,1380.0,1400.0,1375.0,1375.0,1375.0,7642964.0,-0.02135231316725983,0.04791002511823017,0.04791002511823017,0.013946164021997937,0.011923441742816607,1,1,0.0,5,1.0999955056363442,2.0,-5.0,-2010.0,6875.0,-52.0,-150.0,Live,0.0,0.0,0.0
2024-07-05,1005.0,1010.0,1000.0,1005.0,1005.0,19998094,0.0,1380.0,1385.0,1335.0,1350.0,1350.0,6406820.0,-0.018181818181818188,0.018181818181818188,0.018181818181818188,0.01455266501942197,0.012928666009027234,1,1,0.0,5,inf,2.0,-5.0,-2010.0,6750.0,-52.0,-275.0,Live,0.0,0.0,0.0
2024-07-08,1005.0,1050.0,1000.0,1035.0,1035.0,40146763,0.029850746268656803,1340.0,1420.0,1335.0,1420.0,1420.0,7726110.0,0.051851851851851816,-0.022001105583195013,0.022001105583195013,0.016832555476637152,0.029557942339768817,0,0,-1.0,5,2.3831812488817232,2.0,-5.0,-2070.0,7100.0,-112.0,75.0,Closed,-2070.0,7100.0,-37.0
2024-07-09,1030.0,1055.0,1025.0,1040.0,1040.0,46373121,0.004830917874396157,1450.0,1460.0,1415.0,1460.0,1460.0,9654123.0,0.028169014084507005,-0.023338096210110848,0.023338096210110848,0.013211935661014,0.031655411851321855,0,0,0.0,5,8.185807150595837,0.0,0.0,0.0,0.0,0.0,0.0,,0.0,0.0,0.0
2024-07-10,1020.0,1050.0,1015.0,1045.0,1045.0,46206302,0.004807692307692291,1455.0,1460.0,1410.0,1435.0,1435.0,5443505.0,-0.017123287671232834,0.021930979978925125,0.021930979978925125,0.013877929788056164,0.03336406950321323,1,0,0.0,5,4.890869764698176,0.0,0.0,0.0,0.0,0.0,0.0,,0.0,0.0,0.0
2024-07-11,1065.0,1080.0,1055.0,1080.0,1080.0,41724336,0.03349282296650724,1435.0,1460.0,1415.0,1420.0,1420.0,5250273.0,-0.010452961672473893,0.043945784638981134,0.043945784638981134,0.015763947898589058,0.03154508648254888,1,1,1.0,5,0.41034787898899416,-3.0,5.0,3240.0,-7100.0,0.0,0.0,Opened,3240.0,-7100.0,0.0
2024-07-12,1030.0,1045.0,1025.0,1040.0,1040.0,68983062,-0.03703703703703709,1365.0,1385.0,1350.0,1360.0,1360.0,6871306.0,-0.04225352112676062,0.005216484089723528,0.005216484089723528,0.028163004883322525,0.03758047247443867,1,1,0.0,5,1.491874322860238,3.0,-5.0,-3120.0,6800.0,120.0,-300.0,Live,0.0,0.0,0.0
2024-07-15,1040.0,1045.0,1025.0,1040.0,1040.0,38393309,0.0,1370.0,1380.0,1350.0,1355.0,1355.0,3536752.0,-0.003676470588235281,0.003676470588235281,0.003676470588235281,0.025162147378504588,0.025415292623462836,1,1,0.0,5,inf,3.0,-5.0,-3120.0,6775.0,120.0,-325.0,Live,0.0,0.0,0.0
2024-07-16,1040.0,1070.0,1035.0,1055.0,1055.0,32125609,0.014423076923076872,1355.0,1365.0,1325.0,1345.0,1345.0,5001135.0,-0.0073800738007380184,0.02180315072381489,0.02180315072381489,0.025862312123261733,0.015389072218541931,1,1,0.0,5,0.652337897786564,3.0,-5.0,-3165.0,6725.0,75.0,-375.0,Live,0.0,0.0,0.0
2024-07-17,1035.0,1045.0,1020.0,1030.0,1030.0,54022399,-0.023696682464455,1335.0,1345.0,1305.0,1325.0,1325.0,5978911.0,-0.014869888475836479,-0.00882679398861852,0.00882679398861852,0.02841746782604923,0.015387437073343222,0,0,-1.0,5,0.8072328292489281,3.0,-5.0,-3090.0,6625.0,150.0,-475.0,Closed,-3090.0,6625.0,-325.0
2024-07-18,988.0,1005.0,986.0,1005.0,1005.0,81990095,-0.024271844660194164,1270.0,1290.0,1250.0,1280.0,1280.0,9831726.0,-0.03396226415094339,0.009690419490749225,0.009690419490749225,0.020820932750983834,0.016891450478184238,1,0,0.0,5,1.782123345536469,0.0,0.0,0.0,0.0,0.0,0.0,,0.0,0.0,0.0
2024-07-19,988.0,995.0,970.0,970.0,970.0,92507621,-0.03482587064676612,1260.0,1285.0,1260.0,1260.0,1260.0,5871057.0,-0.015625,-0.01920087064676612,0.01920087064676612,0.020227420215853022,0.011685544835772279,0,0,0.0,5,0.5827963917525781,0.0,0.0,0.0,0.0,0.0,0.0,,0.0,0.0,0.0
2024-07-22,964.0,965.0,938.0,939.0,939.0,83062356,-0.031958762886597936,1255.0,1260.0,1195.0,1225.0,1225.0,7245311.0,-0.02777777777777779,-0.0041809851088201455,0.0041809851088201455,0.01987246211503501,0.010725322950312524,0,0,0.0,5,1.1339085658883665,0.0,0.0,0.0,0.0,0.0,0.0,,0.0,0.0,0.0
2024-07-23,963.0,979.0,956.0,979.0,979.0,47213266,0.04259850905218321,1255.0,1275.0,1240.0,1275.0,1275.0,6430338.0,0.04081632653061229,0.0017821825215709186,0.0017821825215709186,0.032242182069356265,0.029696348594559146,1,0,0.0,5,1.2478632924058288,0.0,0.0,0.0,0.0,0.0,0.0,,0.0,0.0,0.0
2024-07-24,979.0,979.0,979.0,979.0,979.0,0,0.0,,,,,,,,,,0.03228128038648451,,0,0,0.0,5,,0.0,0.0,0.0,0.0,0.0,0.0,,0.0,0.0,0.0
2024-07-25,979.0,979.0,979.0,979.0,979.0,0,0.0,,,,,,,,,,0.03135220503223089,,0,0,0.0,5,,0.0,0.0,0.0,0.0,0.0,0.0,,0.0,0.0,0.0
2024-07-26,915.0,930.0,915.0,924.0,924.0,82081735,-0.0561797752808989,1190.0,1255.0,1185.0,1245.0,1245.0,10242503.0,-0.02352941176470591,-0.03265036351619299,0.03265036351619299,0.03734094200391275,,0,0,0.0,5,0.5643239113827353,0.0,0.0,0.0,0.0,0.0,0.0,,0.0,0.0,0.0
2024-07-29,942.0,948.0,936.0,944.0,944.0,40809258,0.02164502164502169,1265.0,1280.0,1230.0,1240.0,1240.0,5100068.0,-0.004016064257028162,0.02566108590204985,0.02566108590204985,0.03683171953565259,,1,0,0.0,5,0.24372064529303908,0.0,0.0,0.0,0.0,0.0,0.0,,0.0,0.0,0.0
2024-07-30,930.0,949.0,926.0,940.0,940.0,41761392,-0.004237288135593209,1230.0,1255.0,1210.0,1255.0,1255.0,4423237.0,0.012096774193548487,-0.016334062329141696,0.016334062329141696,0.028904906498482517,,0,0,0.0,5,3.811513383665107,0.0,0.0,0.0,0.0,0.0,0.0,,0.0,0.0,0.0
2024-07-31,929.0,940.0,928.0,934.0,934.0,39894991,-0.006382978723404209,1230.0,1235.0,1200.0,1220.0,1220.0,7379704.0,-0.027888446215139417,0.02150546749173521,0.02150546749173521,0.028616323862328638,,1,0,0.0,5,5.7070788935621195,0.0,0.0,0.0,0.0,0.0,0.0,,0.0,0.0,0.0
2024-08-01,969.0,969.0,948.0,960.0,960.0,47382270,0.027837259100642386,1215.0,1235.0,1180.0,1180.0,1180.0,12041919.0,-0.032786885245901676,0.06062414434654406,0.06062414434654406,0.03315985209198019,0.018774088017651847,1,1,1.0,5,1.4477196300966815,-8.0,5.0,7680.0,-5900.0,0.0,0.0,Opened,7680.0,-5900.0,0.0
2024-08-02,918.0,928.0,903.0,903.0,903.0,76144485,-0.059374999999999956,1130.0,1140.0,1090.0,1090.0,1090.0,13774887.0,-0.07627118644067798,0.01689618644067803,0.01689618644067803,0.034435995301138236,0.03358281027174802,1,1,0.0,5,1.5505851740111034,8.0,-5.0,-7224.0,5450.0,456.0,-450.0,Live,0.0,0.0,0.0
