Date,BTC-USD_Close,BTC-USD_dailyReturns,ETH-USD_Close,ETH-USD_dailyReturns,spread,abs_sprd,BTC-USD_rolling avg,ETH-USD_rolling avg,isSprdPos,signal,axe,leverage,ratio,BTC-USD_Size,ETH-USD_Size,BTC-USD_Cashflow,ETH-USD_Cashflow,BTC-USD_MTM,ETH-USD_MTM,Live Trades,BTC-USD_PnL,ETH-USD_PnL,Total PnL,riskThreshold,grossCashflow,totalMTM,totalMTM in %,isStoppedOut,Adjusted PnL,Gross Capital
2024-01-02,44957.96875,0.017900939051301412,2355.83642578125,0.001491520357524756,0.016409418693776656,0.016409418693776656,,,1,0,,5,0.004366081345454721,0.0,0.0,0.0,0.0,0.0,0.0,,0.0,0.0,0.0,,0.0,0.0,0.0,0,0.0,0.0
2024-01-03,42848.17578125,-0.04692812036242189,2210.761962890625,-0.06158087263741796,0.014652752274996073,0.014652752274996073,,,1,0,0.0,5,0.06770524688198476,0.0,0.0,0.0,0.0,0.0,0.0,,0.0,0.0,0.0,,0.0,0.0,0.0,0,0.0,0.0
2024-01-04,44179.921875,0.03108057856532498,2269.0380859375,0.02636019798833411,0.004720380576990868,0.004720380576990868,,,1,0,0.0,5,0.0435588509946421,0.0,0.0,0.0,0.0,0.0,0.0,,0.0,0.0,0.0,,0.0,0.0,0.0,0,0.0,0.0
2024-01-05,44162.69140625,-0.0003900067727314882,2268.647216796875,-0.00017226204489362296,-0.00021774472783786525,0.00021774472783786525,,,0,0,0.0,5,0.022689706774582343,0.0,0.0,0.0,0.0,0.0,0.0,,0.0,0.0,0.0,,0.0,0.0,0.0,0,0.0,0.0
2024-01-06,43989.1953125,-0.003928567037593367,2241.624755859375,-0.011911266210730354,0.007982699173136987,0.007982699173136987,0.029594146392949335,0.032447789240055244,1,0,0.0,5,0.1545043314775891,0.0,0.0,0.0,0.0,0.0,0.0,,0.0,0.0,0.0,0.032447789240055244,0.0,0.0,0.0,0,0.0,0.0
2024-01-07,43943.09765625,-0.0010479313368322307,2222.865966796875,-0.008368389496710593,0.0073204581598783625,0.0073204581598783625,0.02781603670319088,0.03193397204997691,1,0,0.0,5,0.4039537709918663,0.0,0.0,0.0,0.0,0.0,0.0,,0.0,0.0,0.0,0.03193397204997691,0.0,0.0,0.0,0,0.0,0.0
2024-01-08,46970.50390625,0.06889378335779228,2333.03271484375,0.04956067963271038,0.0193331037250819,0.0193331037250819,0.031380369424594066,0.026209243510547337,1,0,0.0,5,0.03573162994605028,0.0,0.0,0.0,0.0,0.0,0.0,,0.0,0.0,0.0,0.031380369424594066,0.0,0.0,0.0,0,0.0,0.0
2024-01-09,46139.73046875,-0.017687130611972357,2344.8271484375,0.005055408575588727,-0.022742539187561084,0.022742539187561084,0.03411600816552365,0.02480079581715627,0,0,0.0,5,0.014525619327054614,0.0,0.0,0.0,0.0,0.0,0.0,,0.0,0.0,0.0,0.03411600816552365,0.0,0.0,0.0,0,0.0,0.0
2024-01-10,46627.77734375,0.010577584004972662,2582.103515625,0.10119141078079541,-0.09061382677582275,0.09061382677582275,0.03369785315560054,0.048114105732950656,0,1,1.0,5,0.5297684647237193,3.0,-5.0,-139883.33203125,12910.517578125,0.0,0.0,Opened,-139883.33203125,12910.517578125,0.0,0.048114105732950656,152793.849609375,0.0,0.0,0,0.0,152793.849609375
2024-01-11,46368.5859375,-0.005558733892443213,2619.619140625,0.014529094117638142,-0.020087828010081354,0.020087828010081354,0.03389010940078581,0.04403380650093261,0,1,0.0,5,0.1476647914212521,-3.0,5.0,139105.7578125,-13098.095703125,-777.57421875,-187.578125,Live,0.0,0.0,0.0,0.04403380650093261,152203.853515625,-965.15234375,-0.006341182049315979,0,0.0,0.0
2024-01-12,42853.16796875,-0.07581464687080208,2524.460205078125,-0.036325484903951155,-0.03948916196685093,0.03948916196685093,0.05213704668472538,0.05162450905909134,0,1,0.0,5,0.028225646605201316,-3.0,5.0,128559.50390625,-12622.301025390625,-11323.828125,288.216552734375,Live,0.0,0.0,0.0,0.05213704668472538,141181.80493164062,-11035.611572265625,-0.07816596180796102,1,-11035.611572265625,0.0
2024-01-13,42842.3828125,-0.0002516769882185965,2576.597900390625,0.020653007406344237,-0.020904684394562834,0.020904684394562834,0.03401755948945495,0.05003272545338953,0,1,0.0,5,4.935291665841346,-3.0,5.0,128527.1484375,-12882.989501953125,-11356.18359375,27.528076171875,Live,0.0,0.0,0.0,0.05003272545338953,141410.13793945312,-11328.655517578125,-0.0801120462977602,1,0.0,0.0
2024-01-14,41796.26953125,-0.0244177193838242,2472.2412109375,-0.04050173658734413,0.01608401720351993,0.01608401720351993,0.034147522704237154,0.05728900914831397,1,0,-1.0,5,0.09811194082095168,-3.0,5.0,125388.80859375,-12361.2060546875,-14494.5234375,549.3115234375,Closed,125388.80859375,-12361.2060546875,-13945.2119140625,0.05728900914831397,137750.0146484375,-13945.2119140625,-0.10123564741283808,1,0.0,0.0
2024-01-15,42511.96875,0.01712351907901466,2511.36376953125,0.01582473361444947,0.0012987854645651886,0.0012987854645651886,0.03566138169939139,0.03047399110138658,1,0,0.0,5,0.054593607466281266,0.0,0.0,0.0,0.0,0.0,0.0,,0.0,0.0,0.0,0.03566138169939139,0.0,0.0,0.0,0,0.0,0.0
2024-01-16,43154.9453125,0.015124600939588229,2587.691162109375,0.030392806292802277,-0.015268205353214048,0.015268205353214048,0.038519116218237164,0.03369271446176541,0,0,0.0,5,0.12049492325502062,0.0,0.0,0.0,0.0,0.0,0.0,,0.0,0.0,0.0,0.038519116218237164,0.0,0.0,0.0,0,0.0,0.0
2024-01-17,42742.65234375,-0.009553782672285682,2528.369384765625,-0.022924597112815248,0.013370814440529566,0.013370814440529566,0.017383551220643906,0.030676729295750847,1,0,0.0,5,0.14194019867578755,0.0,0.0,0.0,0.0,0.0,0.0,,0.0,0.0,0.0,0.030676729295750847,0.0,0.0,0.0,0,0.0,0.0
2024-01-18,41262.05859375,-0.034639725632667706,2467.018798828125,-0.024264882460276693,-0.010374843172391013,0.010374843172391013,0.02315666056725135,0.02993678357855038,0,0,0.0,5,0.04188179780976943,0.0,0.0,0.0,0.0,0.0,0.0,,0.0,0.0,0.0,0.02993678357855038,0.0,0.0,0.0,0,0.0,0.0
2024-01-19,41618.40625,0.00863620644230223,2489.49853515625,0.009112105809166549,-0.00047589936686431855,0.00047589936686431855,0.021711447091946688,0.024280880097441327,0,0,0.0,5,0.0631134860187612,0.0,0.0,0.0,0.0,0.0,0.0,,0.0,0.0,0.0,0.024280880097441327,0.0,0.0,0.0,0,0.0,0.0
2024-01-20,41665.5859375,0.0011336255217606617,2469.589111328125,-0.007997363142403069,0.00913098866416373,0.00913098866416373,0.01950203332415735,0.023107618050673087,1,0,0.0,5,0.4181425948688449,0.0,0.0,0.0,0.0,0.0,0.0,,0.0,0.0,0.0,0.023107618050673087,0.0,0.0,0.0,0,0.0,0.0
2024-01-21,41545.78515625,-0.0028752933279206916,2453.9130859375,-0.006347624922185768,0.0034723315942650768,0.0034723315942650768,0.016561093018306626,0.013711140555417696,1,0,0.0,5,0.13039511019119732,0.0,0.0,0.0,0.0,0.0,0.0,,0.0,0.0,0.0,0.016561093018306626,0.0,0.0,0.0,0,0.0,0.0
2024-01-22,39507.3671875,-0.049064374667218136,2310.826416015625,-0.05830959162402838,0.009245216956810243,0.009245216956810243,0.02505702586628948,0.02566148506205021,1,0,0.0,5,0.0695125093402946,0.0,0.0,0.0,0.0,0.0,0.0,,0.0,0.0,0.0,0.02566148506205021,0.0,0.0,0.0,0,0.0,0.0
2024-01-23,39845.55078125,0.008560013431039293,2240.68603515625,-0.030352942295125973,0.038912955726165266,0.038912955726165266,0.024180566249794366,0.026197902479370795,1,1,1.0,5,0.19940108780127735,-1.0,5.0,39845.55078125,-11203.43017578125,0.0,0.0,Opened,39845.55078125,-11203.43017578125,0.0,0.026197902479370795,51048.98095703125,0.0,0.0,0,0.0,51048.98095703125
2024-01-24,40077.07421875,0.005810521700930993,2233.561767578125,-0.0031795028247356694,0.008990024525666662,0.008990024525666662,0.023761271185280337,0.023348084136571218,1,1,0.0,5,0.030496222381139974,1.0,-5.0,-40077.07421875,11167.808837890625,-231.5234375,-35.621337890625,Live,0.0,0.0,0.0,0.023761271185280337,51244.883056640625,-267.144775390625,-0.005213101473865238,0,0.0,0.0
2024-01-25,39933.80859375,-0.0035747525934159974,2217.710205078125,-0.007096988643921831,0.0035222360505058337,0.0035222360505058337,0.02343518273661702,0.023478834419586713,1,1,0.0,5,0.11025344879554996,1.0,-5.0,-39933.80859375,11088.551025390625,-88.2578125,-114.879150390625,Live,0.0,0.0,0.0,0.023478834419586713,51022.359619140625,-203.136962890625,-0.0039813321925319155,0,0.0,0.0
2024-01-26,41816.87109375,0.04715459322091098,2267.19970703125,0.022315585616102362,0.024839007604808616,0.024839007604808616,0.034405272738030845,0.030436578011730005,1,1,0.0,5,0.025657983898803458,1.0,-5.0,-41816.87109375,11335.99853515625,-1971.3203125,132.568359375,Live,0.0,0.0,0.0,0.034405272738030845,53152.86962890625,-1838.751953125,-0.03459365347463812,1,-1838.751953125,0.0
2024-01-27,42120.0546875,0.007250269707417489,2267.885986328125,0.0003026990938410634,0.006947570613576426,0.006947570613576426,0.019657772554901465,0.018808071951151632,1,1,0.0,5,0.0022479634693781643,1.0,-5.0,-42120.0546875,11339.429931640625,-2274.50390625,135.999755859375,Live,0.0,0.0,0.0,0.019657772554901465,53459.484619140625,-2138.504150390625,-0.040002333835163,1,0.0,0.0
2024-01-28,42035.59375,-0.002005242826170095,2257.208740234375,-0.004708017139361198,0.002702774313191103,0.002702774313191103,0.02079470448921078,0.011927531094333019,1,1,0.0,5,0.12607401999686066,1.0,-5.0,-42035.59375,11286.043701171875,-2190.04296875,82.613525390625,Live,0.0,0.0,0.0,0.02079470448921078,53321.637451171875,-2107.429443359375,-0.039522969362844634,1,0.0,0.0
2024-01-29,43288.24609375,0.029799801358818767,2317.064208984375,0.02651747163790663,0.003282329720912136,0.003282329720912136,0.022048709586244778,0.015772356956491027,1,1,0.0,5,0.04763068450309182,1.0,-5.0,-43288.24609375,11585.321044921875,-3442.6953125,381.890869140625,Live,0.0,0.0,0.0,0.022048709586244778,54873.567138671875,-3060.804443359375,-0.05577921398155813,1,0.0,0.0
2024-01-30,42952.609375,-0.007753530092744043,2344.49365234375,0.011838016077853064,-0.019591546170597107,0.019591546170597107,0.023020916103913946,0.013512866985337692,0,0,-1.0,5,0.08333721012550331,1.0,-5.0,-42952.609375,11722.46826171875,-3107.05859375,519.0380859375,Closed,-42952.609375,11722.46826171875,-2588.0205078125,0.023020916103913946,54675.07763671875,-2588.0205078125,-0.04733455570028188,1,0.0,0.0
2024-01-31,42582.60546875,-0.00861423582021903,2282.54443359375,-0.02642328277923489,0.017809046959015862,0.017809046959015862,0.015883728520711005,0.019700450797063257,1,0,0.0,5,0.16442090174171822,0.0,0.0,0.0,0.0,0.0,0.0,,0.0,0.0,0.0,0.019700450797063257,0.0,0.0,0.0,0,0.0,0.0
2024-02-01,43075.7734375,0.011581441842771323,2303.82470703125,0.009323048929214206,0.002258392913557117,0.002258392913557117,0.016237498822355707,0.019973903334247096,1,0,0.0,5,0.043053818955967806,0.0,0.0,0.0,0.0,0.0,0.0,,0.0,0.0,0.0,0.019973903334247096,0.0,0.0,0.0,0,0.0,0.0
2024-02-02,43185.859375,0.0025556346111748063,2308.0380859375,0.0018288626271742991,0.0007267719840005071,0.0007267719840005071,0.015898115658192477,0.019526862859609737,1,0,0.0,5,0.038245798164103735,0.0,0.0,0.0,0.0,0.0,0.0,,0.0,0.0,0.0,0.019526862859609737,0.0,0.0,0.0,0,0.0,0.0
2024-02-03,42992.25,-0.0044831659668692625,2296.038330078125,-0.005199115184661651,0.0007159492177923887,0.0007159492177923887,0.008456757020857873,0.015335574388015475,1,0,0.0,5,0.06193463490214154,0.0,0.0,0.0,0.0,0.0,0.0,,0.0,0.0,0.0,0.015335574388015475,0.0,0.0,0.0,0,0.0,0.0
2024-02-04,42583.58203125,-0.009505619472114146,2289.546142578125,-0.002827560592065126,-0.00667805888004902,0.00667805888004902,0.008817415388531877,0.013368993524975316,0,0,0.0,5,0.015993322901088,0.0,0.0,0.0,0.0,0.0,0.0,,0.0,0.0,0.0,0.013368993524975316,0.0,0.0,0.0,0,0.0,0.0
2024-02-05,42658.66796875,0.0017632602500394778,2298.888916015625,0.0040806224708709316,-0.0023173622208314537,0.0023173622208314537,0.007960761947202081,0.0057349036298616944,0,0,0.0,5,0.1247155756598522,0.0,0.0,0.0,0.0,0.0,0.0,,0.0,0.0,0.0,0.007960761947202081,0.0,0.0,0.0,0,0.0,0.0
2024-02-06,43084.671875,0.009986338686479135,2372.201904296875,0.03189061801573012,-0.021904279329250986,0.021904279329250986,0.007412875051056491,0.014956121139940859,0,1,1.0,5,0.17582697524014895,1.0,-5.0,-43084.671875,11861.009521484375,0.0,0.0,Opened,-43084.671875,11861.009521484375,0.0,0.014956121139940859,54945.681396484375,0.0,0.0,0,0.0,54945.681396484375
2024-02-07,44318.22265625,0.028630850081180936,2423.7451171875,0.021728004179265792,0.0069028459019151445,0.0069028459019151445,0.014947518362475773,0.016181179193627153,1,0,-1.0,5,0.04150402398172068,-1.0,5.0,44318.22265625,-12118.7255859375,1233.55078125,-257.716064453125,Closed,44318.22265625,-12118.7255859375,975.834716796875,0.016181179193627153,56436.9482421875,975.834716796875,0.01729070665921343,0,975.834716796875,0.0
2024-02-08,45301.56640625,0.022188248784866804,2419.906494140625,-0.0015837568973957605,0.023772005682262565,0.023772005682262565,0.015346813616745782,0.01539766143810029,1,1,1.0,5,0.0038128599944702544,-1.0,5.0,45301.56640625,-12099.532470703125,0.0,0.0,Opened,45301.56640625,-12099.532470703125,0.0,0.01539766143810029,57401.098876953125,0.0,0.0,0,0.0,57401.098876953125
2024-02-09,47147.19921875,0.040741037427910465,2487.515625,0.02793873689875137,0.012802300529159094,0.012802300529159094,0.015330784875576311,0.014797195100046004,1,1,0.0,5,0.036181336323803014,1.0,-5.0,-47147.19921875,12437.578125,-1845.6328125,338.045654296875,Live,0.0,0.0,0.0,0.015330784875576311,59584.77734375,-1507.587158203125,-0.02530154890914029,1,-1507.587158203125,0.0
2024-02-10,47771.27734375,0.013236801662479536,2501.228271484375,0.005512587075457986,0.0077242145870215495,0.0077242145870215495,0.012367051492257728,0.014500085288270593,1,1,0.0,5,0.021805139827285415,1.0,-5.0,-47771.27734375,12506.141357421875,-2469.7109375,406.60888671875,Live,0.0,0.0,0.0,0.014500085288270593,60277.418701171875,-2063.10205078125,-0.03422678169098738,1,0.0,0.0
2024-02-11,48293.91796875,0.010940478338881565,2507.570556640625,0.002535668266889557,0.008404810071992008,0.008404810071992008,0.012121810607379907,0.01286334414887057,1,1,0.0,5,0.012034189521034203,1.0,-5.0,-48293.91796875,12537.852783203125,-2992.3515625,438.3203125,Live,0.0,0.0,0.0,0.01286334414887057,60831.770751953125,-2554.03125,-0.04198515378443094,1,0.0,0.0
2024-02-12,49958.22265625,0.034461993507690414,2658.115966796875,0.060036360595147054,-0.02557436708745664,0.02557436708745664,0.013027888867090364,0.025692881662650206,0,0,-1.0,5,0.09269171253303944,1.0,-5.0,-49958.22265625,13290.579833984375,-4656.65625,1191.04736328125,Closed,-49958.22265625,13290.579833984375,-3465.60888671875,0.025692881662650206,63248.802490234375,-3465.60888671875,-0.05479327276202329,1,0.0,0.0
2024-02-13,49742.44140625,-0.004319233922406296,2642.185302734375,-0.005993216346274366,0.00167398242386807,0.00167398242386807,0.018396346245959164,0.026629820642115984,1,0,0.0,5,0.07370371951858173,0.0,0.0,0.0,0.0,0.0,0.0,,0.0,0.0,0.0,0.026629820642115984,0.0,0.0,0.0,0,0.0,0.0
2024-02-14,51826.6953125,0.041900916949929146,2777.90234375,0.05136545149773286,-0.009464534547803716,0.009464534547803716,0.018742892710425677,0.030581937729932066,0,0,0.0,5,0.06570690933658366,0.0,0.0,0.0,0.0,0.0,0.0,,0.0,0.0,0.0,0.030581937729932066,0.0,0.0,0.0,0,0.0,0.0
2024-02-15,51938.5546875,0.0021583350882306007,2824.37890625,0.016730812227639058,-0.014572477139408457,0.014572477139408457,0.020226686435777783,0.029395014915200468,0,0,0.0,5,0.421532683322528,0.0,0.0,0.0,0.0,0.0,0.0,,0.0,0.0,0.0,0.029395014915200468,0.0,0.0,0.0,0,0.0,0.0
2024-02-16,52160.203125,0.004267512618200353,2803.69140625,-0.007324619212465078,0.01159213183066543,0.01159213183066543,0.02093650189742194,0.03152687672435792,1,0,0.0,5,0.09225739218503681,0.0,0.0,0.0,0.0,0.0,0.0,,0.0,0.0,0.0,0.03152687672435792,0.0,0.0,0.0,0,0.0,0.0
2024-02-17,51662.99609375,-0.009532306269177337,2786.672607421875,-0.006070139812886177,-0.0034621664562911603,0.0034621664562911603,0.020312369012814364,0.02534879435308994,0,0,0.0,5,0.0343484438802302,0.0,0.0,0.0,0.0,0.0,0.0,,0.0,0.0,0.0,0.02534879435308994,0.0,0.0,0.0,0,0.0,0.0
2024-02-18,52122.546875,0.008895163192163213,2878.998046875,0.03313106792926823,-0.02423590473710502,0.02423590473710502,0.01932411514981226,0.0253159131205848,0,0,0.0,5,0.2057298249046414,0.0,0.0,0.0,0.0,0.0,0.0,,0.0,0.0,0.0,0.0253159131205848,0.0,0.0,0.0,0,0.0,0.0
2024-02-19,51779.14453125,-0.006588364620277343,2943.57470703125,0.022430254937596983,-0.029018619557874326,0.029018619557874326,0.00768338340956842,0.01787051019756607,0,1,1.0,5,0.19354269091072088,1.0,-5.0,-51779.14453125,14717.87353515625,0.0,0.0,Opened,-51779.14453125,14717.87353515625,0.0,0.01787051019756607,66497.01806640625,0.0,0.0,0,0.0,66497.01806640625
2024-02-20,52284.875,0.009767068832988945,3013.503662109375,0.02375647368863687,-0.013989404855647924,0.013989404855647924,0.008912490390625593,0.018617742272718944,0,1,0.0,5,0.14018881907633077,-1.0,5.0,52284.875,-15067.518310546875,505.73046875,-349.644775390625,Live,0.0,0.0,0.0,0.018617742272718944,67352.39331054688,156.085693359375,0.002317448359105795,0,0.0,0.0
2024-02-21,51839.1796875,-0.008524364120598982,2970.35546875,-0.014318281375232278,0.005793917254633296,0.005793917254633296,0.0096733780337068,0.02069105823458886,1,0,-1.0,5,0.09624522786339741,-1.0,5.0,51839.1796875,-14851.77734375,60.03515625,-133.90380859375,Closed,51839.1796875,-14851.77734375,-73.86865234375,0.02069105823458886,66690.95703125,-73.86865234375,-0.0011076262154873064,0,-73.86865234375,0.0
2024-02-22,51304.97265625,-0.010305082651198116,2971.00732421875,0.0002194536901753974,-0.010524536341373514,0.010524536341373514,0.009844516897305117,0.019490463066432744,0,0,0.0,5,0.00123320611802688,0.0,0.0,0.0,0.0,0.0,0.0,,0.0,0.0,0.0,0.019490463066432744,0.0,0.0,0.0,0,0.0,0.0
2024-02-23,50731.94921875,-0.011168964874795462,2921.658203125,-0.01661023205546175,0.005441267180666287,0.005441267180666287,0.008639272670098836,0.019368375527235575,1,0,0.0,5,0.08564669984447867,0.0,0.0,0.0,0.0,0.0,0.0,,0.0,0.0,0.0,0.019368375527235575,0.0,0.0,0.0,0,0.0,0.0
2024-02-24,51571.1015625,0.016540904827679226,2992.385986328125,0.02420809632265497,-0.007667191494975745,0.007667191494975745,0.012941006414534472,0.01982304588820569,0,0,0.0,5,0.08492050732861281,0.0,0.0,0.0,0.0,0.0,0.0,,0.0,0.0,0.0,0.01982304588820569,0.0,0.0,0.0,0,0.0,0.0
2024-02-25,51733.23828125,0.003143945229742817,3112.697265625,0.04020580227502868,-0.03706185704528586,0.03706185704528586,0.011893457256809688,0.02478051846747208,0,1,1.0,5,0.7694510219810052,4.0,-5.0,-206932.953125,15563.486328125,0.0,0.0,Opened,-206932.953125,15563.486328125,0.0,0.02478051846747208,222496.439453125,0.0,0.0,0,0.0,222496.439453125
2024-02-26,54522.40234375,0.053914352844811164,3178.99365234375,0.021298694046122835,0.03261565879868833,0.03261565879868833,0.026822460303930814,0.022198074320204493,1,0,-1.0,5,0.02303367612030539,-4.0,5.0,218089.609375,-15894.96826171875,11156.65625,-331.48193359375,Closed,218089.609375,-15894.96826171875,10825.17431640625,0.026822460303930814,233984.57763671875,10825.17431640625,0.04626447788030401,0,10825.17431640625,0.0
2024-02-27,57085.37109375,0.04700762695380023,3244.519287109375,0.0206120684504405,0.02639555850335973,0.02639555850335973,0.027970416857246196,0.020899726382221387,1,0,0.0,5,0.024921764050926255,0.0,0.0,0.0,0.0,0.0,0.0,,0.0,0.0,0.0,0.027970416857246196,0.0,0.0,0.0,0,0.0,0.0
2024-02-28,62504.7890625,0.09493531994124749,3385.703857421875,0.04351478842287437,0.051420531518373114,0.051420531518373114,0.03578055220063245,0.011002214358827608,1,1,1.0,5,0.024828171256306653,-1.0,5.0,62504.7890625,-16928.519287109375,0.0,0.0,Opened,62504.7890625,-16928.519287109375,0.0,0.03578055220063245,79433.30834960938,0.0,0.0,0,0.0,79433.30834960938
2024-02-29,61198.3828125,-0.020900898468654838,3341.919677734375,-0.012932076026531347,-0.007968822442123491,0.007968822442123491,0.045365115095474626,0.022447428903235214,0,0,-1.0,5,0.03378775645995026,1.0,-5.0,-61198.3828125,16709.598388671875,1306.40625,-218.9208984375,Closed,-61198.3828125,16709.598388671875,1087.4853515625,0.045365115095474626,77907.98120117188,1087.4853515625,0.01395858723067698,0,1087.4853515625,0.0
2024-03-01,62440.6328125,0.020298739001094468,3435.053955078125,0.02786849665007196,-0.007569757648977493,0.007569757648977493,0.04287528952709837,0.020624107101010824,0,0,0.0,5,0.07552848079810409,0.0,0.0,0.0,0.0,0.0,0.0,,0.0,0.0,0.0,0.04287528952709837,0.0,0.0,0.0,0,0.0,0.0
2024-03-02,62029.84765625,-0.006578811548619723,3422.0498046875,-0.003785719397915277,-0.002793092150704446,0.002793092150704446,0.04605008430731477,0.02314776119777093,0,0,0.0,5,0.03174582265024801,0.0,0.0,0.0,0.0,0.0,0.0,,0.0,0.0,0.0,0.04605008430731477,0.0,0.0,0.0,0,0.0,0.0
2024-03-03,63167.37109375,0.01833832389535761,3490.99365234375,0.020146944548209422,-0.0018086206528518112,0.0018086206528518112,0.04469352630310552,0.02312076713303203,0,0,0.0,5,0.06071637133715178,0.0,0.0,0.0,0.0,0.0,0.0,,0.0,0.0,0.0,0.04469352630310552,0.0,0.0,0.0,0,0.0,0.0
2024-03-04,68330.4140625,0.08173591649219114,3630.433837890625,0.039942835603055116,0.041793080889136025,0.041793080889136025,0.039317265267414574,0.022048308441521825,1,1,1.0,5,0.025963930038097927,-1.0,5.0,68330.4140625,-18152.169189453125,0.0,0.0,Opened,68330.4140625,-18152.169189453125,0.0,0.039317265267414574,86482.58325195312,0.0,0.0,0,0.0,86482.58325195312
2024-03-05,63801.19921875,-0.06628402455760396,3554.964599609375,-0.02078793930730316,-0.0454960852503008,0.0454960852503008,0.05341933850008377,0.0246014772216127,0,0,-1.0,5,0.017474671048928116,1.0,-5.0,-63801.19921875,17774.822998046875,4529.21484375,-377.34619140625,Closed,-63801.19921875,17774.822998046875,4151.86865234375,0.05341933850008377,81576.02221679688,4151.86865234375,0.05089569875458896,0,4151.86865234375,0.0
2024-03-06,66106.8046875,0.03613733749494208,3819.226318359375,0.07433596350833915,-0.038198626013397075,0.038198626013397075,0.0546744944772032,0.037283169592971926,0,0,0.0,5,0.11884257461724466,0.0,0.0,0.0,0.0,0.0,0.0,,0.0,0.0,0.0,0.0546744944772032,0.0,0.0,0.0,0,0.0,0.0
2024-03-07,66925.484375,0.012384196927533564,3874.34765625,0.01443259270225794,-0.0020483957747243764,0.0020483957747243764,0.053653650221821905,0.034954247931279346,0,0,0.0,5,0.06746578405575533,0.0,0.0,0.0,0.0,0.0,0.0,,0.0,0.0,0.0,0.053653650221821905,0.0,0.0,0.0,0,0.0,0.0
2024-03-08,68300.09375,0.020539401213709896,3892.06103515625,0.0045719642318817755,0.01596743698182812,0.01596743698182812,0.0536819123368176,0.0362338337710598,1,0,0.0,5,0.01268450103109731,0.0,0.0,0.0,0.0,0.0,0.0,,0.0,0.0,0.0,0.0536819123368176,0.0,0.0,0.0,0,0.0,0.0
2024-03-09,68498.8828125,0.0029105240064184468,3915.4189453125,0.006001424424042279,-0.003090900417623832,0.003090900417623832,0.0396128646242505,0.03531659389593684,0,0,0.0,5,0.11786311235959405,0.0,0.0,0.0,0.0,0.0,0.0,,0.0,0.0,0.0,0.0396128646242505,0.0,0.0,0.0,0,0.0,0.0
2024-03-10,69019.7890625,0.007604594828588107,3881.193115234375,-0.00874129449649308,0.016345889325081187,0.016345889325081187,0.013047737547555154,0.0325029606915182,1,0,0.0,5,0.06463850403359317,0.0,0.0,0.0,0.0,0.0,0.0,,0.0,0.0,0.0,0.0325029606915182,0.0,0.0,0.0,0,0.0,0.0
2024-03-11,72123.90625,0.04497430707429584,4066.445068359375,0.047730671374699885,-0.002756364300404046,0.002756364300404046,0.016589545508521163,0.021217715053450274,0,0,0.0,5,0.05983685128114459,0.0,0.0,0.0,0.0,0.0,0.0,,0.0,0.0,0.0,0.021217715053450274,0.0,0.0,0.0,0,0.0,0.0
2024-03-12,71481.2890625,-0.008909905479502545,3980.273193359375,-0.021190960052674845,0.012281054573172301,0.012281054573172301,0.020550260330868538,0.025978895714154522,1,0,0.0,5,0.13243355639918455,0.0,0.0,0.0,0.0,0.0,0.0,,0.0,0.0,0.0,0.025978895714154522,0.0,0.0,0.0,0,0.0,0.0
2024-03-13,73083.5,0.022414410239567806,4006.45703125,0.006578402189656218,0.015836008049911587,0.015836008049911587,0.02072889901509116,0.025973106008445632,1,0,0.0,5,0.016089192842125358,0.0,0.0,0.0,0.0,0.0,0.0,,0.0,0.0,0.0,0.025973106008445632,0.0,0.0,0.0,0,0.0,0.0
2024-03-14,71396.59375,-0.0230819028918976,3883.140380859375,-0.030779476587110888,0.007697573695213289,0.007697573695213289,0.02657658150119194,0.030765795767608566,1,0,0.0,5,0.07252624943725876,0.0,0.0,0.0,0.0,0.0,0.0,,0.0,0.0,0.0,0.030765795767608566,0.0,0.0,0.0,0,0.0,0.0
2024-03-15,69403.7734375,-0.027911980219644583,3735.22021484375,-0.03809292261097419,0.010180942391329606,0.010180942391329606,0.031245513870594484,0.035047547333000764,1,0,0.0,5,0.07344914990146356,0.0,0.0,0.0,0.0,0.0,0.0,,0.0,0.0,0.0,0.035047547333000764,0.0,0.0,0.0,0,0.0,0.0
2024-03-16,65315.1171875,-0.05891115205258901,3522.860107421875,-0.05685343706857138,-0.0020577149840176334,0.0020577149840176334,0.02960386996095419,0.023367281765729192,0,0,0.0,5,0.05205241655167947,0.0,0.0,0.0,0.0,0.0,0.0,,0.0,0.0,0.0,0.02960386996095419,0.0,0.0,0.0,0,0.0,0.0
2024-03-17,68390.625,0.04708722796395115,3642.4130859375,0.03393634003909307,0.013150887924858079,0.013150887924858079,0.042354169344887,0.03665216460088887,1,0,0.0,5,0.03838437765365523,0.0,0.0,0.0,0.0,0.0,0.0,,0.0,0.0,0.0,0.042354169344887,0.0,0.0,0.0,0,0.0,0.0
2024-03-18,67548.59375,-0.0123120859035869,3517.985107421875,-0.0341608641249429,0.021848778221356002,0.021848778221356002,0.038801646376557905,0.03455684229265861,1,0,0.0,5,0.1445023451773427,0.0,0.0,0.0,0.0,0.0,0.0,,0.0,0.0,0.0,0.038801646376557905,0.0,0.0,0.0,0,0.0,0.0
2024-03-19,61912.7734375,-0.08343356981432348,3157.6181640625,-0.10243560798455653,0.01900203817023305,0.01900203817023305,0.04977074171415097,0.04920724677166063,1,0,0.0,5,0.06261659912199338,0.0,0.0,0.0,0.0,0.0,0.0,,0.0,0.0,0.0,0.04977074171415097,0.0,0.0,0.0,0,0.0,0.0
2024-03-20,67913.671875,0.09692504638897836,3513.39306640625,0.11267192037115104,-0.01574687398217267,0.01574687398217267,0.07445180035419109,0.08411322804849548,0,0,0.0,5,0.06013803130326903,0.0,0.0,0.0,0.0,0.0,0.0,,0.0,0.0,0.0,0.08411322804849548,0.0,0.0,0.0,0,0.0,0.0
2024-03-21,65491.390625,-0.03566706353999505,3492.9912109375,-0.0058068810073729216,-0.029860182532622126,0.029860182532622126,0.0706484418616949,0.07990124976223015,0,0,0.0,5,0.008683380899339612,0.0,0.0,0.0,0.0,0.0,0.0,,0.0,0.0,0.0,0.07990124976223015,0.0,0.0,0.0,0,0.0,0.0
2024-03-22,63778.76171875,-0.02615044343853401,3333.68798828125,-0.04560653406668436,0.019456090628150347,0.019456090628150347,0.06657289525869195,0.0795824949800136,1,0,0.0,5,0.0911584386770864,0.0,0.0,0.0,0.0,0.0,0.0,,0.0,0.0,0.0,0.0795824949800136,0.0,0.0,0.0,0,0.0,0.0
2024-03-23,64062.203125,0.004444134671348854,3336.593994140625,0.0008717090110383907,0.003572425660310463,0.003572425660310463,0.06698178200344153,0.07902143089791495,1,0,0.0,5,0.010216116058670378,0.0,0.0,0.0,0.0,0.0,0.0,,0.0,0.0,0.0,0.07902143089791495,0.0,0.0,0.0,0,0.0,0.0
2024-03-24,67234.171875,0.04951388799118828,3454.636474609375,0.035378137308897495,0.014135750682290782,0.014135750682290782,0.055306623243986885,0.0594967104253788,1,0,0.0,5,0.03671302984344757,0.0,0.0,0.0,0.0,0.0,0.0,,0.0,0.0,0.0,0.0594967104253788,0.0,0.0,0.0,0,0.0,0.0
2024-03-25,69958.8125,0.04052464020923141,3590.8837890625,0.039438972943898865,0.001085667265332546,0.001085667265332546,0.03826292112725047,0.03465408283958308,1,0,0.0,5,0.04995343417782677,0.0,0.0,0.0,0.0,0.0,0.0,,0.0,0.0,0.0,0.03826292112725047,0.0,0.0,0.0,0,0.0,0.0
2024-03-26,69987.8359375,0.00041486463910467286,3587.5048828125,-0.0009409678643157449,0.0013558325034204177,0.0013558325034204177,0.031033882258265606,0.034346772620711584,1,0,0.0,5,0.11626213879325972,0.0,0.0,0.0,0.0,0.0,0.0,,0.0,0.0,0.0,0.034346772620711584,0.0,0.0,0.0,0,0.0,0.0
2024-03-27,69455.34375,-0.007608353371227561,3500.115234375,-0.024359450730277232,0.01675109735904967,0.01675109735904967,0.02572839418989578,0.02689923390599814,1,0,0.0,5,0.16134425048272355,0.0,0.0,0.0,0.0,0.0,0.0,,0.0,0.0,0.0,0.02689923390599814,0.0,0.0,0.0,0,0.0,0.0
2024-03-28,70744.953125,0.018567460837021654,3561.2939453125,0.017479056214108946,0.0010884046229127087,0.0010884046229127087,0.024697076143143613,0.026500683039599075,1,0,0.0,5,0.04738903015749049,0.0,0.0,0.0,0.0,0.0,0.0,,0.0,0.0,0.0,0.026500683039599075,0.0,0.0,0.0,0,0.0,0.0
2024-03-29,69892.828125,-0.01204502883045766,3511.80615234375,-0.013896014686989755,0.0018509858565320947,0.0018509858565320947,0.021636065469146558,0.025423937959665237,1,0,0.0,5,0.05796693557044052,0.0,0.0,0.0,0.0,0.0,0.0,,0.0,0.0,0.0,0.025423937959665237,0.0,0.0,0.0,0,0.0,0.0
2024-03-30,69645.3046875,-0.0035414711944022903,3507.9443359375,-0.0010996667352133338,-0.0024418044591889565,0.0024418044591889565,0.011799209879019766,0.015731899599772527,0,0,0.0,5,0.01564005315992477,0.0,0.0,0.0,0.0,0.0,0.0,,0.0,0.0,0.0,0.015731899599772527,0.0,0.0,0.0,0,0.0,0.0
2024-03-31,71333.6484375,0.02424203264779501,3647.8564453125,0.03988435846648297,-0.015642325818687963,0.015642325818687963,0.016363004816031073,0.025588626084096525,0,0,0.0,5,0.08413503528165076,0.0,0.0,0.0,0.0,0.0,0.0,,0.0,0.0,0.0,0.025588626084096525,0.0,0.0,0.0,0,0.0,0.0
2024-04-01,69702.1484375,-0.022871394296192005,3505.030029296875,-0.03915351882861429,0.016282124532422282,0.016282124532422282,0.020058445107821166,0.030089532022411936,1,0,0.0,5,0.08608425727394131,0.0,0.0,0.0,0.0,0.0,0.0,,0.0,0.0,0.0,0.030089532022411936,0.0,0.0,0.0,0,0.0,0.0
2024-04-02,65446.97265625,-0.061047985989492126,3277.234619140625,-0.0649910010049034,0.0039430150154112775,0.0039430150154112775,0.031073818569934845,0.03964089134475922,1,0,0.0,5,0.053308916632780305,0.0,0.0,0.0,0.0,0.0,0.0,,0.0,0.0,0.0,0.03964089134475922,0.0,0.0,0.0,0,0.0,0.0
2024-04-03,65980.8125,0.008156830210526378,3311.44189453125,0.010437847565395009,-0.0022810173548686308,0.0022810173548686308,0.0328266080962888,0.041395843505338176,0,0,0.0,5,0.06422276619878751,0.0,0.0,0.0,0.0,0.0,0.0,,0.0,0.0,0.0,0.041395843505338176,0.0,0.0,0.0,0,0.0,0.0
2024-04-04,68508.84375,0.038314642609167615,3330.04052734375,0.00561647566373269,0.032698166945434926,0.032698166945434926,0.039803580582438505,0.04190263474153218,1,0,0.0,5,0.0071252807929571985,0.0,0.0,0.0,0.0,0.0,0.0,,0.0,0.0,0.0,0.04190263474153218,0.0,0.0,0.0,0,0.0,0.0
2024-04-05,67837.640625,-0.009797320875087778,3318.88525390625,-0.0033498911937862585,-0.00644742968130152,0.00644742968130152,0.03685806615893604,0.03254337700924842,0,0,0.0,5,0.016728032816767113,0.0,0.0,0.0,0.0,0.0,0.0,,0.0,0.0,0.0,0.03685806615893604,0.0,0.0,0.0,0,0.0,0.0
2024-04-06,68896.109375,0.015602971156545964,3354.183837890625,0.010635674717235144,0.00496729643931082,0.00496729643931082,0.03736795722542594,0.03217803451733974,1,0,0.0,5,0.033185617643446755,0.0,0.0,0.0,0.0,0.0,0.0,,0.0,0.0,0.0,0.03736795722542594,0.0,0.0,0.0,0,0.0,0.0
2024-04-07,69362.5546875,0.006770270726916605,3453.49462890625,0.02960803456678729,-0.022837763839870684,0.022837763839870684,0.017482159082414333,0.012049557932283083,0,1,1.0,5,0.2177395135621573,2.0,-5.0,-138725.109375,17267.47314453125,0.0,0.0,Opened,-138725.109375,17267.47314453125,0.0,0.017482159082414333,155992.58251953125,0.0,0.0,0,0.0,155992.58251953125
2024-04-08,71631.359375,0.03270935878474601,3695.292724609375,0.07001548335394525,-0.03730612456919924,0.03730612456919924,0.019528193440516553,0.029164523243270325,0,1,0.0,5,0.11042507800818914,-2.0,5.0,143262.71875,-18476.463623046875,4537.609375,-1208.990478515625,Live,0.0,0.0,0.0,0.029164523243270325,161739.18237304688,3328.618896484375,0.020580163987765247,0,0.0,0.0
2024-04-09,69139.015625,-0.03479403115822832,3505.163330078125,-0.051451781685670994,0.016657750527442672,0.016657750527442672,0.02570890053912438,0.0445402107846734,1,0,-1.0,5,0.07496883081979933,-2.0,5.0,138278.03125,-17525.816650390625,-447.078125,-258.343505859375,Closed,138278.03125,-17525.816650390625,-705.421630859375,0.0445402107846734,155803.84790039062,-705.421630859375,-0.004527626501948585,0,-705.421630859375,0.0
2024-04-10,70587.8828125,0.0209558550176423,3543.737060546875,0.011004831112360725,0.009951023905281575,0.009951023905281575,0.02582994086120915,0.04383367288657252,1,0,0.0,5,0.02636388030840663,0.0,0.0,0.0,0.0,0.0,0.0,,0.0,0.0,0.0,0.04383367288657252,0.0,0.0,0.0,0,0.0,0.0
2024-04-11,70060.609375,-0.007469744331340511,3505.247802734375,-0.010861205883757163,0.0033914615524166525,0.0033914615524166525,0.02624531415355807,0.04527219546590556,1,0,0.0,5,0.07274734103081644,0.0,0.0,0.0,0.0,0.0,0.0,,0.0,0.0,0.0,0.04527219546590556,0.0,0.0,0.0,0,0.0,0.0
2024-04-12,67195.8671875,-0.04088948430588779,3243.034912109375,-0.07480580700184813,0.033916322695960344,0.033916322695960344,0.03268605456363855,0.056469077193092354,1,0,0.0,5,0.0882943146951046,0.0,0.0,0.0,0.0,0.0,0.0,,0.0,0.0,0.0,0.056469077193092354,0.0,0.0,0.0,0,0.0,0.0
2024-04-13,63821.47265625,-0.05021729270691988,3004.900390625,-0.07342952756850973,0.023212234861589853,0.023212234861589853,0.029033959063624337,0.03844034748002661,1,0,0.0,5,0.06884631467472141,0.0,0.0,0.0,0.0,0.0,0.0,,0.0,0.0,0.0,0.03844034748002661,0.0,0.0,0.0,0,0.0,0.0
2024-04-14,65738.7265625,0.03004089104268326,3156.94189453125,0.050597851556279494,-0.020556960513596234,0.020556960513596234,0.035841175639676315,0.054511486179808145,0,0,0.0,5,0.08088436269307171,0.0,0.0,0.0,0.0,0.0,0.0,,0.0,0.0,0.0,0.054511486179808145,0.0,0.0,0.0,0,0.0,0.0
2024-04-15,63426.2109375,-0.03517737178558533,3101.600341796875,-0.01753011445356112,-0.017647257332024213,0.017647257332024213,0.0325505328450529,0.051953261960657734,0,0,0.0,5,0.024369040577311315,0.0,0.0,0.0,0.0,0.0,0.0,,0.0,0.0,0.0,0.051953261960657734,0.0,0.0,0.0,0,0.0,0.0
2024-04-16,63811.86328125,0.006080330797783695,3084.920166015625,-0.005377925568445963,0.011458256366229658,0.011458256366229658,0.034440995837373777,0.05238780686765196,1,0,0.0,5,0.04275925040396927,0.0,0.0,0.0,0.0,0.0,0.0,,0.0,0.0,0.0,0.05238780686765196,0.0,0.0,0.0,0,0.0,0.0
2024-04-17,61276.69140625,-0.03972884891052719,2984.7275390625,-0.03247819118850337,-0.007250657722023823,0.007250657722023823,0.034251822524066236,0.045054105800793734,0,0,0.0,5,0.039819448134317884,0.0,0.0,0.0,0.0,0.0,0.0,,0.0,0.0,0.0,0.045054105800793734,0.0,0.0,0.0,0,0.0,0.0
2024-04-18,63512.75390625,0.03649124077498622,3066.027587890625,0.027238683519387852,0.00925255725559837,0.00925255725559837,0.03565744265513561,0.03388342195050842,1,0,0.0,5,0.03603401022277882,0.0,0.0,0.0,0.0,0.0,0.0,,0.0,0.0,0.0,0.03565744265513561,0.0,0.0,0.0,0,0.0,0.0
2024-04-19,63843.5703125,0.005208661031110617,3059.278564453125,-0.0022012272375354636,0.007409888268646081,0.007409888268646081,0.031876230568976927,0.02210000878019204,1,0,0.0,5,0.02025072799954047,0.0,0.0,0.0,0.0,0.0,0.0,,0.0,0.0,0.0,0.031876230568976927,0.0,0.0,0.0,0,0.0,0.0
2024-04-20,64994.44140625,0.018026421268684478,3157.627197265625,0.032147655318233825,-0.014121234049549347,0.014121234049549347,0.028120429152261643,0.026406893047309372,0,0,0.0,5,0.08664119339916868,0.0,0.0,0.0,0.0,0.0,0.0,,0.0,0.0,0.0,0.028120429152261643,0.0,0.0,0.0,0,0.0,0.0
2024-04-21,64926.64453125,-0.0010431180502996629,3147.28857421875,-0.0032741746890918577,0.002231056638792195,0.002231056638792195,0.028245834536593826,0.026239014980612846,1,0,0.0,5,0.15215351603667385,0.0,0.0,0.0,0.0,0.0,0.0,,0.0,0.0,0.0,0.028245834536593826,0.0,0.0,0.0,0,0.0,0.0
2024-04-22,66837.6796875,0.029433758205850147,3201.652099609375,0.017273130222613897,0.01216062798323625,0.01216062798323625,0.015797207367057715,0.01640053344045769,1,0,0.0,5,0.028111117027171922,0.0,0.0,0.0,0.0,0.0,0.0,,0.0,0.0,0.0,0.01640053344045769,0.0,0.0,0.0,0,0.0,0.0
2024-04-23,66407.2734375,-0.006439574982440521,3219.91162109375,0.0057031560320381924,-0.012142731014478714,0.012142731014478714,0.014599886747388244,0.014890675625352536,0,0,0.0,5,0.042942403790952134,0.0,0.0,0.0,0.0,0.0,0.0,,0.0,0.0,0.0,0.014890675625352536,0.0,0.0,0.0,0,0.0,0.0
2024-04-24,64276.8984375,-0.03208044676017341,3139.80517578125,-0.024878460883124842,-0.007201985877048567,0.007201985877048567,0.023719910540954656,0.021497247063314014,0,0,0.0,5,0.0378818246798916,0.0,0.0,0.0,0.0,0.0,0.0,,0.0,0.0,0.0,0.023719910540954656,0.0,0.0,0.0,0,0.0,0.0
2024-04-25,64481.70703125,0.0031863484195515657,3156.509521484375,0.005320185415315981,-0.0021338369957644154,0.0021338369957644154,0.022014592217503435,0.015722955251079303,0,0,0.0,5,0.08173425017423674,0.0,0.0,0.0,0.0,0.0,0.0,,0.0,0.0,0.0,0.022014592217503435,0.0,0.0,0.0,0,0.0,0.0
2024-04-26,63755.3203125,-0.011265004482557628,3130.164794921875,-0.008346157799679732,-0.002918846682877896,0.002918846682877896,0.02244490789509257,0.016147215151542472,0,0,0.0,5,0.036375250543234365,0.0,0.0,0.0,0.0,0.0,0.0,,0.0,0.0,0.0,0.02244490789509257,0.0,0.0,0.0,0,0.0,0.0
2024-04-27,63419.140625,-0.005272966802647994,3252.168212890625,0.03897667565831631,-0.0442496424609643,0.0442496424609643,0.013203664345155793,0.02351767938399678,0,1,1.0,5,0.3790551538638254,2.0,-5.0,-126838.28125,16260.841064453125,0.0,0.0,Opened,-126838.28125,16260.841064453125,0.0,0.02351767938399678,143099.12231445312,0.0,0.0,0,0.0,143099.12231445312
2024-04-28,63113.23046875,-0.004823625063903991,3262.774658203125,0.0032613458524253236,-0.008084970916329315,0.008084970916329315,0.01334309535382058,0.023482055971214385,0,1,0.0,5,0.03495344479480334,-2.0,5.0,126226.4609375,-16313.873291015625,-611.8203125,-53.0322265625,Live,0.0,0.0,0.0,0.023482055971214385,142540.33422851562,-664.8525390625,-0.004664311632640287,0,0.0,0.0
2024-04-29,63841.12109375,0.011533090916022948,3215.428955078125,-0.01451087129353712,0.026043962209560068,0.026043962209560068,0.008836192845628336,0.020714222731283614,1,0,-1.0,5,0.06337036197400397,-2.0,5.0,127682.2421875,-16077.144775390625,843.9609375,183.6962890625,Closed,127682.2421875,-16077.144775390625,1027.6572265625,0.020714222731283614,143759.38696289062,1027.6572265625,0.007148453038602443,0,1027.6572265625,0.0
2024-04-30,60636.85546875,-0.050191249309274655,3012.286865234375,-0.06317729070733402,0.012986041398059367,0.012986041398059367,0.02296557948913639,0.036802813310256914,1,0,0.0,5,0.06253060758813095,0.0,0.0,0.0,0.0,0.0,0.0,,0.0,0.0,0.0,0.036802813310256914,0.0,0.0,0.0,0,0.0,0.0
2024-05-01,58254.01171875,-0.03929695449375714,2969.78466796875,-0.014109611457047588,-0.025187343036709553,0.025187343036709553,0.025965724144748667,0.03687682335090372,0,0,0.0,5,0.01830439093228548,0.0,0.0,0.0,0.0,0.0,0.0,,0.0,0.0,0.0,0.03687682335090372,0.0,0.0,0.0,0,0.0,0.0
2024-05-02,59123.43359375,0.014924669552331737,2988.16845703125,0.0061902767768931,0.008734392775438637,0.008734392775438637,0.02967154582315771,0.027810945571716063,1,0,0.0,5,0.02096287151750417,0.0,0.0,0.0,0.0,0.0,0.0,,0.0,0.0,0.0,0.02967154582315771,0.0,0.0,0.0,0,0.0,0.0
2024-05-03,62889.8359375,0.06370405294167747,3103.5419921875,0.03861011747338838,0.025093935468289086,0.025093935468289086,0.04603608828476104,0.03704162034013753,1,0,0.0,5,0.029909642598677413,0.0,0.0,0.0,0.0,0.0,0.0,,0.0,0.0,0.0,0.04603608828476104,0.0,0.0,0.0,0,0.0,0.0
2024-05-04,63891.47265625,0.015926845790239064,3117.576416015625,0.004522066678476877,0.011404779111762187,0.011404779111762187,0.046348929444005184,0.03736160792441794,1,0,0.0,5,0.013854198176629284,0.0,0.0,0.0,0.0,0.0,0.0,,0.0,0.0,0.0,0.046348929444005184,0.0,0.0,0.0,0,0.0,0.0
2024-05-05,64031.1328125,0.002185896653241981,3137.2490234375,0.006310224609351378,-0.004124327956109397,0.004124327956109397,0.03682278832430891,0.01899721505108736,0,0,0.0,5,0.14144024515178832,0.0,0.0,0.0,0.0,0.0,0.0,,0.0,0.0,0.0,0.03682278832430891,0.0,0.0,0.0,0,0.0,0.0
2024-05-06,63161.94921875,-0.013574390387488533,3062.728759765625,-0.02375337855399917,0.010178988166510639,0.010178988166510639,0.028897691516788525,0.02208106467949758,1,0,0.0,5,0.08485121543341971,0.0,0.0,0.0,0.0,0.0,0.0,,0.0,0.0,0.0,0.028897691516788525,0.0,0.0,0.0,0,0.0,0.0
2024-05-07,62334.81640625,-0.01309542885757653,3006.5771484375,-0.01833385054066039,0.00523842168308386,0.00523842168308386,0.03187540375460889,0.02470092370623677,1,0,0.0,5,0.0675267158884284,0.0,0.0,0.0,0.0,0.0,0.0,,0.0,0.0,0.0,0.03187540375460889,0.0,0.0,0.0,0,0.0,0.0
2024-05-08,61187.94140625,-0.018398626419713127,2973.6572265625,-0.010949302229649516,-0.007449324190063611,0.007449324190063611,0.014207254830382746,0.013456120670040482,0,0,0.0,5,0.028921852452160755,0.0,0.0,0.0,0.0,0.0,0.0,,0.0,0.0,0.0,0.014207254830382746,0.0,0.0,0.0,0,0.0,0.0
2024-05-09,63049.9609375,0.03043115176709965,3036.0205078125,0.0209719132026831,0.00945923856441655,0.00945923856441655,0.019963025001681917,0.018487986698511857,1,0,0.0,5,0.033184825678734514,0.0,0.0,0.0,0.0,0.0,0.0,,0.0,0.0,0.0,0.019963025001681917,0.0,0.0,0.0,0,0.0,0.0
2024-05-10,60792.77734375,-0.035799920573900024,2909.791259765625,-0.041577205332458456,0.005777284758558432,0.005777284758558432,0.02446002133956221,0.022935244722930598,1,0,0.0,5,0.055588260166522546,0.0,0.0,0.0,0.0,0.0,0.0,,0.0,0.0,0.0,0.02446002133956221,0.0,0.0,0.0,0,0.0,0.0
2024-05-11,60793.7109375,1.5356984674586016e-05,2911.60205078125,0.0006223095933592937,-0.0006069526086847077,0.0006069526086847077,0.02472924428472438,0.02312714472875783,0,0,0.0,5,1.9407692725989987,0.0,0.0,0.0,0.0,0.0,0.0,,0.0,0.0,0.0,0.02472924428472438,0.0,0.0,0.0,0,0.0,0.0
2024-05-12,61448.39453125,0.010768936188532141,2928.701904296875,0.005873005038939505,0.004895931149592636,0.004895931149592636,0.025634238821283087,0.023439594297275265,1,0,0.0,5,0.025992748159924972,0.0,0.0,0.0,0.0,0.0,0.0,,0.0,0.0,0.0,0.025634238821283087,0.0,0.0,0.0,0,0.0,0.0
2024-05-13,62901.44921875,0.023646747788683697,2949.359619140625,0.007053539594945368,0.01659320819373833,0.01659320819373833,0.02604757705554285,0.023680996398476914,1,0,0.0,5,0.013986297688434991,0.0,0.0,0.0,0.0,0.0,0.0,,0.0,0.0,0.0,0.02604757705554285,0.0,0.0,0.0,0,0.0,0.0
2024-05-14,61552.7890625,-0.02144084393922019,2881.157958984375,-0.023124226599441355,0.0016833826602211666,0.0016833826602211666,0.024043846965898116,0.021358303397908455,1,0,0.0,5,0.05048294398018187,0.0,0.0,0.0,0.0,0.0,0.0,,0.0,0.0,0.0,0.024043846965898116,0.0,0.0,0.0,0,0.0,0.0
2024-05-15,66267.4921875,0.07659609250545496,3037.056640625,0.05410973083044013,0.022486361675014832,0.022486361675014832,0.03673101354815187,0.028064937590980034,1,0,0.0,5,0.0323758451731491,0.0,0.0,0.0,0.0,0.0,0.0,,0.0,0.0,0.0,0.03673101354815187,0.0,0.0,0.0,0,0.0,0.0
2024-05-16,65231.58203125,-0.01563225228621834,2945.131103515625,-0.030267969283067964,0.014635716996849624,0.014635716996849624,0.039219865717032475,0.033263174902448976,1,0,0.0,5,0.08741952654216602,0.0,0.0,0.0,0.0,0.0,0.0,,0.0,0.0,0.0,0.039219865717032475,0.0,0.0,0.0,0,0.0,0.0
2024-05-17,67051.875,0.02790508695432159,3094.11865234375,0.050587747570991715,-0.022682660616670125,0.022682660616670125,0.03952839510151425,0.039706627256372404,0,0,0.0,5,0.08365424805420274,0.0,0.0,0.0,0.0,0.0,0.0,,0.0,0.0,0.0,0.039706627256372404,0.0,0.0,0.0,0,0.0,0.0
2024-05-18,66940.8046875,-0.0016564833198177142,3122.948974609375,0.009317781735288744,-0.010974265055106458,0.010974265055106458,0.040271874898383256,0.03965366587008247,0,0,0.0,5,0.26242150737439646,0.0,0.0,0.0,0.0,0.0,0.0,,0.0,0.0,0.0,0.040271874898383256,0.0,0.0,0.0,0,0.0,0.0
2024-05-19,66278.3671875,-0.009895869986810912,3071.843017578125,-0.0163646468279689,0.006468776841157986,0.006468776841157986,0.03806285668947178,0.0382415733151176,1,0,0.0,5,0.07664430198522157,0.0,0.0,0.0,0.0,0.0,0.0,,0.0,0.0,0.0,0.0382415733151176,0.0,0.0,0.0,0,0.0,0.0
2024-05-20,71448.1953125,0.07800174241430358,3663.85546875,0.19272223475749883,-0.11472049234319526,0.11472049234319526,0.03862825224391971,0.09011791229412694,0,1,1.0,5,0.12669940887106979,1.0,-5.0,-71448.1953125,18319.27734375,0.0,0.0,Opened,-71448.1953125,18319.27734375,0.0,0.09011791229412694,89767.47265625,0.0,0.0,0,0.0,89767.47265625
2024-05-21,70136.53125,-0.018358253231772315,3789.312744140625,0.03424187347472718,-0.052600126706499495,0.052600126706499495,0.039196869014661025,0.08153759653635118,0,1,0.0,5,0.10077256880856844,-1.0,5.0,70136.53125,-18946.563720703125,-1311.6640625,-627.286376953125,Live,0.0,0.0,0.0,0.08153759653635118,89083.09497070312,-1938.950439453125,-0.021765638475973362,0,0.0,0.0
2024-05-22,69122.3359375,-0.01446030042296964,3737.2177734375,-0.013747867811565229,-0.0007124326114044122,0.0007124326114044122,0.04032636585053266,0.08711605764150587,0,1,0.0,5,0.0514029484980858,-1.0,5.0,69122.3359375,-18686.0888671875,-2325.859375,-366.8115234375,Live,0.0,0.0,0.0,0.08711605764150587,87808.4248046875,-2692.6708984375,-0.030665290994876797,0,0.0,0.0
2024-05-23,67929.5625,-0.017255976976508713,3776.92724609375,0.010625410415868064,-0.027881387392376777,0.027881387392376777,0.041716509611084626,0.08699817399259625,0,1,0.0,5,0.03423623218972157,-1.0,5.0,67929.5625,-18884.63623046875,-3518.6328125,-565.35888671875,Live,0.0,0.0,0.0,0.08699817399259625,86814.19873046875,-4083.99169921875,-0.04704290034281468,0,0.0,0.0
2024-05-24,68526.1015625,0.008781729788116976,3726.9345703125,-0.013236335392203924,0.0220180651803209,0.0220180651803209,0.04103588615755107,0.08648778769396845,1,0,-1.0,5,0.08197537953721455,-1.0,5.0,68526.1015625,-18634.6728515625,-2922.09375,-315.3955078125,Closed,68526.1015625,-18634.6728515625,-3237.4892578125,0.08648778769396845,87160.7744140625,-3237.4892578125,-0.03714387899346342,0,-3237.4892578125,0.0
2024-05-25,69265.9453125,0.010796524727518797,3749.236572265625,0.005984006837891798,0.004812517889626999,0.004812517889626999,0.014590867386294023,0.019821014441732607,1,0,0.0,5,0.030000685375082905,0.0,0.0,0.0,0.0,0.0,0.0,,0.0,0.0,0.0,0.019821014441732607,0.0,0.0,0.0,0,0.0,0.0
2024-05-26,68518.09375,-0.010796814497022966,3825.8974609375,0.020447066274494885,-0.03124388077151785,0.03124388077151785,0.013340938911350431,0.015088940331972922,0,1,1.0,5,0.10574587112401497,1.0,-5.0,-68518.09375,19129.4873046875,0.0,0.0,Opened,-68518.09375,19129.4873046875,0.0,0.015088940331972922,87647.5810546875,0.0,0.0,0,0.0,87647.5810546875
2024-05-27,69394.5546875,0.012791671360530277,3892.0068359375,0.017279442451079374,-0.0044877710905490975,0.0044877710905490975,0.013855711775889377,0.013254571289976804,0,1,0.0,5,0.07576186085681447,-1.0,5.0,69394.5546875,-19460.0341796875,876.4609375,-330.546875,Live,0.0,0.0,0.0,0.013855711775889377,88854.5888671875,545.9140625,0.0061439039835746384,0,0.0,0.0
2024-05-28,68296.21875,-0.015827408107827234,3840.25634765625,-0.013296607756030476,-0.002530800351796758,0.002530800351796758,0.013395764348644637,0.016166760205018196,0,1,0.0,5,0.04723833839755989,-1.0,5.0,68296.21875,-19201.28173828125,-221.875,-71.79443359375,Live,0.0,0.0,0.0,0.016166760205018196,87497.50048828125,-293.66943359375,-0.003356317974284098,0,0.0,0.0
2024-05-29,67578.09375,-0.01051485738366742,3763.196533203125,-0.020066320442424512,0.009551463058757093,0.009551463058757093,0.013426715793378561,0.018100500473399846,1,0,-1.0,5,0.10627113517494234,-1.0,5.0,67578.09375,-18815.982666015625,-940.0,313.504638671875,Closed,67578.09375,-18815.982666015625,-626.495361328125,0.018100500473399846,86394.07641601562,-626.495361328125,-0.007251600888831148,0,-626.495361328125,0.0
2024-05-30,68364.9921875,0.011644282841286824,3746.849609375,-0.0043438931992773044,0.015988176040564128,0.015988176040564128,0.013643520207655864,0.018131381464039878,1,0,0.0,5,0.020445554161429295,0.0,0.0,0.0,0.0,0.0,0.0,,0.0,0.0,0.0,0.018131381464039878,0.0,0.0,0.0,0,0.0,0.0
2024-05-31,67491.4140625,-0.012778150001159894,3760.026611328125,0.0035168216840502087,-0.016294971685210102,0.016294971685210102,0.013968175337763334,0.014595206223566672,0,1,1.0,5,0.015332916045895754,1.0,-5.0,-67491.4140625,18800.133056640625,0.0,0.0,Opened,-67491.4140625,18800.133056640625,0.0,0.014595206223566672,86291.54711914062,0.0,0.0,0,0.0,86291.54711914062
2024-06-01,67706.9375,0.0031933460054698326,3813.198974609375,0.014141485892959826,-0.010948139887489994,0.010948139887489994,0.011749534318465777,0.013511915840997434,0,1,0.0,5,0.24940511957302805,-1.0,5.0,67706.9375,-19065.994873046875,215.5234375,-265.86181640625,Live,0.0,0.0,0.0,0.013511915840997434,86772.93237304688,-50.33837890625,-0.0005801161437052685,0,0.0,0.0
2024-06-02,67751.6015625,0.0006596674454519835,3780.89599609375,-0.00847135927884124,0.009131026724293223,0.009131026724293223,0.010098399176357334,0.012838327857730196,1,0,-1.0,5,0.7166435789924043,-1.0,5.0,67751.6015625,-18904.47998046875,260.1875,-104.346923828125,Closed,67751.6015625,-18904.47998046875,155.840576171875,0.012838327857730196,86656.08154296875,155.840576171875,0.00179838014132454,0,155.840576171875,0.0
2024-06-03,68804.78125,0.015544720172089965,3766.38916015625,-0.0038368778068711418,0.019381597978961107,0.019381597978961107,0.011004858265570442,0.00890929496273988,1,1,1.0,5,0.013511439866714093,-1.0,5.0,68804.78125,-18831.94580078125,0.0,0.0,Opened,68804.78125,-18831.94580078125,0.0,0.011004858265570442,87636.72705078125,0.0,0.0,0,0.0,87636.72705078125
2024-06-04,70567.765625,0.025622992224831664,3812.515869140625,0.01224693121792586,0.013376061006905804,0.013376061006905804,0.014698410234085841,0.009834780726838816,1,1,0.0,5,0.02582276407042435,1.0,-5.0,-70567.765625,19062.579345703125,-1762.984375,230.633544921875,Live,0.0,0.0,0.0,0.014698410234085841,89630.34497070312,-1532.350830078125,-0.017096339756128287,1,-1532.350830078125,0.0
2024-06-05,71082.8203125,0.007298724608017615,3864.260986328125,0.013572433260235606,-0.006273708652217991,0.006273708652217991,0.010181049520243788,0.010813556851870635,0,0,-1.0,5,0.10109101032628583,1.0,-5.0,-71082.8203125,19321.304931640625,-2278.0390625,489.359130859375,Closed,-71082.8203125,19321.304931640625,-1788.679931640625,0.010813556851870635,90404.12524414062,-1788.679931640625,-0.019785379558844355,1,0.0,0.0
2024-06-06,70757.1640625,-0.004581363662391591,3811.60595703125,-0.0136261576231963,0.009044793960804709,0.009044793960804709,0.01200025733534183,0.012312121602080197,1,0,0.0,5,0.16021981298245136,0.0,0.0,0.0,0.0,0.0,0.0,,0.0,0.0,0.0,0.012312121602080197,0.0,0.0,0.0,0,0.0,0.0
2024-06-07,69342.5859375,-0.01999201273457618,3678.629150390625,-0.03488734358684775,0.014895330852271571,0.014895330852271571,0.01773373362993073,0.020068257695879336,1,0,0.0,5,0.09257577516236312,0.0,0.0,0.0,0.0,0.0,0.0,,0.0,0.0,0.0,0.020068257695879336,0.0,0.0,0.0,0,0.0,0.0
2024-06-08,69305.7734375,-0.0005308786729295578,3680.949951171875,0.0006308874002707299,-0.0011617660732002877,0.0011617660732002877,0.016722274577089774,0.020248690128482256,0,0,0.0,5,0.063117105357967,0.0,0.0,0.0,0.0,0.0,0.0,,0.0,0.0,0.0,0.020248690128482256,0.0,0.0,0.0,0,0.0,0.0
2024-06-09,69647.9921875,0.00493781012787653,3705.90380859375,0.006779189544245501,-0.0018413794163689712,0.0018413794163689712,0.010787597077149847,0.019246910111524768,0,0,0.0,5,0.0730514653744814,0.0,0.0,0.0,0.0,0.0,0.0,,0.0,0.0,0.0,0.019246910111524768,0.0,0.0,0.0,0,0.0,0.0
2024-06-10,69512.28125,-0.0019485261992140401,3666.717529296875,-0.010574014146293997,0.008625487947079957,0.008625487947079957,0.009371707846550212,0.016022270367461205,1,0,0.0,5,0.2862526730973569,0.0,0.0,0.0,0.0,0.0,0.0,,0.0,0.0,0.0,0.016022270367461205,0.0,0.0,0.0,0,0.0,0.0
2024-06-11,67332.03125,-0.03136496113771259,3498.33056640625,-0.04592308012417712,0.01455811898646453,0.01455811898646453,0.015278153628411945,0.02276995046904089,1,0,0.0,5,0.0760720962212126,0.0,0.0,0.0,0.0,0.0,0.0,,0.0,0.0,0.0,0.02276995046904089,0.0,0.0,0.0,0,0.0,0.0
2024-06-12,68241.1875,0.013502581655740586,3559.61767578125,0.01751895888957078,-0.004016377233830193,0.004016377233830193,0.016934318479946205,0.024365446594163537,0,0,0.0,5,0.0676781159638872,0.0,0.0,0.0,0.0,0.0,0.0,,0.0,0.0,0.0,0.024365446594163537,0.0,0.0,0.0,0,0.0,0.0
2024-06-13,66756.3984375,-0.021757960505889518,3469.28125,-0.025378125970065946,0.003620165464176428,0.003620165464176428,0.018703617387564084,0.02527170271714093,1,0,0.0,5,0.060616097878766456,0.0,0.0,0.0,0.0,0.0,0.0,,0.0,0.0,0.0,0.02527170271714093,0.0,0.0,0.0,0,0.0,0.0
2024-06-14,66011.09375,-0.011164543099157487,3480.27197265625,0.003168011430681794,-0.014332554529839281,0.014332554529839281,0.01740524798651333,0.02466241154240666,0,0,0.0,5,0.014960359874157076,0.0,0.0,0.0,0.0,0.0,0.0,,0.0,0.0,0.0,0.02466241154240666,0.0,0.0,0.0,0,0.0,0.0
2024-06-15,66191.0,0.0027253941690672523,3565.549560546875,0.024503138996214258,-0.021777744827147005,0.021777744827147005,0.018094344730431634,0.029723621618687652,0,0,0.0,5,0.48430609676290154,0.0,0.0,0.0,0.0,0.0,0.0,,0.0,0.0,0.0,0.029723621618687652,0.0,0.0,0.0,0,0.0,0.0
2024-06-16,66639.046875,0.006768999939568809,3620.5634765625,0.015429295002475696,-0.008660295062906886,0.008660295062906886,0.014264637152187036,0.019691856944944113,0,0,0.0,5,0.1238422864657626,0.0,0.0,0.0,0.0,0.0,0.0,,0.0,0.0,0.0,0.019691856944944113,0.0,0.0,0.0,0,0.0,0.0
2024-06-17,66490.296875,-0.0022321747830370553,3511.37890625,-0.03015678941117861,0.027924614628141553,0.027924614628141553,0.011452025671786959,0.024346772260979848,1,1,1.0,5,0.7134710069052449,-4.0,5.0,265961.1875,-17556.89453125,0.0,0.0,Opened,265961.1875,-17556.89453125,0.0,0.024346772260979848,283518.08203125,0.0,0.0,0,0.0,283518.08203125
2024-06-18,65140.74609375,-0.02029695827328193,3483.681396484375,-0.007887929643914382,-0.012409028629367547,0.012409028629367547,0.010928428812785494,0.021301658205345006,0,0,-1.0,5,0.020783456184907095,4.0,-5.0,-260562.984375,17418.406982421875,5398.203125,-138.487548828125,Closed,-260562.984375,17418.406982421875,5259.715576171875,0.021301658205345006,277981.3913574219,5259.715576171875,0.01892110673483556,0,5259.715576171875,0.0
2024-06-19,64960.296875,-0.0027701435671353414,3559.347412109375,0.021720130807989513,-0.024490274375124854,0.024490274375124854,0.010343005922955156,0.02329386374514107,0,1,1.0,5,0.42961806765796445,3.0,-5.0,-194880.890625,17796.737060546875,0.0,0.0,Opened,-194880.890625,17796.737060546875,0.0,0.02329386374514107,212677.62768554688,0.0,0.0,0,0.0,212677.62768554688
2024-06-20,64828.65625,-0.00202647819256907,3511.0869140625,-0.013558805157003362,0.011532326964434292,0.011532326964434292,0.009874623469133237,0.021351437969208926,1,0,-1.0,5,0.3623715100521015,-3.0,5.0,194485.96875,-17555.4345703125,-394.921875,241.302490234375,Closed,194485.96875,-17555.4345703125,-153.619384765625,0.021351437969208926,212041.4033203125,-153.619384765625,-0.0007244782498140967,0,-153.619384765625,0.0
2024-06-21,64096.19921875,-0.011298352821403679,3516.07568359375,0.0014208618736464285,-0.012719214695050107,0.012719214695050107,0.008031467284629301,0.019152365190093258,0,0,0.0,5,0.006898627026476801,0.0,0.0,0.0,0.0,0.0,0.0,,0.0,0.0,0.0,0.019152365190093258,0.0,0.0,0.0,0,0.0,0.0
2024-06-22,64252.578125,0.0024397531859308152,3494.8134765625,-0.006047141456727134,0.00848689464265795,0.00848689464265795,0.009038831445935914,0.013716978191692868,1,0,0.0,5,0.1348148328191928,0.0,0.0,0.0,0.0,0.0,0.0,,0.0,0.0,0.0,0.013716978191692868,0.0,0.0,0.0,0,0.0,0.0
2024-06-23,63180.796875,-0.01668075089399379,3418.61181640625,-0.02180421377772701,0.005123462883733221,0.005123462883733221,0.00773916482532648,0.016604692774682163,1,0,0.0,5,0.07072769827355394,0.0,0.0,0.0,0.0,0.0,0.0,,0.0,0.0,0.0,0.016604692774682163,0.0,0.0,0.0,0,0.0,0.0
2024-06-24,60277.4140625,-0.04595356431233677,3350.25634765625,-0.019995095208515723,-0.025958469103821047,0.025958469103821047,0.01901755162289021,0.00972149729036992,0,1,1.0,5,0.024183975834723176,1.0,-5.0,-60277.4140625,16751.28173828125,0.0,0.0,Opened,-60277.4140625,16751.28173828125,0.0,0.01901755162289021,77028.69580078125,0.0,0.0,0,0.0,77028.69580078125
2024-06-25,61804.640625,0.025336630415439876,3395.029052734375,0.013363963957398806,0.01197266645804107,0.01197266645804107,0.026169863478244612,0.014780017484620812,1,0,-1.0,5,0.028974026222946758,-1.0,5.0,61804.640625,-16975.145263671875,1527.2265625,-223.863525390625,Closed,61804.640625,-16975.145263671875,1303.363037109375,0.026169863478244612,78779.78588867188,1303.363037109375,0.016544384100652804,0,1303.363037109375,0.0
2024-06-26,60811.27734375,-0.016072632592061153,3369.477294921875,-0.007526226555239823,-0.00854640603682133,0.00854640603682133,0.026350615763044368,0.014089789877838203,0,0,0.0,5,0.025945896333152002,0.0,0.0,0.0,0.0,0.0,0.0,,0.0,0.0,0.0,0.026350615763044368,0.0,0.0,0.0,0,0.0,0.0
2024-06-27,61604.80078125,0.013048951973404943,3444.800537109375,0.0223545777563241,-0.009305625782919158,0.009305625782919158,0.027997162930151125,0.019831567513283598,0,0,0.0,5,0.09579445283239069,0.0,0.0,0.0,0.0,0.0,0.0,,0.0,0.0,0.0,0.027997162930151125,0.0,0.0,0.0,0,0.0,0.0
2024-06-28,60320.13671875,-0.020853310881755127,3373.635986328125,-0.02065854031739267,-0.00019477056436245643,0.00019477056436245643,0.02837780063332587,0.019560732251516274,0,0,0.0,5,0.05540647459309465,0.0,0.0,0.0,0.0,0.0,0.0,,0.0,0.0,0.0,0.02837780063332587,0.0,0.0,0.0,0,0.0,0.0
2024-06-29,60887.37890625,0.009403861104374522,3372.9677734375,-0.00019806905467367741,0.0096019301590482,0.0096019301590482,0.01981312417767191,0.016963333759890738,1,0,0.0,5,0.0011667970860098993,0.0,0.0,0.0,0.0,0.0,0.0,,0.0,0.0,0.0,0.01981312417767191,0.0,0.0,0.0,0,0.0,0.0
2024-06-30,62678.29296875,0.029413551620566913,3432.88916015625,0.017765182101838528,0.011648369518728385,0.011648369518728385,0.021050009656218605,0.017827200920642706,1,0,0.0,5,0.03307994791698356,0.0,0.0,0.0,0.0,0.0,0.0,,0.0,0.0,0.0,0.021050009656218605,0.0,0.0,0.0,0,0.0,0.0
2024-07-01,62851.98046875,0.002771094932125795,3440.341552734375,0.0021708806286613314,0.0006002143034644636,0.0006002143034644636,0.01829023353274394,0.016992443511080296,1,0,0.0,5,0.04288122004432655,0.0,0.0,0.0,0.0,0.0,0.0,,0.0,0.0,0.0,0.01829023353274394,0.0,0.0,0.0,0,0.0,0.0
2024-07-02,62029.015625,-0.013093697885290578,3416.354736328125,-0.0069722194841920215,-0.006121478401098557,0.006121478401098557,0.019722421173084488,0.013993584515088696,0,0,0.0,5,0.029327618896957154,0.0,0.0,0.0,0.0,0.0,0.0,,0.0,0.0,0.0,0.019722421173084488,0.0,0.0,0.0,0,0.0,0.0
2024-07-03,60173.921875,-0.02990687070088416,3292.916748046875,-0.03613149037734886,0.006224619676464704,0.006224619676464704,0.022509640412199723,0.019781675561082696,1,0,0.0,5,0.06611307177980263,0.0,0.0,0.0,0.0,0.0,0.0,,0.0,0.0,0.0,0.022509640412199723,0.0,0.0,0.0,0,0.0,0.0
2024-07-04,56977.703125,-0.05311634426354228,3054.52197265625,-0.07239623520151972,0.01927989093797744,0.01927989093797744,0.03139498733332158,0.03566908538671499,1,0,0.0,5,0.07306781504507405,0.0,0.0,0.0,0.0,0.0,0.0,,0.0,0.0,0.0,0.03566908538671499,0.0,0.0,0.0,0,0.0,0.0
2024-07-05,56662.375,-0.005534237213954074,2981.5986328125,-0.023873895979977133,0.01833965876602306,0.01833965876602306,0.022192710264034264,0.02917643087943956,1,0,0.0,5,0.22699690380239462,0.0,0.0,0.0,0.0,0.0,0.0,,0.0,0.0,0.0,0.02917643087943956,0.0,0.0,0.0,0,0.0,0.0
2024-07-06,58303.5390625,0.02896391234041995,3069.3779296875,0.029440346500360093,-0.00047643415994014227,0.00047643415994014227,0.030414063200230115,0.037466430239712675,0,0,0.0,5,0.053510762715497526,0.0,0.0,0.0,0.0,0.0,0.0,,0.0,0.0,0.0,0.037466430239712675,0.0,0.0,0.0,0,0.0,0.0
2024-07-07,55849.109375,-0.042097439142912196,2929.38720703125,-0.045608825587177826,0.0035113864442656295,0.0035113864442656295,0.032746321487382074,0.037579736527267454,1,0,0.0,5,0.05682687058919649,0.0,0.0,0.0,0.0,0.0,0.0,,0.0,0.0,0.0,0.037579736527267454,0.0,0.0,0.0,0,0.0,0.0
2024-07-08,56705.09765625,0.015326802715911692,3018.73193359375,0.03049945952793487,-0.015172656812023178,0.015172656812023178,0.03556860209897048,0.04567682372058236,0,0,0.0,5,0.10593586628980882,0.0,0.0,0.0,0.0,0.0,0.0,,0.0,0.0,0.0,0.04567682372058236,0.0,0.0,0.0,0,0.0,0.0
2024-07-09,58009.2265625,0.02299844211812685,3064.032958984375,0.015006640664742665,0.007991801453384184,0.007991801453384184,0.028845650854719625,0.03415518891710403,1,0,0.0,5,0.03446524915638153,0.0,0.0,0.0,0.0,0.0,0.0,,0.0,0.0,0.0,0.03415518891710403,0.0,0.0,0.0,0,0.0,0.0
2024-07-10,57742.49609375,-0.004598069730556098,3102.21875,0.01246259146908213,-0.017060661199638227,0.017060661199638227,0.028771793465936897,0.031257718650370615,0,0,0.0,5,0.1456161922738899,0.0,0.0,0.0,0.0,0.0,0.0,,0.0,0.0,0.0,0.031257718650370615,0.0,0.0,0.0,0,0.0,0.0
2024-07-11,57344.9140625,-0.006885432015347748,3100.330810546875,-0.0006085771524413364,-0.006276854862906411,0.006276854862906411,0.02528852393184696,0.028998488154504964,0,0,0.0,5,0.00477856589590915,0.0,0.0,0.0,0.0,0.0,0.0,,0.0,0.0,0.0,0.028998488154504964,0.0,0.0,0.0,0,0.0,0.0
2024-07-12,57899.46484375,0.009670444019596935,3134.15869140625,0.010911055279745563,-0.0012406112601486274,0.0012406112601486274,0.012838225799312165,0.011157547336408695,0,0,0.0,5,0.06107546378002215,0.0,0.0,0.0,0.0,0.0,0.0,,0.0,0.0,0.0,0.012838225799312165,0.0,0.0,0.0,0,0.0,0.0
2024-07-13,59231.953125,0.023013827240820017,3177.19873046875,0.013732565354943382,0.009281261885876635,0.009281261885876635,0.014404161110274273,0.006284548780831939,1,0,0.0,5,0.03200745568653035,0.0,0.0,0.0,0.0,0.0,0.0,,0.0,0.0,0.0,0.014404161110274273,0.0,0.0,0.0,0,0.0,0.0
2024-07-14,60787.79296875,0.026266900915231206,3244.0791015625,0.021050106325543716,0.00521679458968749,0.00521679458968749,0.015256304332772638,0.007811521969563445,1,0,0.0,5,0.04276815521339465,0.0,0.0,0.0,0.0,0.0,0.0,,0.0,0.0,0.0,0.015256304332772638,0.0,0.0,0.0,0,0.0,0.0
2024-07-15,64870.15234375,0.06715755212726138,3489.552734375,0.0756682020158721,-0.008510649888610722,0.008510649888610722,0.02751277481681813,0.029835022297618568,0,0,0.0,5,0.060609877289484596,0.0,0.0,0.0,0.0,0.0,0.0,,0.0,0.0,0.0,0.029835022297618568,0.0,0.0,0.0,0,0.0,0.0
2024-07-16,65097.1484375,0.003499237870556282,3443.513427734375,-0.013193469233778732,0.016692707104335014,0.016692707104335014,0.02487890932670631,0.032826828757108975,1,0,0.0,5,0.19944601288418498,0.0,0.0,0.0,0.0,0.0,0.0,,0.0,0.0,0.0,0.032826828757108975,0.0,0.0,0.0,0,0.0,0.0
2024-07-17,64118.79296875,-0.01502916014346345,3388.75244140625,-0.0159026492788078,0.0008734891353443519,0.0008734891353443519,0.0306866857932371,0.036947969396722104,1,0,0.0,5,0.055922847153411316,0.0,0.0,0.0,0.0,0.0,0.0,,0.0,0.0,0.0,0.036947969396722104,0.0,0.0,0.0,0,0.0,0.0
2024-07-18,63974.06640625,-0.0022571629283560934,3426.258544921875,0.011067820433664055,-0.013324983362020149,0.013324983362020149,0.032306655370288255,0.03701289897883084,0,0,0.0,5,0.2626124857431186,0.0,0.0,0.0,0.0,0.0,0.0,,0.0,0.0,0.0,0.03701289897883084,0.0,0.0,0.0,0,0.0,0.0
2024-07-19,66710.15625,0.042768734230136385,3505.73486328125,0.023196240831611536,0.01957249339852485,0.01957249339852485,0.03440191615434989,0.037102238673978556,1,0,0.0,5,0.028502195956067778,0.0,0.0,0.0,0.0,0.0,0.0,,0.0,0.0,0.0,0.037102238673978556,0.0,0.0,0.0,0,0.0,0.0
2024-07-20,67163.6484375,0.0067979482134701286,3519.29541015625,0.003868103950767088,0.0029298442627030408,0.0029298442627030408,0.02157866954062479,0.016478442906915813,1,0,0.0,5,0.029815474705114007,0.0,0.0,0.0,0.0,0.0,0.0,,0.0,0.0,0.0,0.02157866954062479,0.0,0.0,0.0,0,0.0,0.0
2024-07-21,68154.5234375,0.014753144342986024,3536.60546875,0.0049186148294897425,0.009834529513496282,0.009834529513496282,0.021688547325325547,0.014188087354750457,1,0,0.0,5,0.017300161289714785,0.0,0.0,0.0,0.0,0.0,0.0,,0.0,0.0,0.0,0.021688547325325547,0.0,0.0,0.0,0,0.0,0.0
2024-07-22,67585.25,-0.00835268752223095,3440.419921875,-0.027197137968854812,0.01884445044662386,0.01884445044662386,0.019943306253555136,0.01863554371465072,1,0,0.0,5,0.16575113045113998,0.0,0.0,0.0,0.0,0.0,0.0,,0.0,0.0,0.0,0.019943306253555136,0.0,0.0,0.0,0,0.0,0.0
2024-07-23,65927.671875,-0.02452573786440093,3481.995849609375,0.012084550339342526,-0.03661028820374346,0.03661028820374346,0.025330805641573535,0.01874846239808329,0,1,1.0,5,0.026023692732769683,1.0,-5.0,-65927.671875,17409.979248046875,0.0,0.0,Opened,-65927.671875,17409.979248046875,0.0,0.025330805641573535,83337.65112304688,0.0,0.0,0,0.0,83337.65112304688
2024-07-24,65372.1328125,-0.008426492953570563,3336.33935546875,-0.04183132330756956,0.03340483035399899,0.03340483035399899,0.015232445892181916,0.023510169336865696,1,0,-1.0,5,0.2533566485958435,-1.0,5.0,65372.1328125,-16681.69677734375,-555.5390625,728.282470703125,Closed,65372.1328125,-16681.69677734375,172.743408203125,0.023510169336865696,82053.82958984375,172.743408203125,0.0021052449235654737,0,172.743408203125,0.0
2024-07-25,65777.2265625,0.00619673448871394,3174.42724609375,-0.04852986825503891,0.05472660274375285,0.05472660274375285,0.015128402508063885,0.02735257277184643,1,1,1.0,5,0.3779514746147868,-2.0,5.0,131554.453125,-15872.13623046875,0.0,0.0,Opened,131554.453125,-15872.13623046875,0.0,0.02735257277184643,147426.58935546875,0.0,0.0,0,0.0,147426.58935546875
2024-07-26,67912.0625,0.032455548053117234,3275.951416015625,0.031981885880926875,0.0004736621721903589,0.0004736621721903589,0.02140467129244207,0.03511893271841678,1,1,0.0,5,0.04753414145138957,2.0,-5.0,-135824.125,16379.757080078125,-4269.671875,507.620849609375,Live,0.0,0.0,0.0,0.03511893271841678,152203.88208007812,-3762.051025390625,-0.02471718180888001,0,0.0,0.0
2024-07-27,67813.3359375,-0.0014537411892032726,3247.60791015625,-0.008651992126869734,0.007198250937666462,0.007198250937666462,0.02099277763812796,0.03444166466720581,1,1,0.0,5,0.28502142128501345,2.0,-5.0,-135626.671875,16238.03955078125,-4072.21875,365.9033203125,Live,0.0,0.0,0.0,0.03444166466720581,151864.71142578125,-3706.3154296875,-0.024405376304282755,0,0.0,0.0
2024-07-28,68255.8671875,0.006525726007755361,3271.464599609375,0.007345926636807887,-0.0008202006290525254,0.0008202006290525254,0.015478047268688523,0.033705339512269845,0,0,-1.0,5,0.053953545341802564,2.0,-5.0,-136511.734375,16357.322998046875,-4957.28125,485.186767578125,Closed,-136511.734375,16357.322998046875,-4472.094482421875,0.033705339512269845,152869.05737304688,-4472.094482421875,-0.02925441262785187,0,-4472.094482421875,0.0
2024-07-29,66819.9140625,-0.021037797689324123,3320.539306640625,0.015000836945357587,-0.03603863463468171,0.03603863463468171,0.019210116680508822,0.030537704931038186,0,1,1.0,5,0.035433816259186714,1.0,-5.0,-66819.9140625,16602.696533203125,0.0,0.0,Opened,-66819.9140625,16602.696533203125,0.0,0.030537704931038186,83422.61059570312,0.0,0.0,0,0.0,83422.61059570312
2024-07-30,66201.015625,-0.009262185475442442,3278.667724609375,-0.012609873928464688,0.003347688453022246,0.003347688453022246,0.02009969265465868,0.01814533154135859,1,0,-1.0,5,0.06742640802602948,-1.0,5.0,66201.015625,-16393.338623046875,-618.8984375,209.35791015625,Closed,66201.015625,-16393.338623046875,-409.54052734375,0.02009969265465868,82594.35424804688,-409.54052734375,-0.004958456677484521,0,-409.54052734375,0.0
2024-07-31,64619.25,-0.023893373992326827,3231.295654296875,-0.01444857310697567,-0.009444800885351157,0.009444800885351157,0.0128587222481939,0.013094820877880744,0,0,0.0,5,0.03023864052771708,0.0,0.0,0.0,0.0,0.0,0.0,,0.0,0.0,0.0,0.013094820877880744,0.0,0.0,0.0,0,0.0,0.0
2024-08-01,65357.5,0.011424614182306447,3201.564453125,-0.009201015429318393,0.02062562961162484,0.02062562961162484,0.01588762085323014,0.013159635057867233,1,1,1.0,5,0.0394512741612993,-1.0,5.0,65357.5,-16007.822265625,0.0,0.0,Opened,65357.5,-16007.822265625,0.0,0.01588762085323014,81365.322265625,0.0,0.0,0,0.0,81365.322265625
2024-08-02,61415.06640625,-0.06032105869640059,2986.01318359375,-0.06732685619396284,0.0070057974975622495,0.0070057974975622495,0.026186450799429824,0.03016986091365012,1,1,0.0,5,0.054267045240461075,1.0,-5.0,-61415.06640625,14930.06591796875,3942.43359375,-1077.75634765625,Live,0.0,0.0,0.0,0.03016986091365012,76345.13232421875,2864.67724609375,0.03752272291477837,0,0.0,0.0
2024-08-03,60680.09375,-0.011967302150066583,2903.3857421875,-0.02767149249716494,0.015704190347098357,0.015704190347098357,0.026462821408690225,0.02400689137698954,1,1,0.0,5,0.11063558191298441,1.0,-5.0,-60680.09375,14516.9287109375,4677.40625,-1490.8935546875,Live,0.0,0.0,0.0,0.026462821408690225,75197.0224609375,3186.5126953125,0.04237551688921983,0,0.0,0.0
2024-08-04,58116.9765625,-0.04223983565450573,2686.39892578125,-0.07473578631090383,0.0324959506563981,0.0324959506563981,0.027576348138512365,0.03040568146474012,1,1,0.0,5,0.0817850419444685,1.0,-5.0,-58116.9765625,13431.99462890625,7240.5234375,-2575.82763671875,Live,0.0,0.0,0.0,0.03040568146474012,71548.97119140625,4664.69580078125,0.0651958473071871,0,0.0,0.0
2024-08-05,53991.45703125,-0.07098647891315102,2417.206298828125,-0.10020575290203382,0.0292192739888828,0.0292192739888828,0.03418399579074778,0.036830617814295516,1,1,0.0,5,0.06319834281507244,1.0,-5.0,-53991.45703125,12086.031494140625,11366.04296875,-3921.790771484375,Live,0.0,0.0,0.0,0.036830617814295516,66077.48852539062,7444.252197265625,0.11265943006301052,0,0.0,0.0
2024-08-06,56034.31640625,0.03783671505322772,2458.723876953125,0.01717585219975959,0.02066086285346813,0.02066086285346813,0.043803514009610994,0.04594106573055916,1,1,0.0,5,0.01991867981614055,1.0,-5.0,-56034.31640625,12293.619384765625,9323.18359375,-3714.202880859375,Live,0.0,0.0,0.0,0.04594106573055916,68327.93579101562,5608.980712890625,0.08208912866980161,0,0.0,0.0
2024-08-07,55027.4609375,-0.017968550940289485,2336.58935546875,-0.049673947786168404,0.03170539684587892,0.03170539684587892,0.040318407275679424,0.044998346411054095,1,1,0.0,5,0.11738660464197023,1.0,-5.0,-55027.4609375,11682.94677734375,10330.0390625,-4324.87548828125,Live,0.0,0.0,0.0,0.044998346411054095,66710.40771484375,6005.16357421875,0.09001839113153164,0,0.0,0.0
2024-08-08,61710.13671875,0.12144256099404904,2683.352783203125,0.14840580649003665,-0.02696324549598761,0.02696324549598761,0.07610571353591793,0.09964490263005318,0,0,-1.0,5,0.05313751508453259,1.0,-5.0,-61710.13671875,13416.763916015625,3647.36328125,-2591.058349609375,Closed,-61710.13671875,13416.763916015625,1056.304931640625,0.09964490263005318,75126.90063476562,1056.304931640625,0.014060275649809127,0,1056.304931640625,0.0
2024-08-09,60880.11328125,-0.013450358103773374,2599.5986328125,-0.03121250061300085,0.017762142509227474,0.017762142509227474,0.07258761247970798,0.09454376249939651,1,0,0.0,5,0.09908902718685465,0.0,0.0,0.0,0.0,0.0,0.0,,0.0,0.0,0.0,0.09454376249939651,0.0,0.0,0.0,0,0.0,0.0
2024-08-10,60945.8125,0.001079157301276501,2610.02294921875,0.004009971491242048,-0.002930814189965547,0.002930814189965547,0.05779225289286886,0.07778716571243528,0,0,0.0,5,0.15913180407656127,0.0,0.0,0.0,0.0,0.0,0.0,,0.0,0.0,0.0,0.07778716571243528,0.0,0.0,0.0,0,0.0,0.0
2024-08-11,58719.484375,-0.036529632368097475,2553.252197265625,-0.021751054706288353,-0.014778577661809122,0.014778577661809122,0.06322975737580339,0.07978035097286135,0,0,0.0,5,0.02589086142028004,0.0,0.0,0.0,0.0,0.0,0.0,,0.0,0.0,0.0,0.07978035097286135,0.0,0.0,0.0,0,0.0,0.0
2024-08-12,59354.515625,0.010814659848586317,2724.431884765625,0.0670437834865365,-0.056229123637950185,0.056229123637950185,0.06122108658345714,0.07489722414445497,0,0,0.0,5,0.28455606057360605,0.0,0.0,0.0,0.0,0.0,0.0,,0.0,0.0,0.0,0.07489722414445497,0.0,0.0,0.0,0,0.0,0.0
2024-08-13,60609.56640625,0.021144992390795814,2703.671875,-0.007619940833063277,0.02876493322385909,0.02876493322385909,0.0224897621326217,0.03871180564513817,1,0,0.0,5,0.016075218034414886,0.0,0.0,0.0,0.0,0.0,0.0,,0.0,0.0,0.0,0.03871180564513817,0.0,0.0,0.0,0,0.0,0.0
2024-08-14,58737.26953125,-0.0308911115194338,2662.914794921875,-0.015074713930707695,-0.015816397588726105,0.015816397588726105,0.02558067376603016,0.035804224742444886,0,0,0.0,5,0.022123766220358696,0.0,0.0,0.0,0.0,0.0,0.0,,0.0,0.0,0.0,0.035804224742444886,0.0,0.0,0.0,0,0.0,0.0
2024-08-15,57560.09765625,-0.020041310813293967,2570.087646484375,-0.03485922591835067,0.0148179151050567,0.0148179151050567,0.025682159109090406,0.04011977768461602,1,0,0.0,5,0.07766369115570142,0.0,0.0,0.0,0.0,0.0,0.0,,0.0,0.0,0.0,0.04011977768461602,0.0,0.0,0.0,0,0.0,0.0
2024-08-16,58894.10546875,0.023175912946963972,2593.1865234375,0.008987583355268836,0.014188329591695137,0.014188329591695137,0.024766772800590385,0.0387551228543399,1,0,0.0,5,0.017075286785927322,0.0,0.0,0.0,0.0,0.0,0.0,,0.0,0.0,0.0,0.0387551228543399,0.0,0.0,0.0,0,0.0,0.0
2024-08-17,59478.97265625,0.00993082725079053,2614.546875,0.008237105726658145,0.0016937215241323855,0.0016937215241323855,0.024680793746977507,0.018192127118026164,1,0,0.0,5,0.03646046364109991,0.0,0.0,0.0,0.0,0.0,0.0,,0.0,0.0,0.0,0.024680793746977507,0.0,0.0,0.0,0,0.0,0.0
2024-08-18,58483.96484375,-0.016728732324455264,2613.357177734375,-0.00045503000041835495,-0.01627370232403691,0.01627370232403691,0.022542782405283998,0.0185153473203641,0,0,0.0,5,0.0012154552167172072,0.0,0.0,0.0,0.0,0.0,0.0,,0.0,0.0,0.0,0.022542782405283998,0.0,0.0,0.0,0,0.0,0.0
2024-08-19,59493.453125,0.01726094125025579,2637.306396484375,0.009164158253623267,0.008096782996632523,0.008096782996632523,0.019863344597713585,0.018921208088213678,1,0,0.0,5,0.023535287994520065,0.0,0.0,0.0,0.0,0.0,0.0,,0.0,0.0,0.0,0.019863344597713585,0.0,0.0,0.0,0,0.0,0.0
2024-08-20,59012.79296875,-0.008079210921579816,2573.10693359375,-0.024342815448445854,0.016263604526866038,0.016263604526866038,0.016942169685160047,0.014360377960513482,1,0,0.0,5,0.1313752410372861,0.0,0.0,0.0,0.0,0.0,0.0,,0.0,0.0,0.0,0.016942169685160047,0.0,0.0,0.0,0,0.0,0.0
2024-08-21,61175.19140625,0.03664287570061453,2631.3955078125,0.02265299333570292,0.01398988236491161,0.01398988236491161,0.021093655557674163,0.01740127804188207,1,0,0.0,5,0.026591745150109602,0.0,0.0,0.0,0.0,0.0,0.0,,0.0,0.0,0.0,0.021093655557674163,0.0,0.0,0.0,0,0.0,0.0
2024-08-22,60381.9140625,-0.012967304646127387,2622.951416015625,-0.003208978571182075,-0.009758326074945312,0.009758326074945312,0.022923183726106265,0.017301108664306074,0,0,0.0,5,0.010749802211597253,0.0,0.0,0.0,0.0,0.0,0.0,,0.0,0.0,0.0,0.022923183726106265,0.0,0.0,0.0,0,0.0,0.0
2024-08-23,64094.35546875,0.061482671821355916,2764.447021484375,0.05394518732020126,0.0075374845011546565,0.0075374845011546565,0.03112144717394661,0.02929334326569806,1,0,0.0,5,0.03784325290481911,0.0,0.0,0.0,0.0,0.0,0.0,,0.0,0.0,0.0,0.03112144717394661,0.0,0.0,0.0,0,0.0,0.0
2024-08-24,64178.9921875,0.0013205019089592707,2769.3896484375,0.0017879260896347393,-0.00046742418067546865,0.00046742418067546865,0.0321274425378894,0.029633101251578763,0,0,0.0,5,0.05842540073355848,0.0,0.0,0.0,0.0,0.0,0.0,,0.0,0.0,0.0,0.0321274425378894,0.0,0.0,0.0,0,0.0,0.0
2024-08-25,64333.54296875,0.0024081210374646833,2749.15771484375,-0.007305556877908126,0.00971367791537281,0.00971367791537281,0.03048908842836327,0.02534164896222171,1,0,0.0,5,0.12963945615676653,0.0,0.0,0.0,0.0,0.0,0.0,,0.0,0.0,0.0,0.03048908842836327,0.0,0.0,0.0,0,0.0,0.0
2024-08-26,62880.66015625,-0.022583597070127692,2681.340576171875,-0.024668333251928187,0.002084736181800495,0.002084736181800495,0.03274860214471896,0.02958467835463993,1,0,0.0,5,0.04657807951609965,0.0,0.0,0.0,0.0,0.0,0.0,,0.0,0.0,0.0,0.03274860214471896,0.0,0.0,0.0,0,0.0,0.0
2024-08-27,59504.1328125,-0.05369739018896724,2458.7265625,-0.08302340092495786,0.029326010735990615,0.029326010735990615,0.042298293871847886,0.04941056135128858,1,0,0.0,5,0.06388669825020198,0.0,0.0,0.0,0.0,0.0,0.0,,0.0,0.0,0.0,0.04941056135128858,0.0,0.0,0.0,0,0.0,0.0
2024-08-28,59027.625,-0.00800797843742207,2528.41552734375,0.02834351973360194,-0.03635149817102401,0.03635149817102401,0.023276089103447136,0.04159595046722874,0,0,0.0,5,0.151608665358176,0.0,0.0,0.0,0.0,0.0,0.0,,0.0,0.0,0.0,0.04159595046722874,0.0,0.0,0.0,0,0.0,0.0
2024-08-29,59388.1796875,0.006108236397788236,2528.792724609375,0.00014918325787260933,0.005959053139915627,0.005959053139915627,0.024250609552471245,0.04141724140742425,1,0,0.0,5,0.0010399619986578602,0.0,0.0,0.0,0.0,0.0,0.0,,0.0,0.0,0.0,0.04141724140742425,0.0,0.0,0.0,0,0.0,0.0
2024-08-30,59119.4765625,-0.004524521990973862,2525.822021484375,-0.0011747515310726042,-0.003349770459901258,0.003349770459901258,0.023169518884440556,0.04187535129594868,0,0,0.0,5,0.011092909795955638,0.0,0.0,0.0,0.0,0.0,0.0,,0.0,0.0,0.0,0.04187535129594868,0.0,0.0,0.0,0,0.0,0.0
2024-08-31,58969.8984375,-0.002530098940268344,2513.393798828125,-0.004920466505769938,0.0023903675655015943,0.0023903675655015943,0.023593814066115094,0.041793400083104566,1,0,0.0,5,0.08288938827806228,0.0,0.0,0.0,0.0,0.0,0.0,,0.0,0.0,0.0,0.041793400083104566,0.0,0.0,0.0,0,0.0,0.0
2024-09-01,57325.48828125,-0.027885585694078285,2427.90234375,-0.034014349489517204,0.0061287637954389185,0.0061287637954389185,0.012594448146051523,0.022130036495667676,1,0,0.0,5,0.05166136189024918,0.0,0.0,0.0,0.0,0.0,0.0,,0.0,0.0,0.0,0.022130036495667676,0.0,0.0,0.0,0,0.0,0.0
2024-09-02,59112.48046875,0.031172733823612075,2538.187255859375,0.04542394894641233,-0.014251215122800254,0.014251215122800254,0.021286337405027087,0.028460298174483013,0,0,0.0,5,0.06256831675401245,0.0,0.0,0.0,0.0,0.0,0.0,,0.0,0.0,0.0,0.028460298174483013,0.0,0.0,0.0,0,0.0,0.0
2024-09-03,57431.0234375,-0.02844504270361159,2420.603759765625,-0.04632577672207194,0.017880734018460354,0.017880734018460354,0.024381392222390077,0.035551346039408384,1,0,0.0,5,0.06864252767313096,0.0,0.0,0.0,0.0,0.0,0.0,,0.0,0.0,0.0,0.035551346039408384,0.0,0.0,0.0,0,0.0,0.0
2024-09-04,57971.5390625,0.00941156177702851,2448.97705078125,0.011721576032903469,-0.0023100142558749592,0.0023100142558749592,0.025429505413350262,0.03663981313588798,0,0,0.0,5,0.05261313697379558,0.0,0.0,0.0,0.0,0.0,0.0,,0.0,0.0,0.0,0.03663981313588798,0.0,0.0,0.0,0,0.0,0.0
2024-09-05,56160.48828125,-0.031240343288065575,2367.737548828125,-0.03317283105091118,0.0019324877628456028,0.0019324877628456028,0.028202183762447118,0.03862888581803818,1,0,0.0,5,0.04476817863469481,0.0,0.0,0.0,0.0,0.0,0.0,,0.0,0.0,0.0,0.03862888581803818,0.0,0.0,0.0,0,0.0,0.0
2024-09-06,53948.75390625,-0.03938239218868078,2223.87646484375,-0.06075888100671323,0.021376488818032446,0.021376488818032446,0.030464346373505643,0.04403795722798052,1,0,0.0,5,0.06359704178819572,0.0,0.0,0.0,0.0,0.0,0.0,,0.0,0.0,0.0,0.04403795722798052,0.0,0.0,0.0,0,0.0,0.0
2024-09-07,54139.6875,0.003539165966313096,2274.107177734375,0.022587006825558698,-0.0190478408592456,0.0190478408592456,0.022101618907305998,0.03654001237983909,0,0,0.0,5,0.2680729159611459,0.0,0.0,0.0,0.0,0.0,0.0,,0.0,0.0,0.0,0.03654001237983909,0.0,0.0,0.0,0,0.0,0.0
2024-09-08,54841.56640625,0.012964221602682846,2297.29296875,0.010195557730363625,0.0027686638723192214,0.0027686638723192214,0.024476258229662956,0.03554918774151443,1,0,0.0,5,0.032943601407075834,0.0,0.0,0.0,0.0,0.0,0.0,,0.0,0.0,0.0,0.03554918774151443,0.0,0.0,0.0,0,0.0,0.0
2024-09-09,57019.53515625,0.039713831911113884,2358.482177734375,0.026635352920471922,0.013078478990641962,0.013078478990641962,0.03256997569694427,0.03833210872692201,1,0,0.0,5,0.02774122204888508,0.0,0.0,0.0,0.0,0.0,0.0,,0.0,0.0,0.0,0.03833210872692201,0.0,0.0,0.0,0,0.0,0.0
2024-09-10,57648.7109375,0.011034389872275785,2389.5810546875,0.013185970725884122,-0.002151580853608337,0.002151580853608337,0.028614581526984113,0.03592010198359803,0,0,0.0,5,0.049533150127331636,0.0,0.0,0.0,0.0,0.0,0.0,,0.0,0.0,0.0,0.03592010198359803,0.0,0.0,0.0,0,0.0,0.0
2024-09-11,57343.171875,-0.005300015516934153,2339.841552734375,-0.020815155801287455,0.015515140284353302,0.015515140284353302,0.01688218818124118,0.018670098247227943,1,0,0.0,5,0.1602534036256038,0.0,0.0,0.0,0.0,0.0,0.0,,0.0,0.0,0.0,0.018670098247227943,0.0,0.0,0.0,0,0.0,0.0
2024-09-12,58127.01171875,0.013669279499548104,2361.78173828125,0.009376782595058808,0.004292496904489296,0.004292496904489296,0.016146223287200744,0.017398245248802385,1,0,0.0,5,0.027872118941842407,0.0,0.0,0.0,0.0,0.0,0.0,,0.0,0.0,0.0,0.017398245248802385,0.0,0.0,0.0,0,0.0,0.0
2024-09-13,60571.30078125,0.04205082955798245,2441.607177734375,0.03379882152498004,0.008252008033002411,0.008252008033002411,0.020218507813695667,0.02105678272898177,1,0,0.0,5,0.032399319064789364,0.0,0.0,0.0,0.0,0.0,0.0,,0.0,0.0,0.0,0.02105678272898177,0.0,0.0,0.0,0,0.0,0.0
