Date,BZ=F_Close,BZ=F_dailyReturns,NG=F_Close,NG=F_dailyReturns,spread,abs_sprd,BZ=F_rolling avg,NG=F_rolling avg,isSprdPos,signal,axe,leverage,ratio,BZ=F_Size,NG=F_Size,BZ=F_Cashflow,NG=F_Cashflow,BZ=F_MTM,NG=F_MTM,Live Trades,BZ=F_PnL,NG=F_PnL,Total PnL,riskThreshold,grossCashflow,totalMTM,totalMTM in %,isStoppedOut,Adjusted PnL,Gross Capital
2024-01-03,78.25,0.031097649615654976,2.6679999828338623,0.038940771646164274,-0.007843122030509297,0.007843122030509297,,,0,0,,5,0.04269514211417584,0.0,0.0,0.0,0.0,0.0,0.0,,0.0,0.0,0.0,,0.0,0.0,0.0,0,0.0,0.0
2024-01-04,77.58999633789062,-0.0084345515924521,2.821000099182129,0.05734637081434868,-0.06578092240680078,0.06578092240680078,,,0,0,0.0,5,0.24719592638841942,0.0,0.0,0.0,0.0,0.0,0.0,,0.0,0.0,0.0,,0.0,0.0,0.0,0,0.0,0.0
2024-01-05,78.76000213623047,0.01507933823381924,2.8929998874664307,0.025522788285323283,-0.010443450051504044,0.010443450051504044,,,0,0,0.0,5,0.062171097330187726,0.0,0.0,0.0,0.0,0.0,0.0,,0.0,0.0,0.0,,0.0,0.0,0.0,0,0.0,0.0
2024-01-08,76.12000274658203,-0.03351954441395333,2.9800000190734863,0.03007263566928331,-0.06359218008323664,0.06359218008323664,,,0,0,0.0,5,0.03512293962674669,0.0,0.0,0.0,0.0,0.0,0.0,,0.0,0.0,0.0,,0.0,0.0,0.0,0,0.0,0.0
2024-01-09,77.58999633789062,0.019311528353493035,3.190000057220459,0.0704698110076738,-0.051158282654180764,0.051158282654180764,0.02574545159840274,0.018964733021281734,0,0,0.0,5,0.15002768922012183,0.0,0.0,0.0,0.0,0.0,0.0,,0.0,0.0,0.0,0.02574545159840274,0.0,0.0,0.0,0,0.0,0.0
2024-01-10,76.80000305175781,-0.01018163839952424,3.0390000343322754,-0.047335429523394534,0.037153791123870294,0.037153791123870294,0.021422609440268008,0.045682804167467964,1,0,0.0,5,0.18396623527517314,0.0,0.0,0.0,0.0,0.0,0.0,,0.0,0.0,0.0,0.045682804167467964,0.0,0.0,0.0,0,0.0,0.0
2024-01-11,77.41000366210938,0.007942715965004066,3.0969998836517334,0.01908517560520573,-0.011142459640201663,0.011142459640201663,0.02173855939305322,0.04246499474310206,0,0,0.0,5,0.0961327196831103,0.0,0.0,0.0,0.0,0.0,0.0,,0.0,0.0,0.0,0.04246499474310206,0.0,0.0,0.0,0,0.0,0.0
2024-01-12,78.29000091552734,0.011368004286101296,3.312999963760376,0.06974494292003408,-0.058376938633932784,0.058376938633932784,0.021138353113330195,0.04823041565275903,0,1,1.0,5,0.25962327709753175,2.0,-5.0,-156.5800018310547,16.56499981880188,0.0,0.0,Opened,-156.5800018310547,16.56499981880188,0.0,0.04823041565275903,173.14500164985657,0.0,0.0,0,0.0,173.14500164985657
2024-01-16,78.29000091552734,0.0,2.9000000953674316,-0.12466039025372477,0.12466039025372477,0.12466039025372477,0.011259945430913357,0.0835811191520164,1,0,-1.0,5,inf,-2.0,5.0,156.5800018310547,-14.500000476837158,0.0,2.0649993419647217,Closed,156.5800018310547,-14.500000476837158,2.0649993419647217,0.0835811191520164,171.08000230789185,2.0649993419647217,0.012070372422887582,0,2.0649993419647217,0.0
2024-01-17,77.87999725341797,-0.005236986298566504,2.869999885559082,-0.010344899593718315,0.005107913295151811,0.005107913295151811,0.00894958606278565,0.07308834932921719,1,0,0.0,5,0.07279487322538092,0.0,0.0,0.0,0.0,0.0,0.0,,0.0,0.0,0.0,0.07308834932921719,0.0,0.0,0.0,0,0.0,0.0
2024-01-18,79.0999984741211,0.015665142061231707,2.697000026702881,-0.06027869886918147,0.07594384093041318,0.07594384093041318,0.0084891226037649,0.07457021368856342,1,1,1.0,5,0.13120005204997648,-1.0,5.0,79.0999984741211,-13.485000133514404,0.0,0.0,Opened,79.0999984741211,-13.485000133514404,0.0,0.07457021368856342,92.5849986076355,0.0,0.0,0,0.0,92.5849986076355
2024-01-19,78.55999755859375,-0.0068268132230623335,2.5190000534057617,-0.06599924788088585,0.059172434657823514,0.059172434657823514,0.010047926809094707,0.07273861694100686,1,1,0.0,5,0.30998999764802093,1.0,-5.0,-78.55999755859375,12.595000267028809,0.5400009155273438,-0.8899998664855957,Live,0.0,0.0,0.0,0.07273861694100686,91.15499782562256,-0.34999895095825195,-0.00383960242780974,0,0.0,0.0
2024-01-22,80.05999755859375,0.019093686947752708,2.4189999103546143,-0.03969834892061408,0.05879203586836679,0.05879203586836679,0.012051805763504045,0.04211480751125769,1,1,0.0,5,0.06282072244525941,1.0,-5.0,-80.05999755859375,12.094999551773071,-0.9599990844726562,-1.390000581741333,Live,0.0,0.0,0.0,0.04211480751125769,92.15499711036682,-2.3499996662139893,-0.025500512613543667,0,0.0,0.0
2024-01-23,79.55000305175781,-0.006370153914415089,2.450000047683716,0.012815270143832658,-0.019185424058247746,0.019185424058247746,0.012954492557895167,0.0335029541674459,0,0,-1.0,5,0.06195890471195976,1.0,-5.0,-79.55000305175781,12.250000238418579,-0.45000457763671875,-1.2349998950958252,Closed,-79.55000305175781,12.250000238418579,-1.685004472732544,0.0335029541674459,91.80000329017639,-1.685004472732544,-0.0183551678904227,0,-1.685004472732544,0.0
2024-01-24,80.04000091552734,0.006159620929878873,2.6410000324249268,0.07795917592809287,-0.071799554998214,0.071799554998214,0.012056062841902047,0.06057264603114772,0,1,1.0,5,0.41761354411349116,3.0,-5.0,-240.12000274658203,13.205000162124634,0.0,0.0,Opened,-240.12000274658203,13.205000162124634,0.0,0.06057264603114772,253.32500290870667,0.0,0.0,0,0.0,253.32500290870667
2024-01-25,82.43000030517578,0.029860061997885268,2.571000099182129,-0.026505086097452613,0.05636514809533788,0.05636514809533788,0.016046186383005066,0.05597540467881029,1,0,-1.0,5,0.02768568709287701,-3.0,5.0,247.29000091552734,-12.855000495910645,7.1699981689453125,0.34999966621398926,Closed,247.29000091552734,-12.855000495910645,7.519997835159302,0.05597540467881029,260.145001411438,7.519997835159302,0.028906947257717575,0,7.519997835159302,0.0
2024-01-26,83.55000305175781,0.013587319452086799,2.7119998931884766,0.054842391507959,-0.0412550720558722,0.0412550720558722,0.01362266581458618,0.0506624440817015,0,0,0.0,5,0.13101644060289389,0.0,0.0,0.0,0.0,0.0,0.0,,0.0,0.0,0.0,0.0506624440817015,0.0,0.0,0.0,0,0.0,0.0
2024-01-29,82.4000015258789,-0.01376423080638911,2.490000009536743,-0.08185836740234154,0.06809413659595243,0.06809413659595243,0.01710617837697851,0.06398300779168904,1,1,1.0,5,0.1797145588977646,-1.0,5.0,82.4000015258789,-12.450000047683716,0.0,0.0,Opened,82.4000015258789,-12.450000047683716,0.0,0.06398300779168904,94.85000157356262,0.0,0.0,0,0.0,94.85000157356262
2024-01-30,82.87000274658203,0.005703898203879509,2.0769999027252197,-0.1658634960761951,0.17156739428007461,0.17156739428007461,0.015739622238992043,0.09999888062928783,1,1,0.0,5,0.728816459304286,1.0,-5.0,-82.87000274658203,10.384999513626099,-0.470001220703125,-2.065000534057617,Live,0.0,0.0,0.0,0.09999888062928783,93.25500226020813,-2.535001754760742,-0.027183547191252672,0,0.0,0.0
2024-01-31,81.70999908447266,-0.013997871650332727,2.0999999046325684,0.01107366537531873,-0.025071537025651458,0.025071537025651458,0.01872610535674413,0.08568202787297056,0,0,-1.0,5,0.020331689008932428,1.0,-5.0,-81.70999908447266,10.499999523162842,0.69000244140625,-1.950000524520874,Closed,-81.70999908447266,10.499999523162842,-1.259998083114624,0.08568202787297056,92.2099986076355,-1.259998083114624,-0.013664440973218811,0,-1.259998083114624,0.0
2024-02-01,78.69999694824219,-0.03683762293423476,2.049999952316284,-0.023809502184254927,-0.013028120749979832,0.013028120749979832,0.01967855719974498,0.08580962499759946,0,0,0.0,5,0.01683595872647571,0.0,0.0,0.0,0.0,0.0,0.0,,0.0,0.0,0.0,0.08580962499759946,0.0,0.0,0.0,0,0.0,0.0
2024-02-02,77.33000183105469,-0.0174078166494529,2.0789999961853027,0.014146363191985145,-0.031554179841438046,0.031554179841438046,0.015112265271546684,0.07577478924204847,0,0,0.0,5,0.021847762607467968,0.0,0.0,0.0,0.0,0.0,0.0,,0.0,0.0,0.0,0.07577478924204847,0.0,0.0,0.0,0,0.0,0.0
2024-02-05,77.98999786376953,0.008534799134710447,2.0820000171661377,0.0014430115374408636,0.007091787597269583,0.007091787597269583,0.018561118913445033,0.07597363090572339,1,0,0.0,5,0.004513550638422793,0.0,0.0,0.0,0.0,0.0,0.0,,0.0,0.0,0.0,0.07597363090572339,0.0,0.0,0.0,0,0.0,0.0
2024-02-06,78.58999633789062,0.007693274657721627,2.009000062942505,-0.03506241768575724,0.04275569234347887,0.04275569234347887,0.019019038098002296,0.021872420303816007,1,1,1.0,5,0.1165046617668832,-1.0,5.0,78.58999633789062,-10.045000314712524,0.0,0.0,Opened,78.58999633789062,-10.045000314712524,0.0,0.021872420303816007,88.63499665260315,0.0,0.0,0,0.0,88.63499665260315
2024-02-07,79.20999908447266,0.00788907972353603,1.9670000076293945,-0.020905950222616987,0.028795029946153017,0.028795029946153017,0.02044973514366056,0.02007170626405138,1,1,0.0,5,0.06580636780021715,1.0,-5.0,-79.20999908447266,9.835000038146973,-0.6200027465820312,-0.21000027656555176,Live,0.0,0.0,0.0,0.02044973514366056,89.04499912261963,-0.830003023147583,-0.009321163808476491,0,0.0,0.0
2024-02-08,81.62999725341797,0.03055167525459157,1.9170000553131104,-0.025419396096771574,0.055971071351363144,0.055971071351363144,0.01697812700666981,0.020303287013477167,1,1,0.0,5,0.01953900945141068,1.0,-5.0,-81.62999725341797,9.585000276565552,-3.0400009155273438,-0.46000003814697266,Live,0.0,0.0,0.0,0.020303287013477167,91.21499752998352,-3.5000009536743164,-0.03837089347641348,1,-3.5000009536743164,0.0
2024-02-09,82.19000244140625,0.006860286742994326,1.847000002861023,-0.03651541493599697,0.043375701678991296,0.043375701678991296,0.01021725053519018,0.015292492263453807,1,1,0.0,5,0.11961396156490534,1.0,-5.0,-82.19000244140625,9.235000014305115,-3.600006103515625,-0.8100003004074097,Live,0.0,0.0,0.0,0.015292492263453807,91.42500245571136,-4.410006403923035,-0.04823632797887378,1,0.0,0.0
2024-02-12,82.0,-0.0023117463896135115,1.7680000066757202,-0.04277206067294581,0.0404603142833323,0.0404603142833323,0.01218084603105247,0.00883311615109366,1,1,0.0,5,0.3989223751246767,1.0,-5.0,-82.0,8.840000033378601,-3.410003662109375,-1.2050002813339233,Live,0.0,0.0,0.0,0.01218084603105247,90.8400000333786,-4.615003943443298,-0.050803654136366616,1,0.0,0.0
2024-02-13,82.7699966430664,0.009390202964224548,1.6890000104904175,-0.0446832555922001,0.05407345855642465,0.05407345855642465,0.012119237689301237,0.010517505423523813,1,1,0.0,5,0.09710163514378727,1.0,-5.0,-82.7699966430664,8.445000052452087,-4.180000305175781,-1.600000262260437,Live,0.0,0.0,0.0,0.012119237689301237,91.2149966955185,-5.780000567436218,-0.06336677933268178,1,0.0,0.0
2024-02-14,81.5999984741211,-0.014135534812098172,1.6089999675750732,-0.04736533002869281,0.03322979521659464,0.03322979521659464,0.016503923995095586,0.00875351674424567,1,1,0.0,5,0.06607150629160256,1.0,-5.0,-81.5999984741211,8.044999837875366,-3.0100021362304688,-2.000000476837158,Live,0.0,0.0,0.0,0.016503923995095586,89.64499831199646,-5.010002613067627,-0.05588714046968953,1,0.0,0.0
2024-02-15,82.86000061035156,0.015441202938625942,1.5809999704360962,-0.017402111686289135,0.032843314624915076,0.032843314624915076,0.011536347925530774,0.012055148580603846,1,1,0.0,5,0.021503430542852225,1.0,-5.0,-82.86000061035156,7.904999852180481,-4.2700042724609375,-2.1400004625320435,Live,0.0,0.0,0.0,0.012055148580603846,90.76500046253204,-6.410004734992981,-0.07062198757591637,1,0.0,0.0
2024-02-16,83.47000122070312,0.007361822421654063,1.6089999675750732,0.01771030845196897,-0.010348486030314907,0.010348486030314907,0.01157987084237453,0.02769154064984423,0,0,-1.0,5,0.04637312927791086,1.0,-5.0,-83.47000122070312,8.044999837875366,-4.8800048828125,-2.000000476837158,Closed,-83.47000122070312,8.044999837875366,-6.880005359649658,0.02769154064984423,91.51500105857849,-6.880005359649658,-0.07517899011164067,1,0.0,0.0
2024-02-20,82.33999633789062,-0.01353785631109139,1.5759999752044678,-0.020509628984231587,0.0069717726731401974,0.0069717726731401974,0.013782273048445681,0.026254465885495296,1,0,0.0,5,0.02899701323975901,0.0,0.0,0.0,0.0,0.0,0.0,,0.0,0.0,0.0,0.026254465885495296,0.0,0.0,0.0,0,0.0,0.0
2024-02-21,83.02999877929688,0.00837991829116369,1.7730000019073486,0.12500001891010326,-0.11662010061893957,0.11662010061893957,0.013633357200818699,0.06753868672795912,0,1,1.0,5,0.31852534824516715,2.0,-5.0,-166.05999755859375,8.865000009536743,0.0,0.0,Opened,-166.05999755859375,8.865000009536743,0.0,0.06753868672795912,174.9249975681305,0.0,0.0,0,0.0,174.9249975681305
2024-02-22,83.66999816894531,0.007708050091023377,1.7319999933242798,-0.02312465230623917,0.030832702397262546,0.030832702397262546,0.010919952865157167,0.06297372737477942,1,0,-1.0,5,0.06210246086545995,-2.0,5.0,167.33999633789062,-8.659999966621399,1.279998779296875,0.20500004291534424,Closed,167.33999633789062,-8.659999966621399,1.4849988222122192,0.06297372737477942,175.99999630451202,1.4849988222122192,0.008437493485186789,0,1.4849988222122192,0.0
2024-02-23,81.62000274658203,-0.024500961721356296,1.6030000448226929,-0.07448034006858939,0.049979378347233094,0.049979378347233094,0.015205560099976529,0.07470004264443353,1,0,0.0,5,0.05970290296482444,0.0,0.0,0.0,0.0,0.0,0.0,,0.0,0.0,0.0,0.07470004264443353,0.0,0.0,0.0,0,0.0,0.0
2024-02-26,82.52999877929688,0.011149179148403743,1.659000039100647,0.0349344932701785,-0.02378531412177476,0.02378531412177476,0.015923070715949332,0.07582604825519816,0,0,0.0,5,0.06298630209538035,0.0,0.0,0.0,0.0,0.0,0.0,,0.0,0.0,0.0,0.07582604825519816,0.0,0.0,0.0,0,0.0,0.0
2024-02-27,83.6500015258789,0.013570856211656546,1.6150000095367432,-0.026522018400768954,0.0400928746124255,0.0400928746124255,0.015694127899871565,0.07644356771054864,1,0,0.0,5,0.0377316588427619,0.0,0.0,0.0,0.0,0.0,0.0,,0.0,0.0,0.0,0.07644356771054864,0.0,0.0,0.0,0,0.0,0.0
2024-02-28,83.68000030517578,0.0003586225791949449,1.8849999904632568,0.16718264974126051,-0.16682402716206557,0.16682402716206557,0.01544815027157697,0.09319261385752124,0,1,1.0,5,10.501304553089277,53.0,-5.0,-4435.040016174316,9.424999952316284,0.0,0.0,Opened,-4435.040016174316,9.424999952316284,0.0,0.09319261385752124,4444.465016126633,0.0,0.0,0,0.0,4444.465016126633
2024-02-29,83.62000274658203,-0.0007169880302932974,1.8600000143051147,-0.013262586888394656,0.012545598858101359,0.012545598858101359,0.01507819834081742,0.09226793890050915,1,0,-1.0,5,0.41145193283133624,-53.0,5.0,4431.860145568848,-9.300000071525574,-3.17987060546875,0.12499988079071045,Closed,4431.860145568848,-9.300000071525574,-3.0548707246780396,0.09226793890050915,4441.160145640373,-3.0548707246780396,-0.0006878542147769265,0,-3.0548707246780396,0.0
2024-03-01,83.55000305175781,-0.0008371166290960241,1.8350000381469727,-0.013440847293478053,0.012603730664382029,0.012603730664382029,0.007055757557445719,0.08030672472743758,1,0,0.0,5,0.3526389545477811,0.0,0.0,0.0,0.0,0.0,0.0,,0.0,0.0,0.0,0.08030672472743758,0.0,0.0,0.0,0,0.0,0.0
2024-03-04,82.80000305175781,-0.008976660354343635,1.9160000085830688,0.0441416723445367,-0.05311833269888033,0.05311833269888033,0.008120679845424712,0.08055967532090082,0,0,0.0,5,0.1137887019845474,0.0,0.0,0.0,0.0,0.0,0.0,,0.0,0.0,0.0,0.08055967532090082,0.0,0.0,0.0,0,0.0,0.0
2024-03-05,82.04000091552734,-0.009178769422935829,1.9570000171661377,0.021398751774218017,-0.030577521197153845,0.030577521197153845,0.004777084035636275,0.07453885964665097,0,0,0.0,5,0.05561208189751767,0.0,0.0,0.0,0.0,0.0,0.0,,0.0,0.0,0.0,0.07453885964665097,0.0,0.0,0.0,0,0.0,0.0
2024-03-06,82.95999908447266,0.011214019486574411,1.9290000200271606,-0.014307612106985501,0.025521631593559913,0.025521631593559913,0.008327132662489157,0.02668012411264918,1,0,0.0,5,0.029666707154218024,0.0,0.0,0.0,0.0,0.0,0.0,,0.0,0.0,0.0,0.02668012411264918,0.0,0.0,0.0,0,0.0,0.0
2024-03-07,82.95999908447266,0.0,1.8179999589920044,-0.05754279931712669,0.05754279931712669,0.05754279931712669,0.008354402137858707,0.038810155290911315,1,0,0.0,5,inf,0.0,0.0,0.0,0.0,0.0,0.0,,0.0,0.0,0.0,0.038810155290911315,0.0,0.0,0.0,0,0.0,0.0
2024-03-08,82.08000183105469,-0.010607488706960155,1.8049999475479126,-0.007150721527683479,-0.0034567671792766763,0.0034567671792766763,0.009240001592859355,0.038526516888472466,0,0,0.0,5,0.014824399958476413,0.0,0.0,0.0,0.0,0.0,0.0,,0.0,0.0,0.0,0.038526516888472466,0.0,0.0,0.0,0,0.0,0.0
2024-03-11,82.20999908447266,0.0015837871651798174,1.7589999437332153,-0.02548476739691219,0.027068554562092006,0.027068554562092006,0.008877831221715975,0.02869538042500487,1,0,0.0,5,0.3442904981816211,0.0,0.0,0.0,0.0,0.0,0.0,,0.0,0.0,0.0,0.02869538042500487,0.0,0.0,0.0,0,0.0,0.0
2024-03-12,81.91999816894531,-0.0035275625685065037,1.7139999866485596,-0.025582693873855478,0.022055131305348974,0.022055131305348974,0.007950903793534183,0.01928337425305098,1,1,1.0,5,0.15173732680600735,-1.0,5.0,81.91999816894531,-8.569999933242798,0.0,0.0,Opened,81.91999816894531,-8.569999933242798,0.0,0.01928337425305098,90.48999810218811,0.0,0.0,0,0.0,90.48999810218811
2024-03-13,84.02999877929688,0.025756843963790965,1.6579999923706055,-0.03267210893475714,0.0584289528985481,0.0584289528985481,0.013747803817785082,0.01821568256495593,1,1,0.0,5,0.02502849227850761,1.0,-5.0,-84.02999877929688,8.289999961853027,-2.1100006103515625,-0.2799999713897705,Live,0.0,0.0,0.0,0.01821568256495593,92.3199987411499,-2.390000581741333,-0.02588822155904163,1,-2.390000581741333,0.0
2024-03-14,85.41999816894531,0.01654170427039081,1.7410000562667847,0.050060352399342145,-0.033518648128951334,0.033518648128951334,0.014895751950826437,0.03389383870585527,0,0,-1.0,5,0.06168120898690684,1.0,-5.0,-85.41999816894531,8.705000281333923,-3.5,0.1350003480911255,Closed,-85.41999816894531,8.705000281333923,-3.3649996519088745,0.03389383870585527,94.12499845027924,-3.3649996519088745,-0.03575032889574398,1,0.0,0.0
2024-03-15,85.33999633789062,-0.0009365702735846249,1.6549999713897705,-0.04939694548972251,0.048460375216137885,0.048460375216137885,0.012669977268247357,0.03852655454952509,1,1,1.0,5,1.0228338590568375,-6.0,5.0,512.0399780273438,-8.274999856948853,0.0,0.0,Opened,512.0399780273438,-8.274999856948853,0.0,0.03852655454952509,520.3149778842926,0.0,0.0,0,0.0,520.3149778842926
2024-03-18,86.88999938964844,0.018162680082863147,1.7029999494552612,0.029003008395935614,-0.010840328313072467,0.010840328313072467,0.012778026648923994,0.04285368522705693,0,0,-1.0,5,0.031297378048337834,6.0,-5.0,-521.3399963378906,8.514999747276306,-9.300018310546875,0.2399998903274536,Closed,-521.3399963378906,8.514999747276306,-9.060018420219421,0.04285368522705693,529.8549960851669,-9.060018420219421,-0.017099052546752144,0,-9.060018420219421,0.0
2024-03-19,87.37999725341797,0.0056392895294219425,1.74399995803833,0.024075167234258288,-0.018435877704836345,0.018435877704836345,0.010610568747177456,0.04285314293630915,0,0,0.0,5,0.08520780219915035,0.0,0.0,0.0,0.0,0.0,0.0,,0.0,0.0,0.0,0.04285314293630915,0.0,0.0,0.0,0,0.0,0.0
2024-03-20,85.94999694824219,-0.016365304991124208,1.6990000009536743,-0.025802728306984712,0.009437423315860505,0.009437423315860505,0.014122924528739037,0.04146248350119836,1,0,0.0,5,0.031166572181335925,0.0,0.0,0.0,0.0,0.0,0.0,,0.0,0.0,0.0,0.04146248350119836,0.0,0.0,0.0,0,0.0,0.0
2024-03-21,85.77999877929688,-0.001977872890998267,1.6829999685287476,-0.009417323376071596,0.007439450485073329,0.007439450485073329,0.012551959899866615,0.03322790134766796,1,0,0.0,5,0.0934172713672167,0.0,0.0,0.0,0.0,0.0,0.0,,0.0,0.0,0.0,0.03322790134766796,0.0,0.0,0.0,0,0.0,0.0
2024-03-22,85.43000030517578,-0.0040801874458124,1.659000039100647,-0.014260207888821874,0.010180020443009474,0.010180020443009474,0.012744484517360266,0.024372215072012253,1,0,0.0,5,0.06787060646762645,0.0,0.0,0.0,0.0,0.0,0.0,,0.0,0.0,0.0,0.024372215072012253,0.0,0.0,0.0,0,0.0,0.0
2024-03-25,86.75,0.015451243007244209,1.6150000095367432,-0.026522018400768954,0.04197326140801316,0.04197326140801316,0.011817046230277798,0.020625024049482087,1,1,1.0,5,0.03195554250558652,-1.0,5.0,86.75,-8.075000047683716,0.0,0.0,Opened,86.75,-8.075000047683716,0.0,0.020625024049482087,94.82500004768372,0.0,0.0,0,0.0,94.82500004768372
2024-03-26,86.25,-0.0057636887608069065,1.5750000476837158,-0.02476777809091235,0.019004089330105445,0.019004089330105445,0.01148808034484082,0.0078064035971570685,1,1,0.0,5,0.0784707845272448,1.0,-5.0,-86.25,7.875000238418579,0.5,-0.19999980926513672,Live,0.0,0.0,0.0,0.01148808034484082,94.12500023841858,0.3000001907348633,0.003187253014342236,0,0.0,0.0
2024-03-27,86.08999633789062,-0.0018551149230072728,1.718000054359436,0.09079365228339142,-0.0926487672063987,0.0926487672063987,0.008592623240114297,0.04950326399734947,0,0,-1.0,5,0.9766864246933817,1.0,-5.0,-86.08999633789062,8.59000027179718,0.660003662109375,0.5150002241134644,Closed,-86.08999633789062,8.59000027179718,1.1750038862228394,0.04950326399734947,94.6799966096878,1.1750038862228394,0.012410265402381849,0,1.1750038862228394,0.0
2024-03-28,87.4800033569336,0.016145976050311317,1.7630000114440918,0.026193222154136775,-0.010047246103825458,0.010047246103825458,0.010880659989791049,0.04980119396702385,0,0,0.0,5,0.03269400664076389,0.0,0.0,0.0,0.0,0.0,0.0,,0.0,0.0,0.0,0.04980119396702385,0.0,0.0,0.0,0,0.0,0.0
2024-04-01,87.41999816894531,-0.0006859303347697132,1.8370000123977661,0.04197390837964887,-0.042659838714418585,0.042659838714418585,0.010344775748671042,0.04921796724466307,0,0,0.0,5,1.285872080340231,0.0,0.0,0.0,0.0,0.0,0.0,,0.0,0.0,0.0,0.04921796724466307,0.0,0.0,0.0,0,0.0,0.0
2024-04-02,88.91999816894531,0.017158545314782003,1.8619999885559082,0.013609132275133051,0.003549413039648952,0.003549413039648952,0.010807895336230932,0.04219282563079675,1,0,0.0,5,0.016608491866730156,0.0,0.0,0.0,0.0,0.0,0.0,,0.0,0.0,0.0,0.04219282563079675,0.0,0.0,0.0,0,0.0,0.0
2024-04-03,89.3499984741211,0.004835810998992551,1.840999960899353,-0.011278210411183709,0.01611402141017626,0.01611402141017626,0.009068398304839607,0.03808144193044948,1,0,0.0,5,0.04805406194139436,0.0,0.0,0.0,0.0,0.0,0.0,,0.0,0.0,0.0,0.03808144193044948,0.0,0.0,0.0,0,0.0,0.0
2024-04-04,90.6500015258789,0.014549558746040026,1.7740000486373901,-0.03639321764528036,0.05094277639132039,0.05094277639132039,0.007902073475017521,0.031032800077975688,1,1,1.0,5,0.04895042242594792,-1.0,5.0,90.6500015258789,-8.87000024318695,0.0,0.0,Opened,90.6500015258789,-8.87000024318695,0.0,0.031032800077975688,99.52000176906586,0.0,0.0,0,0.0,99.52000176906586
2024-04-05,91.16999816894531,0.005736311465123878,1.784999966621399,0.006200630035189558,-0.00046431857006568045,0.00046431857006568045,0.007362898199415884,0.02914317467694973,0,0,-1.0,5,0.02116359108472141,1.0,-5.0,-91.16999816894531,8.924999833106995,-0.5199966430664062,0.054999589920043945,Closed,-91.16999816894531,8.924999833106995,-0.4649970531463623,0.02914317467694973,100.09499800205231,-0.4649970531463623,-0.004645557344801867,0,-0.4649970531463623,0.0
2024-04-08,90.37999725341797,-0.00866514128982876,1.843999981880188,0.033053230454935356,-0.041718371744764116,0.041718371744764116,0.010142553386188606,0.026279489100118566,0,1,1.0,5,0.07782638385931931,1.0,-5.0,-90.37999725341797,9.21999990940094,0.0,0.0,Opened,-90.37999725341797,9.21999990940094,0.0,0.026279489100118566,99.59999716281891,0.0,0.0,0,0.0,99.59999716281891
2024-04-09,89.41999816894531,-0.01062180917953448,1.871999979019165,0.015184380376418227,-0.025806189555952708,0.025806189555952708,0.010595738343822316,0.02647657282056383,0,1,0.0,5,0.029927453338638894,-1.0,5.0,89.41999816894531,-9.359999895095825,-0.9599990844726562,-0.13999998569488525,Live,0.0,0.0,0.0,0.02647657282056383,98.77999806404114,-1.0999990701675415,-0.011135848266107366,0,0.0,0.0
2024-04-10,90.4800033569336,0.01185422958727389,1.8849999904632568,0.0069444506355726965,0.004909778951701194,0.004909778951701194,0.011618783308948723,0.02554078203694284,1,0,-1.0,5,0.012204593115308192,-1.0,5.0,90.4800033569336,-9.424999952316284,0.100006103515625,-0.20500004291534424,Closed,90.4800033569336,-9.424999952316284,-0.10499393939971924,0.02554078203694284,99.90500330924988,-0.10499393939971924,-0.0010509377500816136,0,-0.10499393939971924,0.0
2024-04-11,89.73999786376953,-0.008178663414111775,1.7640000581741333,-0.0641909458362313,0.05601228242211953,0.05601228242211953,0.01010844516616384,0.03717746268660289,1,1,1.0,5,0.15427799270187376,-1.0,5.0,89.73999786376953,-8.820000290870667,0.0,0.0,Opened,89.73999786376953,-8.820000290870667,0.0,0.03717746268660289,98.5599981546402,0.0,0.0,0,0.0,98.5599981546402
2024-04-12,90.44999694824219,0.007911735027567923,1.7699999809265137,0.0034013166408797257,0.0045104183866881975,0.0045104183866881975,0.010560059535139008,0.03707109508980167,1,1,0.0,5,0.008412789747322298,1.0,-5.0,-90.44999694824219,8.849999904632568,-0.7099990844726562,0.029999613761901855,Live,0.0,0.0,0.0,0.03707109508980167,99.29999685287476,-0.6799994707107544,-0.0068479304356701826,0,0.0,0.0
2024-04-15,90.0999984741211,-0.003869524443669947,1.690999984741211,-0.044632766687347614,0.040763242243677666,0.040763242243677666,0.009951359383270476,0.03540959459200362,1,1,0.0,5,0.21647863172630666,1.0,-5.0,-90.0999984741211,8.454999923706055,-0.3600006103515625,-0.3650003671646118,Live,0.0,0.0,0.0,0.03540959459200362,98.55499839782715,-0.7250009775161743,-0.007356308551593041,0,0.0,0.0
2024-04-16,90.0199966430664,-0.0008879226682525498,1.7319999933242798,0.024246013573645087,-0.025133936241897636,0.025133936241897636,0.008313258840636014,0.03761033427549113,0,0,-1.0,5,0.5253806749248014,1.0,-5.0,-90.0199966430664,8.659999966621399,-0.279998779296875,-0.16000032424926758,Closed,-90.0199966430664,8.659999966621399,-0.4399991035461426,0.03761033427549113,98.6799966096878,-0.4399991035461426,-0.004458847979965842,0,-0.4399991035461426,0.0
2024-04-17,87.29000091552734,-0.030326547759867428,1.7120000123977661,-0.011547333142956417,-0.01877921461691101,0.01877921461691101,0.01427418698613805,0.03579735653610279,0,0,0.0,5,0.007467891266873312,0.0,0.0,0.0,0.0,0.0,0.0,,0.0,0.0,0.0,0.03579735653610279,0.0,0.0,0.0,0,0.0,0.0
2024-04-18,87.11000061035156,-0.002062095352135196,1.7569999694824219,0.026285021471250225,-0.02834711682338542,0.02834711682338542,0.014416825315884074,0.02921795155972773,0,0,0.0,5,0.25710074193221544,0.0,0.0,0.0,0.0,0.0,0.0,,0.0,0.0,0.0,0.02921795155972773,0.0,0.0,0.0,0,0.0,0.0
2024-04-19,87.29000091552734,0.0020663563760139336,1.7519999742507935,-0.002845757153371653,0.004912113529385587,0.004912113529385587,0.013208573405769548,0.029145592405459678,1,0,0.0,5,0.02764153832255762,0.0,0.0,0.0,0.0,0.0,0.0,,0.0,0.0,0.0,0.029145592405459678,0.0,0.0,0.0,0,0.0,0.0
2024-04-22,87.0,-0.003322269589709159,1.7910000085830688,0.022260293895810745,-0.025582563485519905,0.025582563485519905,0.013243385384253995,0.017561752428378194,0,1,1.0,5,0.13793432638121192,1.0,-5.0,-87.0,8.955000042915344,0.0,0.0,Opened,-87.0,8.955000042915344,0.0,0.017561752428378194,95.95500004291534,0.0,0.0,0,0.0,95.95500004291534
2024-04-23,88.41999816894531,0.01632181803385424,1.812000036239624,0.011725308518099498,0.004596509515754743,0.004596509515754743,0.016923691468743795,0.016158554365784707,1,0,-1.0,5,0.014721885899677841,-1.0,5.0,88.41999816894531,-9.06000018119812,1.4199981689453125,-0.10500013828277588,Closed,88.41999816894531,-9.06000018119812,1.3149980306625366,0.016923691468743795,97.47999835014343,1.3149980306625366,0.013489926681565251,0,1.3149980306625366,0.0
2024-04-24,88.0199966430664,-0.004523880730178509,1.652999997138977,-0.08774836419463539,0.08322448346445688,0.08322448346445688,0.008544661252092448,0.0470315764961453,1,1,1.0,5,0.36426662991373315,-2.0,5.0,176.0399932861328,-8.264999985694885,0.0,0.0,Opened,176.0399932861328,-8.264999985694885,0.0,0.0470315764961453,184.3049932718277,0.0,0.0,0,0.0,184.3049932718277
2024-04-25,89.01000213623047,0.011247506599877166,1.6380000114440918,-0.009074401525013487,0.020321908124890653,0.020321908124890653,0.00913406015783726,0.04347520227616095,1,1,0.0,5,0.014846935587784882,2.0,-5.0,-178.02000427246094,8.190000057220459,-1.980010986328125,-0.07499992847442627,Live,0.0,0.0,0.0,0.04347520227616095,186.2100043296814,-2.0550109148025513,-0.011035985537942376,0,0.0,0.0
2024-04-26,89.5,0.005504975306253712,1.6139999628067017,-0.014652044242802642,0.020157019549056354,0.020157019549056354,0.009047430121362849,0.043095506347056944,1,1,0.0,5,0.04799802098221699,2.0,-5.0,-179.0,8.069999814033508,-2.9600067138671875,-0.19500017166137695,Live,0.0,0.0,0.0,0.043095506347056944,187.0699998140335,-3.1550068855285645,-0.016865381347436575,0,0.0,0.0
2024-04-29,88.4000015258789,-0.01229048574436975,2.0299999713897705,0.25774474483856635,-0.2700352305829361,0.2700352305829361,0.011638914803369158,0.13188455135749172,0,0,-1.0,5,0.4815756628582211,2.0,-5.0,-176.8000030517578,10.149999856948853,-0.760009765625,1.8849998712539673,Closed,-176.8000030517578,10.149999856948853,1.1249901056289673,0.13188455135749172,186.95000290870667,1.1249901056289673,0.0060175987596979815,0,1.1249901056289673,0.0
2024-04-30,87.86000061035156,-0.00610860753627096,1.9910000562667847,-0.019211781119526705,0.013103173583255745,0.013103173583255745,0.009460877152774503,0.13376237673654756,1,0,0.0,5,0.07126978961674751,0.0,0.0,0.0,0.0,0.0,0.0,,0.0,0.0,0.0,0.13376237673654756,0.0,0.0,0.0,0,0.0,0.0
2024-05-01,83.44000244140625,-0.0503072858893715,1.9320000410079956,-0.029633356901765606,-0.020673928987605894,0.020673928987605894,0.024166939240806106,0.12361107263901384,0,0,0.0,5,0.01363900810125019,0.0,0.0,0.0,0.0,0.0,0.0,,0.0,0.0,0.0,0.12361107263901384,0.0,0.0,0.0,0,0.0,0.0
2024-05-02,83.66999816894531,0.002756420431561768,2.0350000858306885,0.05331265146814079,-0.050556231036579025,0.050556231036579025,0.022507651708441215,0.120912459199457,0,0,0.0,5,0.4704131942229605,0.0,0.0,0.0,0.0,0.0,0.0,,0.0,0.0,0.0,0.120912459199457,0.0,0.0,0.0,0,0.0,0.0
2024-05-03,82.95999908447266,-0.008485706944071358,2.1419999599456787,0.05257978850222633,-0.06106549544629769,0.06106549544629769,0.02055885180546242,0.11561536261274011,0,0,0.0,5,0.15998583245876066,0.0,0.0,0.0,0.0,0.0,0.0,,0.0,0.0,0.0,0.11561536261274011,0.0,0.0,0.0,0,0.0,0.0
2024-05-06,83.33000183105469,0.004460013870121626,2.194999933242798,0.02474321862193829,-0.020283204751816664,0.020283204751816664,0.02237252345169049,0.039142018207010944,0,0,0.0,5,0.14613461613254286,0.0,0.0,0.0,0.0,0.0,0.0,,0.0,0.0,0.0,0.039142018207010944,0.0,0.0,0.0,0,0.0,0.0
2024-05-07,83.16000366210938,-0.00204005958490161,2.2070000171661377,0.005467008787381378,-0.007507068372282988,0.007507068372282988,0.02269104068057039,0.0348567821409811,0,0,0.0,5,0.07112049267477505,0.0,0.0,0.0,0.0,0.0,0.0,,0.0,0.0,0.0,0.0348567821409811,0.0,0.0,0.0,0,0.0,0.0
2024-05-08,83.58000183105469,0.005050482809642709,2.187000036239624,-0.009062066502470767,0.014112549312113476,0.014112549312113476,0.005669208461245482,0.02785339392876133,1,0,0.0,5,0.04695055837520103,0.0,0.0,0.0,0.0,0.0,0.0,,0.0,0.0,0.0,0.02785339392876133,0.0,0.0,0.0,0,0.0,0.0
2024-05-09,83.87999725341797,0.003589320600514867,2.3010001182556152,0.05212623691218843,-0.04853691631167356,0.04853691631167356,0.005769017262541438,0.02755975141758596,0,1,1.0,5,0.39838442890924425,2.0,-5.0,-167.75999450683594,11.505000591278076,0.0,0.0,Opened,-167.75999450683594,11.505000591278076,0.0,0.02755975141758596,179.264995098114,0.0,0.0,0,0.0,179.264995098114
2024-05-10,82.79000091552734,-0.012994711177654605,2.252000093460083,-0.021295098773258192,0.008300387595603587,0.008300387595603587,0.007592066178095887,0.02895898998014199,1,0,-1.0,5,0.04457625142961888,-2.0,5.0,165.5800018310547,-11.260000467300415,-2.17999267578125,0.24500012397766113,Closed,165.5800018310547,-11.260000467300415,-1.9349925518035889,0.02895898998014199,176.8400022983551,-1.9349925518035889,-0.010942052288254168,0,-1.9349925518035889,0.0
2024-05-13,83.36000061035156,0.006884885717126643,2.38100004196167,0.05728239038542182,-0.05039750466829518,0.05039750466829518,0.008043143167031511,0.0358302697012092,0,1,1.0,5,0.23764358255538845,2.0,-5.0,-166.72000122070312,11.90500020980835,0.0,0.0,Opened,-166.72000122070312,11.90500020980835,0.0,0.0358302697012092,178.62500143051147,0.0,0.0,0,0.0,178.62500143051147
2024-05-14,82.37999725341797,-0.01175627818807734,2.3440001010894775,-0.015539664099169292,0.003783385911091952,0.003783385911091952,0.009693295653824353,0.03862884469276625,1,0,-1.0,5,0.03761037171521683,-2.0,5.0,164.75999450683594,-11.720000505447388,-1.9600067138671875,0.18499970436096191,Closed,164.75999450683594,-11.720000505447388,-1.7750070095062256,0.03862884469276625,176.47999501228333,-1.7750070095062256,-0.0100578369201715,0,-1.7750070095062256,0.0
2024-05-15,82.75,0.0044914148933972164,2.4159998893737793,0.030716631902377722,-0.026225217008980506,0.026225217008980506,0.009596608657454903,0.03709145913845501,0,0,0.0,5,0.19967299222635077,0.0,0.0,0.0,0.0,0.0,0.0,,0.0,0.0,0.0,0.03709145913845501,0.0,0.0,0.0,0,0.0,0.0
2024-05-16,83.2699966430664,0.006283947348234564,2.494999885559082,0.03269867541499738,-0.026414728066762816,0.026414728066762816,0.01005086222724101,0.03384653276923159,0,0,0.0,5,0.15591202262347317,0.0,0.0,0.0,0.0,0.0,0.0,,0.0,0.0,0.0,0.03384653276923159,0.0,0.0,0.0,0,0.0,0.0
2024-05-17,83.9800033569336,0.008526561096316554,2.625999927520752,0.05250502924665068,-0.04397846815033413,0.04397846815033413,0.008311539118928532,0.02881283601378858,0,1,1.0,5,0.1925510177735104,1.0,-5.0,-83.9800033569336,13.12999963760376,0.0,0.0,Opened,-83.9800033569336,13.12999963760376,0.0,0.02881283601378858,97.11000299453735,0.0,0.0,0,0.0,97.11000299453735
2024-05-20,83.70999908447266,-0.0032151019488931842,2.750999927520752,0.047600915251362785,-0.05081601720025597,0.05081601720025597,0.00832405073632073,0.02691240967468812,0,1,0.0,5,0.48655707985214863,-1.0,5.0,83.70999908447266,-13.75499963760376,-0.2700042724609375,-0.625,Live,0.0,0.0,0.0,0.02691240967468812,97.46499872207642,-0.8950042724609375,-0.009182827519580253,0,0.0,0.0
2024-05-21,82.87999725341797,-0.009915205353390633,2.6710000038146973,-0.029080307456842425,0.019165102103451792,0.019165102103451792,0.007638610066507236,0.032657812449938914,1,0,-1.0,5,0.09451950557734279,-1.0,5.0,82.87999725341797,-13.355000019073486,-1.100006103515625,-0.22500038146972656,Closed,82.87999725341797,-13.355000019073486,-1.3250064849853516,0.032657812449938914,96.23499727249146,-1.3250064849853516,-0.013768447264913069,0,-1.3250064849853516,0.0
2024-05-22,81.9000015258789,-0.011824273166208932,2.8420000076293945,0.0640209672671197,-0.07584524043332863,0.07584524043332863,0.009220512629594306,0.036771188995488334,0,1,1.0,5,0.18788319724098082,1.0,-5.0,-81.9000015258789,14.210000038146973,0.0,0.0,Opened,-81.9000015258789,14.210000038146973,0.0,0.036771188995488334,96.11000156402588,0.0,0.0,0,0.0,96.11000156402588
2024-05-23,81.36000061035156,-0.006593417649164657,2.6570000648498535,-0.06509498321003016,0.0585015655608655,0.0585015655608655,0.008041139558091792,0.05750148854773316,1,0,-1.0,5,0.32241671952479245,-1.0,5.0,81.36000061035156,-13.285000324249268,-0.5400009155273438,0.9249997138977051,Closed,81.36000061035156,-13.285000324249268,0.38499879837036133,0.05750148854773316,94.64500093460083,0.38499879837036133,0.004067819690090059,0,0.38499879837036133,0.0
2024-05-24,82.12000274658203,0.009341225793129793,2.5199999809265137,-0.05156194225801858,0.06090316805114837,0.06090316805114837,0.008375039132008289,0.058892730804048436,1,1,1.0,5,0.16938579259098807,-1.0,5.0,82.12000274658203,-12.599999904632568,0.0,0.0,Opened,82.12000274658203,-12.599999904632568,0.0,0.058892730804048436,94.7200026512146,0.0,0.0,0,0.0,94.7200026512146
2024-05-28,84.22000122070312,0.025572313734591345,2.5899999141693115,0.02777775149707007,-0.0022054377624787236,0.0022054377624787236,0.015922771783364206,0.054840838059778935,0,0,-1.0,5,0.03340500727772839,1.0,-5.0,-84.22000122070312,12.949999570846558,-2.0999984741210938,0.34999966621398926,Closed,-84.22000122070312,12.949999570846558,-1.7499988079071045,0.054840838059778935,97.17000079154968,-1.7499988079071045,-0.018009661352799865,0,-1.7499988079071045,0.0
2024-05-29,83.5999984741211,-0.007361704317211726,2.493000030517578,-0.03745169377074831,0.03008998945353658,0.03008998945353658,0.015508034151302537,0.05566058543406357,1,0,0.0,5,0.15170821830665307,0.0,0.0,0.0,0.0,0.0,0.0,,0.0,0.0,0.0,0.05566058543406357,0.0,0.0,0.0,0,0.0,0.0
2024-05-30,81.86000061035156,-0.02081337195607913,2.572000026702881,0.03168872652155619,-0.05250209847763532,0.05250209847763532,0.01783298783396625,0.04550541721233436,0,1,1.0,5,0.04783673896949748,1.0,-5.0,-81.86000061035156,12.860000133514404,0.0,0.0,Opened,-81.86000061035156,12.860000133514404,0.0,0.04550541721233436,94.72000074386597,0.0,0.0,0,0.0,94.72000074386597
2024-05-31,81.62000274658203,-0.002931808721965523,2.5869998931884766,0.00583198535375784,-0.008763794075723363,0.008763794075723363,0.01756623359126142,0.037942628707201304,0,1,0.0,5,0.06304934771214758,-1.0,5.0,81.62000274658203,-12.934999465942383,-0.23999786376953125,-0.07499933242797852,Live,0.0,0.0,0.0,0.037942628707201304,94.55500221252441,-0.31499719619750977,-0.003331364695963027,0,0.0,0.0
2024-06-03,78.36000061035156,-0.03994121571341147,2.75600004196167,0.06532669337102326,-0.10526790908443473,0.10526790908443473,0.024143431545876348,0.03789372742481108,0,1,0.0,5,0.057524676588235714,-1.0,5.0,78.36000061035156,-13.78000020980835,-3.5,-0.9200000762939453,Live,0.0,0.0,0.0,0.03789372742481108,92.14000082015991,-4.420000076293945,-0.04797048010582245,1,-4.420000076293945,0.0
2024-06-04,77.5199966430664,-0.010719805522489856,2.5859999656677246,-0.06168362616313405,0.0509638206406442,0.0509638206406442,0.014739432572508862,0.051260383084732006,1,0,-1.0,5,0.19195426208057717,-1.0,5.0,77.5199966430664,-12.929999828338623,-4.340003967285156,-0.06999969482421875,Closed,77.5199966430664,-12.929999828338623,-4.410003662109375,0.051260383084732006,90.44999647140503,-4.410003662109375,-0.048756261295195946,0,0.0,0.0
2024-06-05,78.41000366210938,0.011480999194839026,2.756999969482422,0.06612529237622922,-0.05464429318139019,0.05464429318139019,0.019312586651801203,0.052870122389837904,0,1,1.0,5,0.20251313927753334,2.0,-5.0,-156.82000732421875,13.78499984741211,0.0,0.0,Opened,-156.82000732421875,13.78499984741211,0.0,0.052870122389837904,170.60500717163086,0.0,0.0,0,0.0,170.60500717163086
2024-06-06,79.87000274658203,0.01862006142435857,2.821000099182129,0.023213685313069554,-0.004593623888710985,0.004593623888710985,0.022841616788846174,0.05259526028873817,0,1,0.0,5,0.04403341674331937,-2.0,5.0,159.74000549316406,-14.105000495910645,2.9199981689453125,-0.32000064849853516,Live,0.0,0.0,0.0,0.05259526028873817,173.8450059890747,2.5999975204467773,0.014955836698640479,0,0.0,0.0
2024-06-07,79.62000274658203,-0.0031300862827464693,2.9179999828338623,0.03438492741629329,-0.037515013699039756,0.037515013699039756,0.02283795496964352,0.0522535409978217,0,1,0.0,5,0.40260104645487865,-2.0,5.0,159.24000549316406,-14.589999914169312,2.4199981689453125,-0.8050000667572021,Live,0.0,0.0,0.0,0.0522535409978217,173.83000540733337,1.6149981021881104,0.009290675096072789,0,0.0,0.0
2024-06-10,81.62999725341797,0.025244843475243695,2.9059998989105225,-0.004112434542129728,0.029357278017373423,0.029357278017373423,0.014967882410720357,0.04807392103366084,1,0,-1.0,5,0.005799253976980824,-2.0,5.0,163.25999450683594,-14.529999494552612,6.4399871826171875,-0.7449996471405029,Closed,163.25999450683594,-14.529999494552612,5.694987535476685,0.04807392103366084,177.78999400138855,5.694987535476685,0.03203210376075611,0,5.694987535476685,0.0
2024-06-11,81.91999816894531,0.0035526267951111468,3.128999948501587,0.07673780362988603,-0.07318517683477488,0.07318517683477488,0.01136020319535084,0.03274426606152251,0,1,1.0,5,0.825040750451184,5.0,-5.0,-409.59999084472656,15.644999742507935,0.0,0.0,Opened,-409.59999084472656,15.644999742507935,0.0,0.03274426606152251,425.2449905872345,0.0,0.0,0,0.0,425.2449905872345
2024-06-12,82.5999984741211,0.008300785160827218,3.0450000762939453,-0.02684559718445101,0.035146382345278226,0.035146382345278226,0.011426132790121484,0.039401995664490354,1,0,-1.0,5,0.11922330704314288,-5.0,5.0,412.99999237060547,-15.225000381469727,3.4000015258789062,0.419999361038208,Closed,412.99999237060547,-15.225000381469727,3.8200008869171143,0.039401995664490354,428.2249927520752,3.8200008869171143,0.008920546328618282,0,3.8200008869171143,0.0
2024-06-13,82.75,0.0018159991361974548,2.9590001106262207,-0.02824300936386015,0.030059008500057605,0.030059008500057605,0.010906652402967492,0.04490853801275139,1,0,0.0,5,0.5561248624758508,0.0,0.0,0.0,0.0,0.0,0.0,,0.0,0.0,0.0,0.04490853801275139,0.0,0.0,0.0,0,0.0,0.0
2024-06-14,82.62000274658203,-0.0015709637875283011,2.88100004196167,-0.02636027906333649,0.024789315275808188,0.024789315275808188,0.010555659860375823,0.04500902607657338,1,0,0.0,5,0.5851158853421866,0.0,0.0,0.0,0.0,0.0,0.0,,0.0,0.0,0.0,0.04500902607657338,0.0,0.0,0.0,0,0.0,0.0
2024-06-17,84.25,0.019728845306597353,2.7880001068115234,-0.03228043519458712,0.052009280501184474,0.052009280501184474,0.008275294521280566,0.0470910302289702,1,1,1.0,5,0.05414527827821688,-1.0,5.0,84.25,-13.940000534057617,0.0,0.0,Opened,84.25,-13.940000534057617,0.0,0.0470910302289702,98.19000053405762,0.0,0.0,0,0.0,98.19000053405762
2024-06-18,85.33000183105469,0.012819012831509546,2.9089999198913574,0.04340021823679718,-0.030581205405287637,0.030581205405287637,0.00852181254954255,0.032208643576386996,0,0,-1.0,5,0.11541952573478831,1.0,-5.0,-85.33000183105469,14.544999599456787,-1.0800018310546875,0.6049990653991699,Closed,-85.33000183105469,14.544999599456787,-0.4750027656555176,0.032208643576386996,99.87500143051147,-0.4750027656555176,-0.004755972554213209,0,-0.4750027656555176,0.0
2024-06-20,85.70999908447266,0.004453266673664524,2.740999937057495,-0.05775180043323502,0.06220506710689955,0.06220506710689955,0.008684706412967917,0.037761390182420675,1,1,1.0,5,0.4147289579639919,-3.0,5.0,257.12999725341797,-13.704999685287476,0.0,0.0,Opened,257.12999725341797,-13.704999685287476,0.0,0.037761390182420675,270.83499693870544,0.0,0.0,0,0.0,270.83499693870544
2024-06-21,85.23999786376953,-0.0054836218145318805,2.7049999237060547,-0.01313389791248476,0.0076502760979528794,0.0076502760979528794,0.010326725091620382,0.03756559332714965,1,1,0.0,5,0.07600636586548488,3.0,-5.0,-255.7199935913086,13.524999618530273,1.410003662109375,-0.18000006675720215,Live,0.0,0.0,0.0,0.03756559332714965,269.24499320983887,1.2300035953521729,0.004568343428371783,0,0.0,0.0
2024-06-24,86.01000213623047,0.00903336804033672,2.811000108718872,0.03918676081424399,-0.030153392773907273,0.030153392773907273,0.009436408601112313,0.044396725865269326,0,0,-1.0,5,0.1417756232994545,3.0,-5.0,-258.0300064086914,14.05500054359436,-0.9000091552734375,0.35000085830688477,Closed,-258.0300064086914,14.05500054359436,-0.5500082969665527,0.044396725865269326,272.08500695228577,-0.5500082969665527,-0.002021457569924112,0,-0.5500082969665527,0.0
2024-06-25,85.01000213623047,-0.011626554762969366,2.75600004196167,-0.019566013742442934,0.007939458979473568,0.007939458979473568,0.010174673935682044,0.04271243666190973,1,0,0.0,5,0.054558259284539556,0.0,0.0,0.0,0.0,0.0,0.0,,0.0,0.0,0.0,0.04271243666190973,0.0,0.0,0.0,0,0.0,0.0
2024-06-26,85.25,0.0028231720707985186,2.628000020980835,-0.046444128821466535,0.049267300892265053,0.049267300892265053,0.008284358578978943,0.03766246500133027,1,1,1.0,5,0.5071360091792754,-3.0,5.0,255.75,-13.140000104904175,0.0,0.0,Opened,255.75,-13.140000104904175,0.0,0.03766246500133027,268.8900001049042,0.0,0.0,0,0.0,268.8900001049042
2024-06-27,86.38999938964844,0.013372426858046182,2.684999942779541,0.021689467786774275,-0.008317040928728092,0.008317040928728092,0.010252533481335698,0.034101605226050144,0,0,-1.0,5,0.05041032230633962,3.0,-5.0,-259.1699981689453,13.424999713897705,-3.4199981689453125,0.2849996089935303,Closed,-259.1699981689453,13.424999713897705,-3.1349985599517822,0.034101605226050144,272.594997882843,-3.1349985599517822,-0.0115005725868057,0,-3.1349985599517822,0.0
2024-06-28,86.41000366210938,0.00023155773356031695,2.6010000705718994,-0.03128486927291474,0.031516427006475056,0.031516427006475056,0.009557045680395984,0.03626085603887744,1,0,0.0,5,4.0667867028866365,0.0,0.0,0.0,0.0,0.0,0.0,,0.0,0.0,0.0,0.03626085603887744,0.0,0.0,0.0,0,0.0,0.0
2024-07-01,86.5999984741211,0.0021987594486705397,2.4779999256134033,-0.04728955848565253,0.04948831793432307,0.04948831793432307,0.008903072875590145,0.028305137123705637,1,1,1.0,5,0.6154190637124465,-4.0,5.0,346.3999938964844,-12.389999628067017,0.0,0.0,Opened,346.3999938964844,-12.389999628067017,0.0,0.028305137123705637,358.7899935245514,0.0,0.0,0,0.0,358.7899935245514
2024-07-02,86.23999786376953,-0.004157051001093759,2.434999942779541,-0.017352697386872618,0.013195646385778859,0.013195646385778859,0.006463198206456067,0.028420208063650605,1,1,0.0,5,0.11786147144290123,4.0,-5.0,-344.9599914550781,12.174999713897705,1.44000244140625,-0.21499991416931152,Live,0.0,0.0,0.0,0.028420208063650605,357.13499116897583,1.2250025272369385,0.0034300826228963305,0,0.0,0.0
2024-07-03,87.33999633789062,0.012755084663368388,2.4179999828338623,-0.0069815032218331075,0.019736587885201495,0.019736587885201495,0.007819904562531559,0.026057750693514934,1,1,0.0,5,0.015153352333195452,4.0,-5.0,-349.3599853515625,12.089999914169312,-2.959991455078125,-0.2999997138977051,Live,0.0,0.0,0.0,0.026057750693514934,361.4499852657318,-3.25999116897583,-0.009019204044452072,0,0.0,0.0
2024-07-05,86.54000091552734,-0.00915955410930358,2.319000005722046,-0.04094291886461876,0.03178336475531518,0.03178336475531518,0.008186274658326598,0.016602499495415417,1,1,0.0,5,0.1197811069975739,4.0,-5.0,-346.1600036621094,11.59500002861023,0.239990234375,-0.7949995994567871,Live,0.0,0.0,0.0,0.016602499495415417,357.7550036907196,-0.5550093650817871,-0.0015513671628799763,0,0.0,0.0
2024-07-08,85.75,-0.00912873708307993,2.365999937057495,0.020267326959671594,-0.029396064042751524,0.029396064042751524,0.00923058184001596,0.02724616002242878,0,0,-1.0,5,0.06125850230474099,4.0,-5.0,-343.0,11.829999685287476,3.399993896484375,-0.559999942779541,Closed,-343.0,11.829999685287476,2.839993953704834,0.02724616002242878,354.8299996852875,2.839993953704834,0.008003815788472608,0,2.839993953704834,0.0
2024-07-09,84.66000366210938,-0.012711327555575802,2.3440001010894775,-0.009298324832323512,-0.0034130027232522897,0.0034130027232522897,0.010104654563164903,0.021985956676003247,0,0,0.0,5,0.02025317647906044,0.0,0.0,0.0,0.0,0.0,0.0,,0.0,0.0,0.0,0.021985956676003247,0.0,0.0,0.0,0,0.0,0.0
2024-07-10,85.08000183105469,0.00496099870986999,2.3289999961853027,-0.0063993618844994105,0.0113603605943694,0.0113603605943694,0.01096383088839316,0.021721600942128775,1,0,0.0,5,0.03531096231780752,0.0,0.0,0.0,0.0,0.0,0.0,,0.0,0.0,0.0,0.021721600942128775,0.0,0.0,0.0,0,0.0,0.0
2024-07-11,85.4000015258789,0.0037611622935744826,2.2679998874664307,-0.026191545220603185,0.029952707514177668,0.029952707514177668,0.008190084641269139,0.02300882129216227,1,1,1.0,5,0.18493716587851494,-1.0,5.0,85.4000015258789,-11.339999437332153,0.0,0.0,Opened,85.4000015258789,-11.339999437332153,0.0,0.02300882129216227,96.74000096321106,0.0,0.0,0,0.0,96.74000096321106
2024-07-12,85.02999877929688,-0.00433258477717835,2.3289999961853027,0.026895992833145588,-0.031228577610323938,0.031228577610323938,0.007770729062326264,0.022034084337048523,0,0,-1.0,5,0.17003480429830956,1.0,-5.0,-85.02999877929688,11.644999980926514,0.37000274658203125,0.30500054359436035,Closed,-85.02999877929688,11.644999980926514,0.6750032901763916,0.022034084337048523,96.67499876022339,0.6750032901763916,0.006982190833542783,0,0.6750032901763916,0.0
2024-07-15,84.8499984741211,-0.002116903537103254,2.1579999923706055,-0.07342207131592104,0.07130516777881779,0.07130516777881779,0.007102731280569137,0.036620176411780794,1,1,1.0,5,0.8821149116730804,-5.0,5.0,424.24999237060547,-10.789999961853027,0.0,0.0,Opened,424.24999237060547,-10.789999961853027,0.0,0.036620176411780794,435.0399923324585,0.0,0.0,0,0.0,435.0399923324585
2024-07-16,83.7300033569336,-0.013199706980891679,2.187999963760376,0.013901747681108523,-0.0271014546620002,0.0271014546620002,0.007286334300141168,0.03931856113184459,0,0,-1.0,5,0.027521450104522237,5.0,-5.0,-418.65001678466797,10.93999981880188,5.5999755859375,0.14999985694885254,Closed,-418.65001678466797,10.93999981880188,5.7499754428863525,0.03931856113184459,429.59001660346985,5.7499754428863525,0.013384797645783814,0,5.7499754428863525,0.0
2024-07-17,85.08000183105469,0.016123234444004098,2.0350000858306885,-0.06992681922477562,0.08605005366877971,0.08605005366877971,0.010857932614101368,0.04628248682664057,1,1,1.0,5,0.1037357726795476,-1.0,5.0,85.08000183105469,-10.175000429153442,0.0,0.0,Opened,85.08000183105469,-10.175000429153442,0.0,0.04628248682664057,95.25500226020813,0.0,0.0,0,0.0,95.25500226020813
2024-07-18,85.11000061035156,0.0003525949535878592,2.125,0.04422600018347089,-0.043873405229883033,0.043873405229883033,0.010671853139589548,0.05584081861342969,0,0,-1.0,5,3.131698266050544,1.0,-5.0,-85.11000061035156,10.625,-0.029998779296875,0.4499995708465576,Closed,-85.11000061035156,10.625,0.4200007915496826,0.05584081861342969,95.73500061035156,0.4200007915496826,0.004387118492421768,0,0.4200007915496826,0.0
2024-07-19,82.62999725341797,-0.02913880083596143,2.128000020980835,0.0014117745792163738,-0.030550575415177805,0.030550575415177805,0.016817363571407843,0.05250464111708216,0,0,0.0,5,0.0012477499816062989,0.0,0.0,0.0,0.0,0.0,0.0,,0.0,0.0,0.0,0.05250464111708216,0.0,0.0,0.0,0,0.0,0.0
2024-07-22,82.4000015258789,-0.0027834410647950003,2.250999927520752,0.057800707390606165,-0.060584148455401166,0.060584148455401166,0.01678550343703658,0.04983037805621593,0,1,1.0,5,0.5672824978041224,3.0,-5.0,-247.20000457763672,11.25499963760376,0.0,0.0,Opened,-247.20000457763672,11.25499963760376,0.0,0.04983037805621593,258.4550042152405,0.0,0.0,0,0.0,258.4550042152405
2024-07-23,81.01000213623047,-0.01686892431927789,2.187000036239624,-0.028431760702727904,0.011562836383450015,0.011562836383450015,0.017267054463316667,0.052420935600130905,1,0,-1.0,5,0.04550158362723522,-3.0,5.0,243.0300064086914,-10.93500018119812,-4.1699981689453125,0.31999945640563965,Closed,243.0300064086914,-10.93500018119812,-3.849998712539673,0.052420935600130905,253.96500658988953,-3.849998712539673,-0.015159563769180094,0,-3.849998712539673,0.0
2024-07-24,81.70999908447266,0.008640870630580055,2.117000102996826,-0.0320072849030022,0.04064815553358225,0.04064815553358225,0.014994961147697656,0.04111537112012649,1,0,0.0,5,0.09597033396730668,0.0,0.0,0.0,0.0,0.0,0.0,,0.0,0.0,0.0,0.04111537112012649,0.0,0.0,0.0,0,0.0,0.0
2024-07-25,82.37000274658203,0.008077391622866914,2.0409998893737793,-0.03589995745180219,0.0439773490746691,0.0439773490746691,0.01639780879357159,0.0393347092822043,1,1,1.0,5,0.11012773189344488,-1.0,5.0,82.37000274658203,-10.204999446868896,0.0,0.0,Opened,82.37000274658203,-10.204999446868896,0.0,0.0393347092822043,92.57500219345093,0.0,0.0,0,0.0,92.57500219345093
2024-07-26,81.12999725341797,-0.015054090710413637,2.00600004196167,-0.017148382807040785,0.0020942920966271483,0.0020942920966271483,0.012187367190241447,0.039167671057962594,1,1,0.0,5,0.028165542307590045,1.0,-5.0,-81.12999725341797,10.03000020980835,1.2400054931640625,-0.17499923706054688,Live,0.0,0.0,0.0,0.039167671057962594,91.15999746322632,1.0650062561035156,0.011682824547391371,0,0.0,0.0
2024-07-29,79.77999877929688,-0.01663994231263477,1.906999945640564,-0.04935199115165201,0.03271204883901724,0.03271204883901724,0.013464452408077579,0.011704612025644408,1,1,0.0,5,0.07089400611208006,1.0,-5.0,-79.77999877929688,9.53499972820282,2.5900039672851562,-0.6699997186660767,Live,0.0,0.0,0.0,0.013464452408077579,89.3149985074997,1.9200042486190796,0.02149699692888489,0,0.0,0.0
2024-07-30,78.62999725341797,-0.014414659607356772,2.125999927520752,0.11484005669786512,-0.1292547163052219,0.1292547163052219,0.013023489931813166,0.06736954066924335,0,0,-1.0,5,0.21540907304330606,1.0,-5.0,-78.62999725341797,10.62999963760376,3.7400054931640625,0.4250001907348633,Closed,-78.62999725341797,10.62999963760376,4.165005683898926,0.06736954066924335,89.25999689102173,4.165005683898926,0.0466615037975412,0,4.165005683898926,0.0
2024-07-31,80.72000122070312,0.026580237063334122,2.0360000133514404,-0.04233298082670467,0.06891321789003879,0.06891321789003879,0.01908417946600332,0.06859316939620481,1,1,1.0,5,0.040171367547048996,-1.0,5.0,80.72000122070312,-10.180000066757202,0.0,0.0,Opened,80.72000122070312,-10.180000066757202,0.0,0.06859316939620481,90.90000128746033,0.0,0.0,0,0.0,90.90000128746033
2024-08-01,79.5199966430664,-0.014866260647787732,1.968000054359436,-0.03339880085760427,0.01853254020981654,0.01853254020981654,0.018723054946856353,0.06832902098189038,1,1,0.0,5,0.05560039595220257,1.0,-5.0,-79.5199966430664,9.84000027179718,1.2000045776367188,-0.339999794960022,Live,0.0,0.0,0.0,0.06832902098189038,89.35999691486359,0.8600047826766968,0.009624046691676295,0,0.0,0.0
2024-08-02,76.80999755859375,-0.03407946678665952,1.9670000076293945,-0.0005081538122045925,-0.033571312974454925,0.033571312974454925,0.022376626221013423,0.0680230778784173,0,0,-1.0,5,0.00038184666970234065,1.0,-5.0,-76.80999755859375,9.835000038146973,3.910003662109375,-0.3450000286102295,Closed,-76.80999755859375,9.835000038146973,3.5650036334991455,0.0680230778784173,86.64499759674072,3.5650036334991455,0.041144944686723015,0,3.5650036334991455,0.0
2024-08-05,76.30000305175781,-0.006639689142639238,1.9420000314712524,-0.012709698048385731,0.006070008905746493,0.006070008905746493,0.02215703140145515,0.06348923457827124,1,0,0.0,5,0.04872054784734547,0.0,0.0,0.0,0.0,0.0,0.0,,0.0,0.0,0.0,0.06348923457827124,0.0,0.0,0.0,0,0.0,0.0
2024-08-06,76.4800033569336,0.0023591126864526135,2.009999990463257,0.035015426307942965,-0.03265631362149035,0.03265631362149035,0.02234151446052456,0.030469887375281078,0,1,1.0,5,0.39008467529261537,2.0,-5.0,-152.9600067138672,10.049999952316284,0.0,0.0,Opened,-152.9600067138672,10.049999952316284,0.0,0.030469887375281078,163.01000666618347,0.0,0.0,0,0.0,163.01000666618347
2024-08-07,78.33000183105469,0.02418930953084719,2.111999988555908,0.050746267948559964,-0.026556958417712773,0.026556958417712773,0.02149744132436657,0.03454009075817103,0,1,0.0,5,0.0565648202308176,-2.0,5.0,156.66000366210938,-10.559999942779541,3.6999969482421875,-0.5099999904632568,Live,0.0,0.0,0.0,0.03454009075817103,167.22000360488892,3.1899969577789307,0.019076646866461773,0,0.0,0.0
2024-08-08,79.16000366210938,0.010596218711252714,2.127000093460083,0.007102322436294717,0.003493896274957997,0.003493896274957997,0.0218283534428219,0.026195415173772794,1,0,-1.0,5,0.018009894733602212,-2.0,5.0,158.32000732421875,-10.635000467300415,5.3600006103515625,-0.5850005149841309,Closed,158.32000732421875,-10.635000467300415,4.775000095367432,0.026195415173772794,168.95500779151917,4.775000095367432,0.028261962505778514,0,4.775000095367432,0.0
2024-08-09,79.66000366210938,0.00631632108222524,2.1429998874664307,0.00752223474533098,-0.0012059136631057399,0.0012059136631057399,0.011355484534156628,0.025161436820098585,0,0,0.0,5,0.032037934544088396,0.0,0.0,0.0,0.0,0.0,0.0,,0.0,0.0,0.0,0.025161436820098585,0.0,0.0,0.0,0,0.0,0.0
2024-08-12,82.30000305175781,0.033140839421077706,2.188999891281128,0.021465238558216138,0.011675600862861568,0.011675600862861568,0.012919093546467938,0.01870487993333736,1,0,0.0,5,0.017227335186336797,0.0,0.0,0.0,0.0,0.0,0.0,,0.0,0.0,0.0,0.01870487993333736,0.0,0.0,0.0,0,0.0,0.0
2024-08-13,80.69000244140625,-0.019562582632458025,2.1480000019073486,-0.018729964097798035,-0.0008326185346599901,0.0008326185346599901,0.02012663368804149,0.025328297275166854,0,0,0.0,5,0.025487386474077327,0.0,0.0,0.0,0.0,0.0,0.0,,0.0,0.0,0.0,0.025328297275166854,0.0,0.0,0.0,0,0.0,0.0
2024-08-14,79.76000213623047,-0.011525595204326722,2.2190001010894775,0.03305404986921934,-0.04457964507354606,0.04457964507354606,0.020579657504013468,0.01938332623654545,0,1,1.0,5,0.07978724705255123,1.0,-5.0,-79.76000213623047,11.095000505447388,0.0,0.0,Opened,-79.76000213623047,11.095000505447388,0.0,0.020579657504013468,90.85500264167786,0.0,0.0,0,0.0,90.85500264167786
2024-08-15,81.04000091552734,0.01604812869877592,2.197000026702881,-0.009914408915887463,0.025962537614663384,0.025962537614663384,0.021166296929674602,0.02142395753699835,1,0,-1.0,5,0.016748389552911216,-1.0,5.0,81.04000091552734,-10.985000133514404,1.279998779296875,0.1100003719329834,Closed,81.04000091552734,-10.985000133514404,1.3899991512298584,0.02142395753699835,92.02500104904175,1.3899991512298584,0.015104581748269726,0,1.3899991512298584,0.0
2024-08-16,79.68000030517578,-0.016781843472202906,2.122999906539917,-0.03368234832205197,0.016900504849849063,0.016900504849849063,0.023198459014121084,0.027949700915835925,1,0,0.0,5,0.053476545492371796,0.0,0.0,0.0,0.0,0.0,0.0,,0.0,0.0,0.0,0.027949700915835925,0.0,0.0,0.0,0,0.0,0.0
2024-08-19,77.66000366210938,-0.025351363395203164,2.234999895095825,0.052755531552729495,-0.07810689494793266,0.07810689494793266,0.01615272480626139,0.03656854873503473,0,1,1.0,5,0.05988896159744231,1.0,-5.0,-77.66000366210938,11.174999475479126,0.0,0.0,Opened,-77.66000366210938,11.174999475479126,0.0,0.03656854873503473,88.8350031375885,0.0,0.0,0,0.0,88.8350031375885
2024-08-20,77.19999694824219,-0.005923341387783498,2.197999954223633,-0.016554784165037306,0.010631442777253808,0.010631442777253808,0.01557841102958032,0.036231568728235075,1,0,-1.0,5,0.07957326080023412,-1.0,5.0,77.19999694824219,-10.989999771118164,-0.4600067138671875,0.18499970436096191,Closed,77.19999694824219,-10.989999771118164,-0.2750070095062256,0.036231568728235075,88.18999671936035,-0.2750070095062256,-0.0031183469751264125,0,-0.2750070095062256,0.0
2024-08-21,76.05000305175781,-0.014896294584770153,2.177000045776367,-0.009554098673620337,-0.005342195911149816,0.005342195911149816,0.015802210722497746,0.032877890163727726,0,0,0.0,5,0.018359915263334855,0.0,0.0,0.0,0.0,0.0,0.0,,0.0,0.0,0.0,0.032877890163727726,0.0,0.0,0.0,0,0.0,0.0
2024-08-22,77.22000122070312,0.015384590690272981,2.052999973297119,-0.056959150147848026,0.072343740838121,0.072343740838121,0.015535808395973863,0.04095199935481239,1,1,1.0,5,0.09843208719180628,-1.0,5.0,77.22000122070312,-10.264999866485596,0.0,0.0,Opened,77.22000122070312,-10.264999866485596,0.0,0.04095199935481239,87.48500108718872,0.0,0.0,0,0.0,87.48500108718872
2024-08-23,79.0199966430664,0.023309963661081845,2.0220000743865967,-0.015099804828899499,0.038409768489981344,0.038409768489981344,0.020423869504330366,0.039396640621518195,1,1,0.0,5,0.016575777090507424,1.0,-5.0,-79.0199966430664,10.110000371932983,-1.7999954223632812,-0.1549994945526123,Live,0.0,0.0,0.0,0.039396640621518195,89.12999701499939,-1.9549949169158936,-0.021934197042404187,0,0.0,0.0
2024-08-26,81.43000030517578,0.030498655587083423,1.9559999704360962,-0.03264099976382173,0.06313965535090516,0.06313965535090516,0.019359707275121867,0.019241459400655518,1,1,0.0,5,0.02570793328424123,1.0,-5.0,-81.43000030517578,9.779999852180481,-4.209999084472656,-0.48500001430511475,Live,0.0,0.0,0.0,0.019359707275121867,91.21000015735626,-4.694999098777771,-0.051474609041529645,1,-4.694999098777771,0.0
2024-08-27,79.55000305175781,-0.02308728044175723,1.9040000438690186,-0.026584829935086374,0.003497549493329144,0.003497549493329144,0.023823947392767282,0.018497969676063864,1,1,0.0,5,0.02756054881772504,1.0,-5.0,-79.55000305175781,9.520000219345093,-2.3300018310546875,-0.7449996471405029,Live,0.0,0.0,0.0,0.023823947392767282,89.0700032711029,-3.0750014781951904,-0.03452342388307531,1,0.0,0.0
2024-08-28,78.6500015258789,-0.011313657967974344,1.9299999475479126,0.013655411281430885,-0.02496906924940523,0.02496906924940523,0.023071242773173985,0.025805393331320647,0,0,-1.0,5,0.029618311865882197,1.0,-5.0,-78.6500015258789,9.649999737739563,-1.4300003051757812,-0.6150001287460327,Closed,-78.6500015258789,9.649999737739563,-2.045000433921814,0.025805393331320647,88.30000126361847,-2.045000433921814,-0.023159687481957025,0,0.0,0.0
2024-08-29,79.94000244140625,0.01640179136046016,2.13700008392334,0.10725395958607331,-0.09085216822561315,0.09085216822561315,0.023168399131751328,0.057567493779069764,0,1,1.0,5,0.17480845453375926,1.0,-5.0,-79.94000244140625,10.6850004196167,0.0,0.0,Opened,-79.94000244140625,10.6850004196167,0.0,0.057567493779069764,90.62500286102295,0.0,0.0,0,0.0,90.62500286102295
2024-08-30,78.80000305175781,-0.014260687450992071,2.127000093460083,-0.004679452536519246,-0.009581234914472825,0.009581234914472825,0.022709882119940066,0.05664378651781271,0,1,0.0,5,0.008857187932149197,-1.0,5.0,78.80000305175781,-10.635000467300415,-1.1399993896484375,0.04999995231628418,Live,0.0,0.0,0.0,0.05664378651781271,89.43500351905823,-1.0899994373321533,-0.012187615524606973,0,0.0,0.0
2024-09-03,73.75,-0.06408633066220626,2.203000068664551,0.03573106340622445,-0.09981739406843071,0.09981739406843071,0.029085857433907913,0.05136001744273682,0,1,0.0,5,0.016654554551173168,-1.0,5.0,73.75,-11.015000343322754,-6.19000244140625,-0.3299999237060547,Live,0.0,0.0,0.0,0.05136001744273682,84.76500034332275,-6.520002365112305,-0.07691856708198443,1,-6.520002365112305,0.0
2024-09-04,72.69999694824219,-0.014237329515360164,2.1449999809265137,-0.026327773912960706,0.012090444397600542,0.012090444397600542,0.02906469787976859,0.051295466100589875,1,0,-1.0,5,0.05456052030249304,-1.0,5.0,72.69999694824219,-10.724999904632568,-7.2400054931640625,-0.03999948501586914,Closed,72.69999694824219,-10.724999904632568,-7.280004978179932,0.051295466100589875,83.42499685287476,-7.280004978179932,-0.08726407255392145,1,0.0,0.0
2024-09-05,72.69000244140625,-0.0001374760282735199,2.253999948501587,0.050815836151192784,-0.050953312179466304,0.050953312179466304,0.03007164249586326,0.05190632314296253,0,0,0.0,5,11.461760191399373,0.0,0.0,0.0,0.0,0.0,0.0,,0.0,0.0,0.0,0.05190632314296253,0.0,0.0,0.0,0,0.0,0.0
2024-09-06,71.05999755859375,-0.02242405871600306,2.2750000953674316,0.009316835557074965,-0.031740894273078024,0.031740894273078024,0.02431187466816791,0.03090120196971567,0,1,1.0,5,0.013301800783337807,1.0,-5.0,-71.05999755859375,11.375000476837158,0.0,0.0,Opened,-71.05999755859375,11.375000476837158,0.0,0.03090120196971567,82.43499803543091,0.0,0.0,0,0.0,82.43499803543091
2024-09-09,71.83999633789062,0.01097662265825039,2.1700000762939453,-0.04615385260303817,0.05713047526128856,0.05713047526128856,0.028794064536453404,0.040803635590148976,1,0,-1.0,5,0.12700846626232662,-1.0,5.0,71.83999633789062,-10.850000381469727,0.779998779296875,0.5250000953674316,Closed,71.83999633789062,-10.850000381469727,1.3049988746643066,0.040803635590148976,82.68999671936035,1.3049988746643066,0.015781822789197972,0,1.3049988746643066,0.0
2024-09-10,69.19000244140625,-0.0368874447601647,2.2320001125335693,0.02857144426718694,-0.06545888902735164,0.06545888902735164,0.018709808483046056,0.03954768012323208,0,1,1.0,5,0.02498644603435289,1.0,-5.0,-69.19000244140625,11.160000562667847,0.0,0.0,Opened,-69.19000244140625,11.160000562667847,0.0,0.03954768012323208,80.3500030040741,0.0,0.0,0,0.0,80.3500030040741
2024-09-11,70.61000061035156,0.020523169805461983,2.2699999809265137,0.017025029783627632,0.0034981400218343506,0.0034981400218343506,0.023711791489094722,0.036040139755438266,1,0,-1.0,5,0.02666877579037444,-1.0,5.0,70.61000061035156,-11.349999904632568,1.4199981689453125,-0.18999934196472168,Closed,70.61000061035156,-11.349999904632568,1.2299988269805908,0.036040139755438266,81.96000051498413,1.2299988269805908,0.015007306237824137,0,1.2299988269805908,0.0
2024-09-12,71.97000122070312,0.019260736419710156,2.3570001125335693,0.03832604948813523,-0.01906531306842507,0.01906531306842507,0.026275277677937078,0.03297210065560621,0,0,0.0,5,0.06516722999478507,0.0,0.0,0.0,0.0,0.0,0.0,,0.0,0.0,0.0,0.03297210065560621,0.0,0.0,0.0,0,0.0,0.0
2024-09-13,71.61000061035156,-0.0050020925975474695,2.305000066757202,-0.022061961516188333,0.017059868918640864,0.017059868918640864,0.02388842985858316,0.03585607775502989,1,0,0.0,5,0.1419677372978595,0.0,0.0,0.0,0.0,0.0,0.0,,0.0,0.0,0.0,0.03585607775502989,0.0,0.0,0.0,0,0.0,0.0
2024-09-16,72.75,0.015919555647701644,2.372999906539917,0.029501014235709278,-0.013581458588007633,0.013581458588007633,0.024459907642406232,0.02378401563868159,0,0,0.0,5,0.0604464401508044,0.0,0.0,0.0,0.0,0.0,0.0,,0.0,0.0,0.0,0.024459907642406232,0.0,0.0,0.0,0,0.0,0.0
2024-09-17,73.69999694824219,0.01305837729542536,2.3239998817443848,-0.020648978813901153,0.033707356109326514,0.033707356109326514,0.010345165654841759,0.02822668357782542,1,1,1.0,5,0.04986295335091582,-1.0,5.0,73.69999694824219,-11.619999408721924,0.0,0.0,Opened,73.69999694824219,-11.619999408721924,0.0,0.02822668357782542,85.31999635696411,0.0,0.0,0,0.0,85.31999635696411
2024-09-18,73.6500015258789,-0.0006783639678898945,2.2839999198913574,-0.017211688420140314,0.01653332445225042,0.01653332445225042,0.010702455907000018,0.02973235855983681,1,1,0.0,5,0.7868356484963269,1.0,-5.0,-73.6500015258789,11.419999599456787,0.04999542236328125,-0.19999980926513672,Live,0.0,0.0,0.0,0.02973235855983681,85.0700011253357,-0.15000438690185547,-0.001763305335812214,0,0.0,0.0
2024-09-19,74.87999725341797,0.01670055264162995,2.3480000495910645,0.02802107353083949,-0.01132052088920954,0.01132052088920954,0.010104139882829075,0.026756730805650015,0,0,-1.0,5,0.05261216930462203,1.0,-5.0,-74.87999725341797,11.740000247955322,-1.1800003051757812,0.12000083923339844,Closed,-74.87999725341797,11.740000247955322,-1.0599994659423828,0.026756730805650015,86.61999750137329,-1.0599994659423828,-0.012237352765169237,0,-1.0599994659423828,0.0
2024-09-20,74.48999786376953,-0.005208325373311062,2.434000015258789,0.0366269011291982,-0.04183522650250926,0.04183522650250926,0.010170685195148804,0.027775743924847947,0,1,1.0,5,0.2297865916111364,2.0,-5.0,-148.97999572753906,12.170000076293945,0.0,0.0,Opened,-148.97999572753906,12.170000076293945,0.0,0.027775743924847947,161.149995803833,0.0,0.0,0,0.0,161.149995803833
2024-09-23,73.9000015258789,-0.007920477309848128,2.61299991607666,0.07354145427104264,-0.08146193158089077,0.08146193158089077,0.011055074823604842,0.03951109465721409,0,1,0.0,5,0.3283037232071282,-2.0,5.0,147.8000030517578,-13.0649995803833,-1.17999267578125,-0.8949995040893555,Live,0.0,0.0,0.0,0.03951109465721409,160.8650026321411,-2.0749921798706055,-0.01289896587771552,0,0.0,0.0
2024-09-24,75.16999816894531,0.01718533987609816,2.5510001182556152,-0.023727439652633353,0.04091277952873151,0.04091277952873151,0.012082364321502245,0.04031986282151688,1,0,-1.0,5,0.046855296554095774,-2.0,5.0,150.33999633789062,-12.755000591278076,1.3600006103515625,-0.5850005149841309,Closed,150.33999633789062,-12.755000591278076,0.7750000953674316,0.04031986282151688,163.0949969291687,0.7750000953674316,0.004751832428704175,0,0.7750000953674316,0.0
2024-09-25,73.45999908447266,-0.022748425251114313,2.63700008392334,0.03371225467701344,-0.056460679928127755,0.056460679928127755,0.017181405263105354,0.03479742137706239,0,1,1.0,5,0.05319804664662298,1.0,-5.0,-73.45999908447266,13.1850004196167,0.0,0.0,Opened,-73.45999908447266,13.1850004196167,0.0,0.03479742137706239,86.64499950408936,0.0,0.0,0,0.0,86.64499950408936
2024-09-26,71.5999984741211,-0.025319910611661167,2.5850000381469727,-0.019719394812836466,-0.005600515798824701,0.005600515798824701,0.017002775957357004,0.04129421498697477,0,1,0.0,5,0.02811764574808078,-1.0,5.0,71.5999984741211,-12.925000190734863,-1.8600006103515625,0.26000022888183594,Live,0.0,0.0,0.0,0.04129421498697477,84.52499866485596,-1.6000003814697266,-0.01892931566688068,0,0.0,0.0
2024-09-27,71.9800033569336,0.005307330878643102,2.9019999504089355,0.12263052517755502,-0.11732319429891191,0.11732319429891191,0.018168847252512096,0.062416288825268736,0,1,0.0,5,0.9315538440451977,-1.0,5.0,71.9800033569336,-14.509999752044678,-1.4799957275390625,-1.3249993324279785,Live,0.0,0.0,0.0,0.062416288825268736,86.49000310897827,-2.804995059967041,-0.03243143668792241,0,0.0,0.0
2024-09-30,71.7699966430664,-0.0029175702149638605,2.9230000972747803,0.007236439429602948,-0.010154009644566808,0.010154009644566808,0.018222456726696822,0.05977586432699499,0,1,0.0,5,0.1010158490628197,-1.0,5.0,71.7699966430664,-14.615000486373901,-1.69000244140625,-1.4300000667572021,Live,0.0,0.0,0.0,0.05977586432699499,86.38499712944031,-3.120002508163452,-0.03611741172472812,0,0.0,0.0
2024-10-01,73.55999755859375,0.024940796979962876,2.8959999084472656,-0.009237149479634943,0.03417794645959782,0.03417794645959782,0.02080445244836562,0.05717660013995795,1,0,-1.0,5,0.014580905057009796,-1.0,5.0,73.55999755859375,-14.479999542236328,0.09999847412109375,-1.294999122619629,Closed,73.55999755859375,-14.479999542236328,-1.1950006484985352,0.05717660013995795,88.03999710083008,-1.1950006484985352,-0.01357338355122763,0,-1.1950006484985352,0.0
2024-10-02,73.9000015258789,0.0046221313019256804,2.885999917984009,-0.0034530354901214366,0.008075166792047117,0.008075166792047117,0.018113438053554153,0.05847462335484146,1,0,0.0,5,0.02917498427668732,0.0,0.0,0.0,0.0,0.0,0.0,,0.0,0.0,0.0,0.05847462335484146,0.0,0.0,0.0,0,0.0,0.0
