Date,Open,High,Low,Close,Adj Close,Volume,july24_dailyReturns,Open_1,High_1,Low_1,Close_1,Adj Close_1,Volume_1,copx_dailyReturns,spread,abs_sprd,july24_rolling avg,copx_rolling avg,isSprdPos,signal,axe,leverage,ratio,fut ntl,etf ntl,fut cash,etf cash,,,
1/12/2023,3.837500095,3.910000086,3.829999924,3.90899992,3.90899992,2050,,34.90999985,35.90000153,34.72000122,35.88000107,35.51879883,448400,,,,,,0,0,,1,,0,0,0,0,,,
4/12/2023,3.895999908,3.896500111,3.812000036,3.820499897,3.820499897,963,-0.022640068,35.20000076,35.50999832,34.86000061,35.09000015,34.73675156,2535100,-0.022017862,-0.000622206,0.000622206,,,0,0,0,1,8.932244525,0,0,0,0,,,
5/12/2023,3.812000036,3.822999954,3.759000063,3.772500038,3.772500038,971,-0.012563764,34.77000046,34.77999878,34.25,34.33000183,33.98440552,200200,-0.021658544,0.00909478,0.00909478,,,1,0,0,1,15.68751192,0,0,0,0,,,
6/12/2023,3.773000002,3.809000015,3.713000059,3.716500044,3.716500044,551,-0.014844266,34.88000107,35.06999969,34.36999893,34.40000153,34.05369949,271300,0.002039024,-0.01688329,0.01688329,,,0,0,0,1,1.271416695,0,0,0,0,,,
7/12/2023,3.71600008,3.78550005,3.71600008,3.784499884,3.784499884,721,0.018296741,34.93000031,34.93000031,34.54999924,34.81999969,34.46947098,233900,0.012209249,0.006087493,0.006087493,,,1,0,0,1,6.13953465,0,0,0,0,,,
8/12/2023,3.786000013,3.851000071,3.786000013,3.819999933,3.819999933,421,0.009380381,34.81999969,35.45000076,34.65000153,35.31999969,34.96443558,222300,0.014359564,-0.004979183,0.004979183,,,0,0,0,1,14.15396488,0,0,0,0,,,
11/12/2023,3.78399992,3.788500071,3.767499924,3.779999971,3.779999971,723,-0.010471194,35.15000153,35.15000153,34.72999954,34.95000076,34.59815979,550200,-0.010475621,4.43E-06,4.43E-06,,,1,0,0,1,9.249940739,0,0,0,0,,,
12/12/2023,3.780499935,3.796999931,3.771500111,3.786000013,3.786000013,808,0.001587313,34.66999817,34.79000092,34.43000031,34.65999985,34.31108093,303900,-0.008297594,0.009884907,0.009884907,,,1,0,0,1,47.85613641,0,0,0,0,,,
13/12/2023,3.788000107,3.832000017,3.755000114,3.786000013,3.786000013,679,0,34.5,35.95999908,34.41999817,35.95000076,35.58809662,379800,0.037218722,-0.037218722,0.037218722,,,0,0,0,1,inf,0,0,0,0,,,
14/12/2023,3.88499999,3.898999929,3.869999886,3.888499975,3.888499975,1003,0.027073418,36.52000046,37.20999908,36.52000046,37.15999985,36.78591156,1276500,0.033657832,-0.006584414,0.006584414,,,0,0,0,1,11.88055278,0,0,0,0,,,
15/12/2023,3.871500015,3.891000032,3.864000082,3.88499999,3.88499999,853,-0.000900086,37.40000153,37.5,37.06000137,37.15999985,36.78591156,510700,0,-0.000900086,0.000900086,,,0,0,0,1,0,0,0,0,0,,,
18/12/2023,3.84800005,3.84800005,3.84800005,3.84800005,3.84800005,464,-0.009523794,37.22000122,37.52000046,37.11999893,37.11999893,36.746315,345200,-0.001076451,-0.008447343,0.008447343,,,0,0,0,1,1.090327852,0,0,0,0,,,
19/12/2023,3.900000095,3.920000076,3.895999908,3.895999908,3.895999908,701,0.012473976,37.41999817,38.15999985,37.41999817,38.04999924,37.66695404,369500,0.025053888,-0.012579913,0.012579913,,,0,0,0,1,19.61579703,0,0,0,0,,,
20/12/2023,3.901499987,3.927000046,3.874000072,3.901499987,3.901499987,638,0.001411724,37.88000107,38.04999924,37.27000046,37.29999924,36.92450333,467400,-0.019710907,0.021122632,0.021122632,,,1,0,0,1,133.4854401,0,0,0,0,,,
21/12/2023,3.907500029,3.915499926,3.907500029,3.908499956,3.908499956,781,0.001794174,37.70000076,38.22000122,37.70000076,38.16999817,37.78574371,232400,0.023324369,-0.021530195,0.021530195,,,0,0,0,1,126.9572151,0,0,0,0,,,
22/12/2023,3.914499998,3.919500113,3.89199996,3.895499945,3.895499945,547,-0.003326087,38.38000107,38.5,38.04999924,38.09999847,37.71644974,539600,-0.001833893,-0.001492194,0.001492194,,,0,0,0,1,5.392648832,0,0,0,0,,,
26/12/2023,3.923500061,3.927000046,3.89199996,3.895499945,3.895499945,525,0,38.29000092,38.54999924,38.25999832,38.47000122,38.08272552,345500,0.009711359,-0.009711359,0.009711359,,,0,0,0,1,inf,0,0,0,0,,,
27/12/2023,3.923000097,3.943500042,3.923000097,3.943500042,3.943500042,1283,0.012321935,38.56000137,38.93000031,38.52999878,38.84000015,38.44900131,134500,0.009617856,0.002704079,0.002704079,,,1,0,0,1,7.68770533,0,0,0,0,,,
28/12/2023,3.948999882,3.948999882,3.903000116,3.913000107,3.913000107,940,-0.00773423,38.36000061,38.63999939,37.79999924,37.79999924,37.79999924,3293700,-0.026776543,0.019042313,0.019042313,,,1,0,0,1,33.44408849,0,0,0,0,,,
29/12/2023,3.913000107,3.913000107,3.869999886,3.880500078,3.880500078,349,-0.008305655,37.52999878,37.79999924,37.27999878,37.5,37.5,3054400,-0.007936488,-0.000369167,0.000369167,,,0,0,0,1,9.234173854,0,0,0,0,,,
2/1/2024,3.882499933,3.90199995,3.855999947,3.868999958,3.868999958,879,-0.002963567,37.18999863,37.58000183,37.11000061,37.20999908,37.20999908,725400,-0.007733358,0.004769791,0.004769791,,,1,0,0,1,25.09656909,0,0,0,0,,,
3/1/2024,3.837500095,3.861999989,3.82949996,3.847500086,3.847500086,395,-0.005556959,36.66999817,37.11000061,36.22000122,36.95999908,36.95999908,365400,-0.006718624,0.001161666,0.001161666,,,1,0,0,1,11.61439279,0,0,0,0,,,
4/1/2024,3.855000019,3.855999947,3.811500072,3.83100009,3.83100009,389,-0.004288498,36.72999954,37.04000092,36.56000137,36.88000107,36.88000107,232900,-0.002164449,-0.002124049,0.002124049,,,0,0,0,1,4.858708271,0,0,0,0,,,
5/1/2024,3.832499981,3.83949995,3.792999983,3.794500113,3.794500113,413,-0.009527532,36.90000153,37.43999863,36.65999985,36.88000107,36.88000107,160200,0,-0.009527532,0.009527532,,,0,0,0,1,0,0,0,0,0,,,
8/1/2024,3.796999931,3.813499928,3.779999971,3.799499989,3.799499989,406,0.001317664,36.75,37.18999863,36.45000076,37.13000107,37.13000107,168200,0.006778742,-0.005461078,0.005461078,,,0,0,0,1,50.27394114,0,0,0,0,,,
9/1/2024,3.787499905,3.788000107,3.747999907,3.748500109,3.748500109,409,-0.013422787,36.61000061,36.66999817,36.36000061,36.45000076,36.45000076,125700,-0.018314039,0.004891252,0.004891252,,,1,0,0,1,13.26726655,0,0,0,0,,,
10/1/2024,3.757999897,3.78399992,3.757999897,3.780999899,3.780999899,650,0.008670078,36.56000137,36.65999985,36.34999847,36.49000168,36.49000168,235300,0.001097419,0.00757266,0.00757266,,,1,0,0,1,1.221564991,0,0,0,0,,,
11/1/2024,3.792999983,3.793499947,3.776499987,3.776499987,3.776499987,292,-0.001190138,36.68000031,36.68000031,36.15000153,36.56000137,36.56000137,1958900,0.001918325,-0.003108463,0.003108463,,,0,0,0,1,15.60420326,0,0,0,0,,,
12/1/2024,3.786999941,3.792500019,3.74000001,3.74000001,3.74000001,430,-0.009665028,36.97000122,37.27999878,36.77999878,36.86000061,36.86000061,1725000,0.008205668,-0.017870696,0.017870696,,,0,0,0,1,8.367477958,0,0,0,0,,,
16/1/2024,3.763000011,3.775000095,3.763000011,3.766499996,3.766499996,295,0.007085558,36.41999817,36.41999817,35.61000061,35.74000168,35.74000168,257000,-0.030385212,0.03747077,0.03747077,,,1,0,0,1,40.6916046,0,0,0,0,,,
17/1/2024,3.734999895,3.747999907,3.729500055,3.732500076,3.732500076,319,-0.009026927,35.09999847,35.15000153,34.65999985,34.88999939,34.88999939,191100,-0.023782939,0.014756012,0.014756012,0.010617156,0.017195533,1,0,0,1,24.62786366,0,0,0,0,,,
18/1/2024,3.727499962,3.744999886,3.720000029,3.744999886,3.744999886,289,0.003348911,34.77000046,34.93000031,34.61000061,34.90000153,34.90000153,151200,0.000286676,0.003062234,0.003062234,0.009865108,0.016721702,1,0,0,1,0.797740939,0,0,0,0,,,
19/1/2024,3.762500048,3.788000107,3.762500048,3.786999941,3.786999941,264,0.011214968,34.63000107,35.31999969,34.49000168,35.29000092,35.29000092,189000,0.011174767,4.02E-05,4.02E-05,0.009827432,0.016328235,1,0,0,1,9.285318368,0,0,0,0,,,
22/1/2024,3.762000084,3.767499924,3.762000084,3.763999939,3.763999939,493,-0.00607341,34.77999878,34.86000061,34.40000153,34.47000122,34.47000122,306400,-0.023236035,0.017162625,0.017162625,0.009489896,0.016916812,1,1,1,1,35.03653413,-35.03653413,1,131.8775123,-34.47000122,,,
23/1/2024,3.796000004,3.796000004,3.78550005,3.790499926,3.790499926,401,0.007040379,34.84999847,35.38000107,34.81999969,35.25999832,35.25999832,293800,0.022918395,-0.015878016,0.015878016,0.008968844,0.017287762,0,0,-1,1,30.28126028,0,0,-132.80598,35.25999832,1,0,
24/1/2024,3.80250001,3.88499999,3.796999931,3.882499933,3.882499933,523,0.024271207,36.58000183,36.75,36.25999832,36.34999847,36.34999847,818300,0.030913222,-0.006642015,0.006642015,0.009867657,0.017993103,0,0,0,1,11.92465548,0,0,0,0,,,
25/1/2024,3.862499952,3.865499973,3.859999895,3.865499973,3.865499973,413,-0.004378612,36.59000015,36.97000122,36.36000061,36.68000031,36.68000031,306600,0.009078455,-0.013457067,0.013457067,0.009693359,0.017912766,0,0,0,1,19.67429448,0,0,0,0,,,
26/1/2024,3.865999937,3.869499922,3.850500107,3.850500107,3.850500107,632,-0.003880447,36.59999847,36.97999954,36.27000046,36.49000168,36.49000168,761600,-0.005179897,0.00129945,0.00129945,0.009729206,0.017861336,1,0,0,1,12.65016401,0,0,0,0,,,
29/1/2024,3.839999914,3.872999907,3.839999914,3.872999907,3.872999907,706,0.005843345,36.40000153,36.90000153,36.15000153,36.79999924,36.79999924,587100,0.008495411,-0.002652066,0.002652066,0.009774984,0.016628464,0,0,0,1,13.81411925,0,0,0,0,,,
30/1/2024,3.868499994,3.914499998,3.858999968,3.906500101,3.906500101,562,0.008649676,36.27999878,36.75999832,36.25999832,36.72000122,36.72000122,679700,-0.002173859,0.010823535,0.010823535,0.008572403,0.015439717,1,0,0,1,2.362361809,0,0,0,0,,,
31/1/2024,3.911000013,3.936000109,3.88499999,3.902499914,3.902499914,750,-0.001023982,36.65000153,37.11999893,36.15000153,36.18999863,36.18999863,337700,-0.014433621,0.013409639,0.013409639,0.008572976,0.015654036,1,0,0,1,130.715933,0,0,0,0,,,
1/2/2024,3.895499945,3.895499945,3.845000029,3.852499962,3.852499962,695,-0.012812288,36.47000122,36.81999969,36.33000183,36.70999908,36.70999908,337500,0.014368623,-0.027180911,0.027180911,0.008721142,0.015895482,0,1,1,1,10.68636988,10.68636988,-1,-41.16923954,36.70999908,,,
2/2/2024,3.849999905,3.849999905,3.821500063,3.821500063,3.821500063,529,-0.008046697,36.09000015,36.16999817,35.63000107,35.79999924,35.79999924,831000,-0.024788882,0.016742186,0.016742186,0.00851754,0.015763986,1,0,-1,1,28.85947708,0,0,40.83796316,-35.79999924,1,1,
5/2/2024,3.805000067,3.805000067,3.76699996,3.772000074,3.772000074,372,-0.012953026,35.18999863,35.18999863,34.63000107,35.09999847,35.09999847,358600,-0.019553094,0.006600069,0.006600069,0.008799168,0.015757866,1,0,0,1,14.04687357,0,0,0,0,,,
6/2/2024,3.776499987,3.791500092,3.776499987,3.782500029,3.782500029,327,0.002783657,35.24000168,35.68000031,35.24000168,35.65999985,35.65999985,590600,0.015954456,-0.013170799,0.013170799,0.008812186,0.015404481,0,0,0,1,54.03419408,0,0,0,0,,,
7/2/2024,3.784499884,3.784499884,3.734999895,3.737499952,3.737499952,351,-0.011896914,35.65999985,35.65999985,35.11000061,35.25,35.25,478200,-0.011497472,-0.000399442,0.000399442,0.00902475,0.015498399,0,0,0,1,9.114775442,0,0,0,0,,,
8/2/2024,3.742500067,3.742500067,3.691999912,3.705499887,3.705499887,383,-0.00856189,35.02000046,35.34999847,35,35.04000092,35.04000092,1447400,-0.005957421,-0.00260447,0.00260447,0.009115833,0.015336845,0,0,0,1,6.579697414,0,0,0,0,,,
9/2/2024,3.696500063,3.696500063,3.686000109,3.686000109,3.686000109,324,-0.005262388,34.77999878,34.77999878,34.45999908,34.61000061,34.61000061,1920000,-0.012271698,0.00700931,0.00700931,0.00874593,0.015236509,1,0,0,1,21.89616409,0,0,0,0,,,
12/2/2024,3.720999956,3.728499889,3.720999956,3.728499889,3.728499889,200,0.011530054,34.61000061,35.34000015,34.61000061,35.18999863,35.18999863,196600,0.016758105,-0.005228051,0.005228051,0.009029086,0.015037066,0,0,0,1,13.71761696,0,0,0,0,,,
13/2/2024,3.73149991,3.73300004,3.706500053,3.713999987,3.713999987,197,-0.003888937,34.83000183,34.83000183,33.90000153,34.13999939,34.13999939,433100,-0.029838002,0.025949064,0.025949064,0.008951132,0.015832168,1,1,1,1,70.52780872,-70.52780872,1,261.9402806,-34.13999939,,,
14/2/2024,3.699500084,3.700500011,3.699500084,3.700500011,3.700500011,359,-0.003634888,34.27999878,34.88000107,34.27999878,34.81000137,34.81000137,432600,0.019625132,-0.02326002,0.02326002,0.008955956,0.01633038,0,0,-1,1,50.78847083,0,0,-260.988157,34.81000137,1,1,
15/2/2024,3.73149991,3.757499933,3.73149991,3.756500006,3.756500006,273,0.015133089,34.95999908,35.31000137,34.95000076,35.24000168,35.24000168,227000,0.01235278,0.002780308,0.002780308,0.009413309,0.016514186,1,0,0,1,7.657547109,0,0,0,0,,,
16/2/2024,3.826499939,3.841500044,3.826499939,3.838000059,3.838000059,334,0.021695742,35.47000122,36.27000046,35.38999939,36.04000092,36.04000092,362300,0.022701453,-0.001005711,0.001005711,0.01023641,0.017091289,0,0,0,1,9.825597491,0,0,0,0,,,
20/2/2024,3.866499901,3.866499901,3.866499901,3.866499901,3.866499901,392,0.007425701,36.25999832,36.45000076,35.93000031,35.93000031,35.93000031,421300,-0.003052181,0.010477882,0.010477882,0.010153566,0.017096517,1,0,0,1,3.819548672,0,0,0,0,,,
21/2/2024,3.857000113,3.875,3.855999947,3.874500036,3.874500036,358,0.00206909,35.84999847,36.09999847,35.72000122,35.97000122,35.97000122,311200,0.001113301,0.000955788,0.000955788,0.010156129,0.017041942,1,0,0,1,4.995260699,0,0,0,0,,,
22/2/2024,3.896500111,3.897500038,3.867000103,3.897500038,3.897500038,255,0.00593625,36.34999847,36.38000107,35.90999985,35.99000168,35.99000168,502300,0.000556032,0.005380219,0.005380219,0.009837786,0.016722935,1,0,0,1,0.8649341,0,0,0,0,,,
23/2/2024,3.860500097,3.881999969,3.860500097,3.881999969,3.881999969,462,-0.003976926,36.27000046,36.50999832,36.09999847,36.43999863,36.43999863,143600,0.012503388,-0.016480314,0.016480314,0.009783972,0.016884391,0,0,0,1,29.5122983,0,0,0,0,,,
26/2/2024,3.839999914,3.839999914,3.823999882,3.823999882,3.823999882,515,-0.014940775,35.83000183,35.97999954,35.65999985,35.90000153,35.90000153,597700,-0.014818801,-0.000121974,0.000121974,0.010199743,0.017097158,0,0,0,1,9.31143359,0,0,0,0,,,
27/2/2024,3.819999933,3.83100009,3.819999933,3.83100009,3.83100009,23671,0.001830598,36.04000092,36.31999969,36,36.24000168,36.24000168,298200,0.009470756,-0.007640158,0.007640158,0.01002034,0.017120827,0,0,0,1,48.94041229,0,0,0,0,,,
28/2/2024,3.830499887,3.832499981,3.801500082,3.827500105,3.827500105,7289,-0.000913596,35.93999863,35.93999863,35.49000168,35.54999924,35.54999924,215700,-0.019039802,0.018126206,0.018126206,0.009954906,0.016552034,1,1,1,1,193.5676662,-193.5676662,1,740.8802627,-35.54999924,,,
29/2/2024,3.827500105,3.84649992,3.825000048,3.834500074,3.834500074,2054,0.001828862,35.77999878,36.15999985,35.72999954,35.97999954,35.97999954,426800,0.012095649,-0.010266787,0.010266787,0.009789455,0.016066809,0,0,-1,1,62.05840876,0,0,-742.2352305,35.97999954,1,0,
1/3/2024,3.838000059,3.85800004,3.809000015,3.855000019,3.855000019,1346,0.005346184,36.04000092,36.59999847,35.84999847,36.45000076,36.45000076,268600,0.013062847,-0.007716662,0.007716662,0.009813128,0.016211783,0,0,0,1,23.1029294,0,0,0,0,,,
4/3/2024,3.845000029,3.881500006,3.843499899,3.851999998,3.851999998,1136,-0.000778216,36.49000168,36.63999939,36.33000183,36.58000183,36.58000183,353000,0.003566559,-0.004344774,0.004344774,0.009625634,0.016115685,0,0,0,1,43.52180673,0,0,0,0,,,
5/3/2024,3.84649992,3.862999916,3.838000059,3.844000101,3.844000101,929,-0.002076816,36.56000137,36.72999954,35.75,35.97999954,35.97999954,1050000,-0.016402467,0.014325651,0.014325651,0.009557331,0.015801823,1,0,0,1,73.9245739,0,0,0,0,,,
6/3/2024,3.839999914,3.891499996,3.837500095,3.870500088,3.870500088,987,0.006893857,37.11000061,37.59000015,36.77000046,37.31999969,37.31999969,1681800,0.037242917,-0.030349061,0.030349061,0.00955404,0.01666272,0,1,1,1,52.09019456,52.09019456,-1,-201.6151026,37.31999969,,,
7/3/2024,3.874000072,3.930999994,3.874000072,3.919500113,3.919500113,1243,0.012659869,38.15000153,38.75,37.88000107,38.02000046,38.02000046,5484200,0.018756719,-0.00609685,0.00609685,0.008771015,0.016073451,0,1,0,1,14.37173167,0,0,0,0,,,
8/3/2024,3.917500019,3.931999922,3.878000021,3.88499999,3.88499999,693,-0.008802174,38.38000107,38.47000122,37.86999893,38.04000092,38.04000092,397400,0.000526051,-0.009328225,0.009328225,0.008889688,0.016012391,0,1,0,1,0.585177156,0,0,0,0,,,
11/3/2024,3.887000084,3.923000097,3.887000084,3.922499895,3.922499895,691,0.009652485,37.84999847,38.33000183,37.77999878,38.29999924,38.29999924,602200,0.006834866,0.002817619,0.002817619,0.009017619,0.015993988,1,0,-1,1,6.913957555,0,0,204.3237827,-38.29999924,1,1,
12/3/2024,3.930000067,3.940000057,3.896500111,3.924999952,3.924999952,775,0.000637363,38.29999924,38.40000153,37.77000046,38.11000061,38.11000061,390200,-0.0049608,0.005598163,0.005598163,0.008964306,0.015986647,1,0,0,1,75.57253465,0,0,0,0,,,
13/3/2024,3.923000097,4.056000233,3.92050004,4.052499771,4.052499771,828,0.032484031,38.99000168,40.72999954,38.90000153,40.40999985,40.40999985,6224200,0.060351593,-0.027867562,0.027867562,0.010616869,0.019260077,0,1,1,1,18.52612859,18.52612859,-1,-75.07713189,40.40999985,,,
14/3/2024,4.054999828,4.054999828,4.018000126,4.037000179,4.037000179,861,-0.003824699,40.84999847,40.95000076,40.16999817,40.58000183,40.58000183,4652600,0.004206929,-0.008031628,0.008031628,0.01065007,0.018964174,0,1,0,1,11.05658913,0,0,0,0,,,
15/3/2024,4.040500164,4.120500088,4.035999775,4.112500191,4.112500191,822,0.018702008,41.25999832,41.84999847,41.00999832,41.59000015,41.59000015,5208500,0.024889065,-0.006187057,0.006187057,0.010775356,0.019257605,0,1,0,1,13.45870679,0,0,0,0,,,
18/3/2024,4.105000019,4.145999908,4.093999863,4.114500046,4.114500046,950,0.000486287,41.84999847,41.95999908,41.04000092,41.06999969,41.06999969,671500,-0.012503016,0.012989303,0.012989303,0.010605883,0.018740345,1,0,-1,1,256.6432498,0,0,76.22575695,-41.06999969,1,1,
19/3/2024,4.114500046,4.114500046,4.050000191,4.058499813,4.058499813,978,-0.013610459,40.5,40.84999847,40.22999954,40.49000168,40.49000168,1619100,-0.014122182,0.000511724,0.000511724,0.010639581,0.018522389,1,0,0,1,10.35169131,0,0,0,0,,,
20/3/2024,4.065000057,4.077499866,4.019999981,4.038499832,4.038499832,776,-0.004927925,40.59999847,41.95000076,40.45999908,41.79000092,41.79000092,799000,0.032106673,-0.037034597,0.037034597,0.010725241,0.019080053,0,1,1,1,67.41919505,67.41919505,-1,-272.2724079,41.79000092,,,
21/3/2024,4.085999966,4.085999966,4.031000137,4.046500206,4.046500206,867,0.001981026,42.02999878,42.13000107,41.40999985,41.77000046,41.77000046,2444700,-0.000478594,0.002459621,0.002459621,0.010388446,0.018846689,1,0,-1,1,2.493803651,0,0,272.8117867,-41.77000046,1,1,
22/3/2024,4.020500183,4.020500183,3.99000001,3.996000051,3.996000051,1056,-0.012479958,41.31999969,41.54000092,41.13000107,41.29000092,41.29000092,606200,-0.01149149,-0.000988468,0.000988468,0.010558193,0.018992686,0,0,0,1,9.514426393,0,0,0,0,,,
25/3/2024,3.999500036,4.024000168,3.99000001,4.006999969,4.006999969,676,0.002752732,41.36000061,41.75,41.06999969,41.09999847,41.09999847,731100,-0.004601657,0.00735439,0.00735439,0.010453994,0.018793584,1,0,0,1,17.14639379,0,0,0,0,,,
26/3/2024,3.980000019,3.998500109,3.980000019,3.996000051,3.996000051,852,-0.002745175,41.09999847,41.27999878,40.68999863,40.70000076,40.70000076,818200,-0.009732305,0.006987129,0.006987129,0.010369332,0.018888577,1,0,0,1,36.10892214,0,0,0,0,,,
27/3/2024,3.995500088,4.005000114,3.969000101,3.992500067,3.992500067,715,-0.000875872,40.56000137,41.45999908,40.5,41.40999985,41.40999985,664000,0.017444695,-0.018320567,0.018320567,0.010321161,0.017821268,0,1,1,1,206.5774929,206.5774929,-1,-824.7606542,41.40999985,,,
28/3/2024,4.019499779,4.019499779,3.982000113,4.003499985,4.003499985,852,0.002755145,41.47999954,42.58000183,41.45000076,42.43000031,42.43000031,1278300,0.024631743,-0.021876597,0.021876597,0.010256685,0.017970201,0,1,0,1,94.7510053,0,0,0,0,,,
1/4/2024,4.073999882,4.073999882,4.044499874,4.046000004,4.046000004,623,0.010615716,42.83000183,42.95000076,42.38000107,42.72999954,42.72999954,904400,0.007070451,0.003545265,0.003545265,0.01009947,0.017939503,1,0,-1,1,7.034039955,0,0,835.812537,-42.72999954,1,1,
2/4/2024,4.053999901,4.086500168,4.053999901,4.070000172,4.070000172,458,0.005931826,42.97000122,43.31999969,42.74000168,43.27000046,43.27000046,1624700,0.012637513,-0.006705687,0.006705687,0.009457415,0.017720744,0,0,0,1,22.64986825,0,0,0,0,,,
3/4/2024,4.072500229,4.205500126,4.072500229,4.19299984,4.19299984,431,0.030221047,43.65000153,44.59000015,43.54999924,44.36999893,44.36999893,1137200,0.025421735,0.004799313,0.004799313,0.010737384,0.017965509,1,0,0,1,8.901439477,0,0,0,0,,,
4/4/2024,4.222000122,4.246500015,4.21750021,4.246500015,4.246500015,205,0.012759403,45.25999832,45.59000015,44.34999847,44.56999969,44.56999969,2460000,0.004507567,0.008251836,0.008251836,0.010889935,0.017936446,1,0,0,1,3.707860399,0,0,0,0,,,
5/4/2024,4.239500046,4.239500046,4.235000134,4.239500046,4.239500046,1377,-0.001648409,44.22000122,44.70000076,43.88000107,44.63999939,44.63999939,1823100,0.001570556,-0.003218965,0.003218965,0.01091026,0.017924197,0,0,0,1,10.0322428,0,0,0,0,,,
8/4/2024,4.181499958,4.296999931,4.181499958,4.27699995,4.27699995,223,0.00884536,45.52999878,45.58000183,44.65999985,45.5,45.5,1601200,0.019265247,-0.010419887,0.010419887,0.010884127,0.01803331,0,0,0,1,23.17027626,0,0,0,0,,,
9/4/2024,4.27699995,4.285999775,4.274499893,4.285999775,4.285999775,206,0.002104238,46.20000076,46.81000137,46.11999893,46.72999954,46.72999954,1649900,0.027032957,-0.024928719,0.024928719,0.010330329,0.017858476,0,1,1,1,140.0691166,140.0691166,-1,-600.336202,46.72999954,,,
10/4/2024,4.274499893,4.282000065,4.264500141,4.282000065,4.282000065,316,-0.000933204,46.08000183,46.79999924,45.18999863,46.31999969,46.31999969,807100,-0.008773804,0.0078406,0.0078406,0.01036133,0.018149421,1,0,-1,1,101.7029213,0,0,599.7759662,-46.31999969,1,0,
11/4/2024,4.272500038,4.272500038,4.230500221,4.251999855,4.251999855,355,-0.007006121,46.52999878,46.52999878,45.5,46.25999832,46.25999832,1263000,-0.001295366,-0.005710754,0.005710754,0.010514825,0.017502956,0,0,0,1,2.011534066,0,0,0,0,,,
12/4/2024,4.340000153,4.340000153,4.25549984,4.257500172,4.257500172,252,0.001293583,47.18999863,47.25,45.34000015,45.47999954,45.47999954,1077300,-0.016861193,0.018154777,0.018154777,0.010518326,0.018112026,1,1,1,1,139.2385971,-139.2385971,1,592.8083512,-45.47999954,,,
15/4/2024,4.382999897,4.382999897,4.285999775,4.379000187,4.379000187,289,0.028537877,46.65000153,46.83000183,45.45999908,45.81000137,45.81000137,2592700,0.007255977,0.0212819,0.0212819,0.01146478,0.01808703,1,1,0,1,2.659864914,0,0,0,0,,,
16/4/2024,4.364999771,4.365499973,4.28000021,4.305500031,4.305500031,314,-0.016784689,44.5,45.29000092,44.24000168,45.15000153,45.15000153,1573200,-0.014407331,-0.002377358,0.002377358,0.012066875,0.018524607,0,0,-1,1,9.001282739,0,0,-599.4917842,45.15000153,1,0,
17/4/2024,4.371500015,4.371500015,4.34250021,4.34250021,4.34250021,234,0.008593701,45.61000061,46.29000092,45.18999863,45.38000107,45.38000107,2477000,0.00509412,0.00349958,0.00349958,0.012045328,0.017987974,1,0,0,1,6.194605077,0,0,0,0,,,
18/4/2024,4.414999962,4.440499783,4.414999962,4.440499783,4.440499783,295,0.022567546,46.43000031,46.56999969,45.70000076,46.20999908,46.20999908,1008000,0.018289951,0.004277594,0.004277594,0.012500121,0.017239892,1,0,0,1,8.433975309,0,0,0,0,,,
19/4/2024,4.442500114,4.514500141,4.442500114,4.501999855,4.501999855,248,0.013849809,46.52000046,46.54000092,45.81999969,45.97999954,45.97999954,899500,-0.004977268,0.018827077,0.018827077,0.012528222,0.017240063,1,1,1,1,3.670377409,-3.670377409,1,16.52403856,-45.97999954,,,
22/4/2024,4.478499889,4.500500202,4.472000122,4.500500202,4.500500202,468,-0.000333108,45.52000046,45.52000046,44.56999969,45.22999954,45.22999954,1136500,-0.01631144,0.015978332,0.015978332,0.012306841,0.017708873,1,1,0,1,492.1220613,0,0,0,0,,,
23/4/2024,4.485000134,4.490499973,4.420000076,4.490499973,4.490499973,570,-0.002222026,44.56000137,44.86999893,44.04999924,44.40000153,44.40000153,1624600,-0.018350609,0.016128582,0.016128582,0.012342509,0.018253421,1,1,0,1,81.65628235,0,0,0,0,,,
24/4/2024,4.467000008,4.496500015,4.467000008,4.467000008,4.467000008,417,-0.005233263,44.90000153,44.95000076,44.31000137,44.59999847,44.59999847,853700,0.004504436,-0.009737698,0.009737698,0.012453394,0.018155117,0,0,-1,1,8.59382973,0,0,-16.39557592,44.59999847,1,0,
25/4/2024,4.570499897,4.570499897,4.570499897,4.570499897,4.570499897,396,0.023169888,44.77999878,46.13999939,44.61000061,45.97999954,45.97999954,1331000,0.030941729,-0.007771841,0.007771841,0.011829447,0.015716504,0,0,0,1,13.43463604,0,0,0,0,,,
26/4/2024,4.624499798,4.624499798,4.568999767,4.568999767,4.568999767,55975,-0.00032822,46.65999985,47.54999924,46.5,47.52000046,47.52000046,1768300,0.033492843,-0.033821063,0.033821063,0.011765886,0.016587417,0,1,1,1,1061.309889,1061.309889,-1,-4849.124635,47.52000046,,,
29/4/2024,4.572999954,4.677999973,4.5625,4.65899992,4.65899992,11865,0.019697999,47.91999817,48.06000137,47.08000183,48.02000046,48.02000046,1222500,0.010521885,0.009176114,0.009176114,0.011809537,0.01620866,1,0,-1,1,5.505552587,0,0,4944.642687,-48.02000046,1,1,
30/4/2024,4.675000191,4.690999985,4.542500019,4.564499855,4.564499855,2062,-0.020283337,46.77999878,46.83000183,45.75999832,45.77000046,45.77000046,2168300,-0.046855476,0.02657214,0.02657214,0.012617975,0.018529893,1,1,1,1,23.16373959,-23.16373959,1,105.730886,-45.77000046,,,
1/5/2024,4.540500164,4.598499775,4.513500214,4.552499771,4.552499771,1659,-0.002629003,45.18000031,46.36999893,45.15000153,45.56999969,45.56999969,818300,-0.004369691,0.001740688,0.001740688,0.01225735,0.018288893,1,1,0,1,16.63752584,0,0,0,0,,,
2/5/2024,4.580999851,4.580999851,4.475999832,4.493999958,4.493999958,864,-0.012850042,45.77000046,46.09999847,45.02999878,45.70000076,45.70000076,729300,0.002852777,-0.015702819,0.015702819,0.012536438,0.017507864,0,0,-1,1,2.25759738,0,0,-104.0978447,45.70000076,1,1,
3/5/2024,4.514500141,4.573500156,4.504499912,4.573500156,4.573500156,879,0.017690298,46.34000015,46.72000122,45.99000168,46.63999939,46.63999939,664300,0.020568897,-0.002878599,0.002878599,0.012790094,0.017777726,0,0,0,1,11.85729709,0,0,0,0,,,
6/5/2024,4.59250021,4.646999836,4.584000111,4.634500027,4.634500027,642,0.013337678,47,47.40000153,47,47.34999847,47.34999847,623300,0.015222965,-0.001885288,0.001885288,0.012496523,0.017652122,0,0,0,1,11.66100871,0,0,0,0,,,
7/5/2024,4.630000114,4.637000084,4.593500137,4.625500202,4.625500202,823,-0.001941919,47.45000076,47.52999878,47.00999832,47.40999985,47.40999985,1358600,0.001267188,-0.003209108,0.003209108,0.012555259,0.017577543,0,0,0,1,6.688385828,0,0,0,0,,,
8/5/2024,4.583000183,4.593999863,4.532000065,4.561999798,4.561999798,1097,-0.013728332,46.75,47.00999832,46.34000015,46.79999924,46.79999924,811600,-0.012866497,-0.000861836,0.000861836,0.012939287,0.01767668,0,0,0,1,9.614641899,0,0,0,0,,,
9/5/2024,4.559000015,4.616499901,4.538499832,4.607500076,4.607500076,905,0.009973757,47.15999985,47.97999954,47.00999832,47.90999985,47.90999985,1057400,0.023717962,-0.013744205,0.013744205,0.012935305,0.017867283,0,0,0,1,24.72745368,0,0,0,0,,,
10/5/2024,4.645999908,4.752999783,4.645500183,4.693500042,4.693500042,989,0.018665212,48.31000137,48.72999954,47.93999863,47.97999954,47.97999954,2228700,0.001461066,0.017204146,0.017204146,0.013169742,0.017487348,1,0,0,1,0.800203532,0,0,0,0,,,
13/5/2024,4.68599987,4.809000015,4.68599987,4.804500103,4.804500103,853,0.023649741,48.47999954,48.59000015,48.06000137,48.29000092,48.29000092,972100,0.006461054,0.017188687,0.017188687,0.013557114,0.017484317,1,0,0,1,2.745908069,0,0,0,0,,,
14/5/2024,4.822999954,5.081999779,4.819499969,4.953499794,4.953499794,1046,0.031012527,48.79999924,50.08000183,48.70999908,49.70999908,49.70999908,2444200,0.029405636,0.001606892,0.001606892,0.014315574,0.018021978,1,0,0,1,9.515355443,0,0,0,0,,,
15/5/2024,4.989999771,5.177499771,4.863999844,4.969500065,4.969500065,724,0.003230094,50.50999832,50.52999878,48.72999954,49.68000031,49.68000031,3264900,-0.000603476,0.00383357,0.00383357,0.013615328,0.017616563,1,0,0,1,1.867727581,0,0,0,0,,,
16/5/2024,5.022999763,5.022999763,4.881999969,4.892000198,4.892000198,1150,-0.015595103,49.54999924,49.63000107,49.13999939,49.36000061,49.36000061,1221700,-0.006441218,-0.009153886,0.009153886,0.014089215,0.017717212,0,0,0,1,4.167430933,0,0,0,0,,,
17/5/2024,4.864999771,5.070499897,4.864999771,5.05700016,5.05700016,790,0.033728527,50.00999832,51.68000031,50,51.66999817,51.66999817,3889000,0.046798978,-0.01307045,0.01307045,0.01498111,0.019387617,0,0,0,1,14.17700412,0,0,0,0,,,
20/5/2024,5.191999912,5.198500156,5.028999805,5.087500095,5.087500095,747,0.006031231,52.09999847,52.90000153,51.61000061,52.72000122,52.72000122,2713600,0.020321329,-0.014290099,0.014290099,0.014971504,0.019415223,0,0,0,1,34.91541014,0,0,0,0,,,
21/5/2024,5.057499886,5.161499977,5.057499886,5.118999958,5.118999958,568,0.006191619,52.52000046,52.54000092,51.43999863,51.70999908,51.70999908,2341800,-0.019157855,0.025349474,0.025349474,0.014954275,0.019447673,1,1,1,1,31.25590331,-31.25590331,1,159.9989677,-51.70999908,,,
22/5/2024,5.074999809,5.074999809,4.839000225,4.867499828,4.867499828,976,-0.049130715,50.20000076,50.20000076,48.18999863,48.27000046,48.27000046,3362800,-0.066524825,0.017394109,0.017394109,0.018007202,0.023206085,1,1,0,1,13.42771175,0,0,0,0,,,
23/5/2024,4.809999943,4.84800005,4.803500175,4.816500187,4.816500187,713,-0.010477585,48.97999954,48.97999954,47.50999832,47.75999832,47.75999832,1478900,-0.010565613,8.80E-05,8.80E-05,0.018094225,0.023307997,1,1,0,1,9.999222585,0,0,0,0,,,
24/5/2024,4.815999985,4.824999809,4.772500038,4.77850008,4.77850008,689,-0.007889568,48.22000122,48.75999832,48.22000122,48.65999985,48.65999985,1122900,0.018844254,-0.026733822,0.026733822,0.018224447,0.023258654,0,0,-1,1,24.32238802,0,0,-149.3563365,48.65999985,1,1,
28/5/2024,4.863500118,4.899000168,4.860000134,4.875500202,4.875500202,461,0.020299282,50,50.11999893,49.43999863,50.06999969,50.06999969,2326200,0.028976569,-0.008677287,0.008677287,0.017901411,0.023744176,0,0,0,1,14.65968671,0,0,0,0,,,
29/5/2024,4.802000046,4.805500031,4.796000004,4.805500031,4.805500031,1059,-0.014357536,49.27999878,49.31000137,48.70000076,48.72999954,48.72999954,1823300,-0.026762536,0.012404999,0.012404999,0.017810696,0.024164322,1,0,0,1,18.90188671,0,0,0,0,,,
30/5/2024,4.775499821,4.78550005,4.642499924,4.671999931,4.671999931,1170,-0.027780688,48.15999985,48.56999969,47.86999893,48.38000107,48.38000107,1361500,-0.007182403,-0.020598286,0.020598286,0.018691077,0.024228555,0,0,0,1,2.677255291,0,0,0,0,,,
31/5/2024,4.638500214,4.651500225,4.583499908,4.610000134,4.610000134,615,-0.013270505,48.45999908,48.79999924,47.41999817,48.18999863,48.18999863,1907600,-0.003927293,-0.009343212,0.009343212,0.018516018,0.024065831,0,0,0,1,3.093583468,0,0,0,0,,,
3/6/2024,4.684000015,4.684000015,4.663000107,4.677000046,4.677000046,488,0.014533603,48.5,48.59999847,47.47999954,47.75,47.75,1029100,-0.009130497,0.0236641,0.0236641,0.018532265,0.024117352,1,0,0,1,6.413972785,0,0,0,0,,,
4/6/2024,4.68599987,4.68599987,4.544499874,4.547999859,4.547999859,593,-0.027581823,46.54999924,46.75,45,45.45999908,45.45999908,3022400,-0.047958134,0.020376311,0.020376311,0.019274963,0.025573419,1,0,0,1,17.37994088,0,0,0,0,,,
5/6/2024,4.538000107,4.622499943,4.538000107,4.61950016,4.61950016,436,0.015721263,45.54999924,46.52999878,45.49000168,46.52000046,46.52000046,4123800,0.023317233,-0.00759597,0.00759597,0.019464075,0.025646358,0,0,0,1,14.93599981,0,0,0,0,,,
6/6/2024,4.661499977,4.690999985,4.650000095,4.690999985,4.690999985,376,0.015477827,46.5,47.43999863,46.47999954,47.38000107,47.38000107,1689000,0.018486685,-0.003008858,0.003008858,0.019597492,0.025822188,0,0,0,1,12.06364905,0,0,0,0,,,
7/6/2024,4.559999943,4.559999943,4.479499817,4.49450016,4.49450016,398,-0.041888686,46.09999847,46.15000153,45.38999939,45.45999908,45.45999908,2637200,-0.040523469,-0.001365217,0.001365217,0.020720793,0.02638331,0,0,0,1,9.784933946,0,0,0,0,,,
10/6/2024,4.474999905,4.568999767,4.474999905,4.556499958,4.556499958,391,0.013794592,45.99000168,46.40999985,45.63000107,46.15999985,46.15999985,851200,0.015398169,-0.001603577,0.001603577,0.020881108,0.025790484,0,0,0,1,11.30823033,0,0,0,0,,,
11/6/2024,4.465499878,4.522999763,4.465499878,4.522999763,4.522999763,388,-0.007352177,45.40999985,45.40999985,44.65000153,45.06000137,45.06000137,1102200,-0.023830123,0.016477946,0.016477946,0.020588581,0.026039145,1,0,0,1,32.29051421,0,0,0,0,,,
12/6/2024,4.526500225,4.587500095,4.523499966,4.581500053,4.581500053,384,0.012933958,46.36999893,46.68999863,44.95999908,45.18999863,45.18999863,1370900,0.002884981,0.010048977,0.010048977,0.020395872,0.024615124,1,0,0,1,2.200118915,0,0,0,0,,,
13/6/2024,4.507500172,4.507500172,4.507500172,4.507500172,4.507500172,532,-0.016151889,44.88999939,45.08000183,44.22000122,44.40999985,44.40999985,831300,-0.017260429,0.00110854,0.00110854,0.020611735,0.024803504,1,0,0,1,10.52866445,0,0,0,0,,,
14/6/2024,4.516499996,4.551000118,4.508999825,4.551000118,4.551000118,577,0.00965057,44.09000015,44.63000107,43.93000031,44.31999969,44.31999969,1040600,-0.002026574,0.011677144,0.011677144,0.020541957,0.024796362,1,0,0,1,2.045042812,0,0,0,0,,,
17/6/2024,4.471000195,4.526000023,4.471000195,4.521500111,4.521500111,512,-0.006482093,43.75999832,44.11000061,43.34000015,43.95000076,43.95000076,1511300,-0.008348351,0.001866258,0.001866258,0.020322434,0.024500509,1,0,0,1,12.51877348,0,0,0,0,,,
18/6/2024,4.449999809,4.561999798,4.449999809,4.561999798,4.561999798,454,0.008957135,43.68999863,44.72000122,43.65000153,44.61000061,44.61000061,1435000,0.015017061,-0.006059926,0.006059926,0.02023752,0.024495638,0,0,0,1,16.39429678,0,0,0,0,,,
20/6/2024,4.605000019,4.618000031,4.592000008,4.618000031,4.618000031,445,0.012275369,45.56999969,46.09000015,45.47999954,46.02999878,46.02999878,2246700,0.031831386,-0.019556017,0.019556017,0.02036444,0.025247025,0,0,0,1,25.84687349,0,0,0,0,,,
21/6/2024,4.597499847,4.597499847,4.479000092,4.493999958,4.493999958,687,-0.026851466,45.27000046,45.50999832,44.70000076,45.22000122,45.22000122,927700,-0.017597167,-0.0092543,0.0092543,0.020808884,0.025340411,0,0,0,1,6.594353807,0,0,0,0,,,
24/6/2024,4.480000019,4.52699995,4.476500034,4.52699995,4.52699995,668,0.007343123,45.56000137,46.40999985,45.36000061,46.29000092,46.29000092,1196000,0.023662089,-0.016318966,0.016318966,0.02076965,0.025338547,0,0,0,1,32.94951363,0,0,0,0,,,
,,,,,,,,,,,,,,,,,,,,,,,,,,,,14,9,0.642857143
