Date,GC=F_Close,GC=F_dailyReturns,GLD_Close,GLD_dailyReturns,spread,abs_sprd,GC=F_rolling avg,GLD_rolling avg,isSprdPos,signal,axe,leverage,ratio,GC=F_Size,GLD_Size,GC=F_Cashflow,GLD_Cashflow,GC=F_MTM,GLD_MTM,Live Trades,GC=F_PnL,GLD_PnL,Total PnL,Gross Capital
2024-01-03,2034.199951171875,-0.01462892491788459,189.1300048828125,-0.008336809604204354,-0.0062921153136802355,0.0062921153136802355,,,0,0,,5,0.052985161998656924,0.0,0.0,0.0,0.0,0.0,0.0,,0.0,0.0,0.0,0.0
2024-01-04,2042.300048828125,0.003981957452896312,189.32000732421875,0.0010046128932528209,0.002977344559643491,0.002977344559643491,,,1,0,0.0,5,0.02338724671977907,0.0,0.0,0.0,0.0,0.0,0.0,,0.0,0.0,0.0,0.0
2024-01-05,2042.4000244140625,4.895244750890981e-05,189.35000610351562,0.00015845540955172766,-0.00010950296204281784,0.00010950296204281784,,,0,0,0.0,5,0.30009390602603864,0.0,0.0,0.0,0.0,0.0,0.0,,0.0,0.0,0.0,0.0
2024-01-08,2026.5999755859375,-0.007736020681187505,187.8699951171875,-0.007816271130823282,8.025044963577699e-05,8.025044963577699e-05,,,1,0,0.0,5,0.09366371616296151,0.0,0.0,0.0,0.0,0.0,0.0,,0.0,0.0,0.0,0.0
2024-01-09,2026.4000244140625,-9.866336439545709e-05,187.92999267578125,0.0003193567900841021,-0.0004180201544795592,0.0004180201544795592,0.00744591661988719,0.004708694227562705,0,0,0.0,5,0.3001864940041363,0.0,0.0,0.0,0.0,0.0,0.0,,0.0,0.0,0.0,0.0
2024-01-10,2021.699951171875,-0.0023194202455394386,187.5,-0.00228804710551489,-3.137314002454872e-05,3.137314002454872e-05,0.0042893805002629576,0.0036262304674986876,0,0,0.0,5,0.09148925457250412,0.0,0.0,0.0,0.0,0.0,0.0,,0.0,0.0,0.0,0.0
2024-01-11,2014.300048828125,-0.003660237682382439,187.8699951171875,0.0019733072916665595,-0.0056335449740489985,0.0056335449740489985,0.003191316624366135,0.0038287074282623936,0,1,1.0,5,0.05028271204196878,1.0,-5.0,-2014.300048828125,939.3499755859375,0.0,0.0,Opened,-2014.300048828125,939.3499755859375,0.0,2953.6500244140625
2024-01-12,2046.699951171875,0.016084943433625654,189.7100067138672,0.009794068475553752,0.0062908749580719014,0.0062908749580719014,0.009169611219552627,0.006431620487290804,1,0,-1.0,5,0.05643904524038786,-1.0,5.0,2046.699951171875,-948.5500335693359,32.39990234375,-9.200057983398438,Closed,2046.699951171875,-948.5500335693359,23.199844360351562,0.0
2024-01-16,2026.0,-0.01011381817839141,187.91000366210938,-0.009488181898979597,-0.000625636279411812,0.000625636279411812,0.009744218925045362,0.006985005020479059,0,0,0.0,5,0.0870118335078577,0.0,0.0,0.0,0.0,0.0,0.0,,0.0,0.0,0.0,0.0
2024-01-17,2002.5999755859375,-0.011549863975351626,185.83999633789062,-0.01101595063528893,-0.0005339133400626972,0.0005339133400626972,0.011028053146520155,0.008545764778382703,0,0,0.0,5,0.08850954196512556,0.0,0.0,0.0,0.0,0.0,0.0,,0.0,0.0,0.0,0.0
2024-01-18,2018.5999755859375,0.007989613599849621,187.3699951171875,0.008232882099906247,-0.00024326850005662592,0.00024326850005662592,0.011951288268859639,0.009732985832381372,0,0,0.0,5,0.09564800185234092,0.0,0.0,0.0,0.0,0.0,0.0,,0.0,0.0,0.0,0.0
2024-01-19,2026.5,0.003913615629451028,187.92999267578125,0.00298872590696031,0.0009248897224907182,0.0009248897224907182,0.011890800624720968,0.009797461868091101,1,0,0.0,5,0.07082024211364145,0.0,0.0,0.0,0.0,0.0,0.0,,0.0,0.0,0.0,0.0
2024-01-22,2019.800048828125,-0.0033061688486922813,187.22000122070312,-0.003777957126316789,0.0004717882776245075,0.0004717882776245075,0.008538477913368151,0.00818912874193589,1,0,0.0,5,0.10591948509786912,0.0,0.0,0.0,0.0,0.0,0.0,,0.0,0.0,0.0,0.0
2024-01-23,2023.699951171875,0.0019308358498222322,187.9499969482422,0.0038991332271092194,-0.001968297377286987,0.001968297377286987,0.0075332540535249575,0.007541863737901886,0,0,0.0,5,0.187550800705228,0.0,0.0,0.0,0.0,0.0,0.0,,0.0,0.0,0.0,0.0
2024-01-24,2013.9000244140625,-0.004842578936733011,186.39999389648438,-0.008246890539639895,0.0034043116029068843,0.0034043116029068843,0.00526296486111902,0.006562837084006218,1,0,0.0,5,0.1576236965245604,0.0,0.0,0.0,0.0,0.0,0.0,,0.0,0.0,0.0,0.0
2024-01-25,2016.9000244140625,0.0014896469356133757,187.13999938964844,0.003969986681303217,-0.0024803397456898413,0.0024803397456898413,0.0037253239745689915,0.00552060462441942,0,0,0.0,5,0.24727940935759987,0.0,0.0,0.0,0.0,0.0,0.0,,0.0,0.0,0.0,0.0
2024-01-26,2016.800048828125,-4.9568934864074876e-05,187.00999450683594,-0.0006946931881827156,0.0006451242533186408,0.0006451242533186408,0.0029902096892939632,0.005220763348139809,1,0,0.0,5,1.2995273609420537,0.0,0.0,0.0,0.0,0.0,0.0,,0.0,0.0,0.0,0.0
2024-01-29,2025.199951171875,0.004164965361157513,188.3300018310547,0.0070584854445867595,-0.0028935200834292463,0.0028935200834292463,0.003365128752920086,0.005960569649014437,0,0,0.0,5,0.15759837385933748,0.0,0.0,0.0,0.0,0.0,0.0,,0.0,0.0,0.0,0.0
2024-01-30,2031.5,0.003110828056498649,188.58999633789062,0.0013805262268788976,0.0017303018296197514,0.0017303018296197514,0.003524761855700363,0.005778799032812089,1,0,0.0,5,0.041197463713517506,0.0,0.0,0.0,0.0,0.0,0.0,,0.0,0.0,0.0,0.0
2024-01-31,2048.39990234375,0.008318928055008667,188.4499969482422,-0.0007423479101065222,0.00906127596511519,0.00906127596511519,0.003178575864021148,0.003333383173698677,1,1,1.0,5,0.008209590790731962,-1.0,5.0,2048.39990234375,-942.2499847412109,0.0,0.0,Opened,2048.39990234375,-942.2499847412109,0.0,2990.649887084961
2024-02-01,2053.0,0.002245702926946258,190.41000366210938,0.01040067256889099,-0.008154969641944732,0.008154969641944732,0.003081050256123963,0.005009125190568282,0,0,-1.0,5,0.42954624930733437,1.0,-5.0,-2053.0,952.0500183105469,-4.60009765625,9.800033569335938,Closed,-2053.0,952.0500183105469,5.1999359130859375,0.0
2024-02-02,2036.0999755859375,-0.008231867712646168,188.61000061035156,-0.009453300862028224,0.0012214331493820563,0.0012214331493820563,0.006135362804969832,0.007662802475144334,1,0,0.0,5,0.1063777291467796,0.0,0.0,0.0,0.0,0.0,0.0,,0.0,0.0,0.0,0.0
2024-02-05,2025.699951171875,-0.005107816187203462,187.57000732421875,-0.005513988032274764,0.00040617184507130144,0.00040617184507130144,0.006666256071994754,0.007538457387598763,1,0,0.0,5,0.09995829433195397,0.0,0.0,0.0,0.0,0.0,0.0,,0.0,0.0,0.0,0.0
2024-02-06,2034.5,0.004344201530455782,188.5500030517578,0.005224693124019186,-0.0008804915935634039,0.0008804915935634039,0.006827899005638983,0.007996718536830287,0,0,0.0,5,0.11146016259614619,0.0,0.0,0.0,0.0,0.0,0.0,,0.0,0.0,0.0,0.0
2024-02-07,2035.199951171875,0.0003440408807446893,188.5,-0.0002651978305409086,0.0006092387112855979,0.0006092387112855979,0.0052364197606169696,0.00798873939439386,1,0,0.0,5,0.07139440642168121,0.0,0.0,0.0,0.0,0.0,0.0,,0.0,0.0,0.0,0.0
2024-02-08,2032.199951171875,-0.0014740566391389098,188.3300018310547,-0.0009018470501077624,-0.0005722095890311474,0.0005722095890311474,0.004860853418223584,0.005571040872513909,0,0,0.0,5,0.056698529042538304,0.0,0.0,0.0,0.0,0.0,0.0,,0.0,0.0,0.0,0.0
2024-02-09,2023.300048828125,-0.00437944225843423,187.60000610351562,-0.003876152075832917,-0.0005032901826013125,0.0005032901826013125,0.0038263006476181105,0.0041207584638280025,0,0,0.0,5,0.08206435476432018,0.0,0.0,0.0,0.0,0.0,0.0,,0.0,0.0,0.0,0.0
2024-02-12,2018.199951171875,-0.0025206828118271574,187.11000061035156,-0.0026119694947860372,9.128668295887987e-05,9.128668295887987e-05,0.003315849086999625,0.0034945162637004703,1,0,0.0,5,0.09606887596553762,0.0,0.0,0.0,0.0,0.0,0.0,,0.0,0.0,0.0,0.0
2024-02-13,1992.9000244140625,-0.012535887112236854,184.52999877929688,-0.013788690196348319,0.0012528030841114646,0.0012528030841114646,0.005009509159424842,0.005497517105338554,1,0,0.0,5,0.10184727363668634,0.0,0.0,0.0,0.0,0.0,0.0,,0.0,0.0,0.0,0.0
2024-02-14,1990.300048828125,-0.0013046191751149294,184.4199981689453,-0.0005961123453055439,-0.0007085068298093855,0.0007085068298093855,0.004686635883883162,0.0054386455823751375,0,0,0.0,5,0.042338339229227646,0.0,0.0,0.0,0.0,0.0,0.0,,0.0,0.0,0.0,0.0
2024-02-15,2002.0999755859375,0.005928717514105619,185.66000366210938,0.0067238125229136525,-0.0007950950088080333,0.0007950950088080333,0.006626744793565474,0.007373948228483798,0,0,0.0,5,0.10516892435094666,0.0,0.0,0.0,0.0,0.0,0.0,,0.0,0.0,0.0,0.0
2024-02-16,2011.5,0.00469508242779515,186.33999633789062,0.0036625695484677756,0.0010325128793273741,0.0010325128793273741,0.007345309765729885,0.007861143863068137,1,0,0.0,5,0.07226511609775839,0.0,0.0,0.0,0.0,0.0,0.0,,0.0,0.0,0.0,0.0
2024-02-20,2027.5,0.007954262987819982,187.47000122070312,0.006064210073093879,0.0018900529147261036,0.0018900529147261036,0.008288929338885528,0.008441394201696482,1,0,0.0,5,0.07049287301213927,0.0,0.0,0.0,0.0,0.0,0.0,,0.0,0.0,0.0,0.0
2024-02-21,2022.300048828125,-0.0025647108122688334,187.47999572753906,5.331256612173263e-05,-0.002618023378390566,0.002618023378390566,0.004622612838917637,0.0033595139128210923,0,0,0.0,5,0.0019270834739892912,0.0,0.0,0.0,0.0,0.0,0.0,,0.0,0.0,0.0,0.0
2024-02-22,2019.699951171875,-0.0012857130957182328,187.55999755859375,0.00042672195902415666,-0.0017124350547423894,0.0017124350547423894,0.004618276722150477,0.003092508056823347,0,0,0.0,5,0.03082153670990295,0.0,0.0,0.0,0.0,0.0,0.0,,0.0,0.0,0.0,0.0
2024-02-23,2038.5999755859375,0.009357837733815932,188.6199951171875,0.005651511902278639,0.0037063258315372938,0.0037063258315372938,0.0053661076261183145,0.002829146476165686,1,0,0.0,5,0.055878514354458224,0.0,0.0,0.0,0.0,0.0,0.0,,0.0,0.0,0.0,0.0
2024-02-26,2028.5,-0.004954368540613041,188.1999969482422,-0.0022266895335479875,-0.0027276790070650536,0.0027276790070650536,0.006502713573436586,0.0036735831109644904,0,0,0.0,5,0.04169807041958506,0.0,0.0,0.0,0.0,0.0,0.0,,0.0,0.0,0.0,0.0
2024-02-27,2034.0,0.002711363076164597,188.0,-0.0010626830578386315,0.0037740461340032283,0.0037740461340032283,0.005602809825090758,0.0030247467571267285,1,0,0.0,5,0.03622621664174786,0.0,0.0,0.0,0.0,0.0,0.0,,0.0,0.0,0.0,0.0
2024-02-28,2033.0,-0.000491642084562427,188.33999633789062,0.00180849115899262,-0.002300133243555047,0.002300133243555047,0.005377346515428011,0.003051746646314844,0,0,0.0,5,0.3407787594414521,0.0,0.0,0.0,0.0,0.0,0.0,,0.0,0.0,0.0,0.0
2024-02-29,2045.699951171875,0.0062469017077595446,189.30999755859375,0.005150266749304189,0.0010966349584553559,0.0010966349584553559,0.0056036600592948346,0.0035513057883274717,1,0,0.0,5,0.07629510335513896,0.0,0.0,0.0,0.0,0.0,0.0,,0.0,0.0,0.0,0.0
2024-03-01,2086.89990234375,0.020139782057614797,192.88999938964844,0.018910791174389097,0.0012289908832257002,0.0012289908832257002,0.009551044552101566,0.008537102526429556,1,0,0.0,5,0.08678866846125967,0.0,0.0,0.0,0.0,0.0,0.0,,0.0,0.0,0.0,0.0
2024-03-04,2117.699951171875,0.014758757137097955,196.00999450683594,0.016174996770490724,-0.0014162396333927685,0.0014162396333927685,0.008572357653480106,0.008863846666009572,0,0,0.0,5,0.10143975842054836,0.0,0.0,0.0,0.0,0.0,0.0,,0.0,0.0,0.0,0.0
2024-03-05,2133.5,0.00746094781717388,197.19000244140625,0.006020141664404566,0.001440806152769314,0.001440806152769314,0.007989949937651609,0.007470670981492145,1,0,0.0,5,0.07457700767769644,0.0,0.0,0.0,0.0,0.0,0.0,,0.0,0.0,0.0,0.0
2024-03-06,2150.300048828125,0.007874407700082076,198.80999755859375,0.008215401882095241,-0.00034099418201316567,0.00034099418201316567,0.005960525996563094,0.006246553484135597,0,0,0.0,5,0.09646062501179302,0.0,0.0,0.0,0.0,0.0,0.0,,0.0,0.0,0.0,0.0
2024-03-07,2158.0,0.003580872900073251,199.94000244140625,0.005683843351386164,-0.0021029704513129133,0.0021029704513129133,0.006609095638145761,0.006127309777892361,0,0,0.0,5,0.14706233134593155,0.0,0.0,0.0,0.0,0.0,0.0,,0.0,0.0,0.0,0.0
2024-03-08,2178.60009765625,0.009545921064064045,201.6300048828125,0.008452547868211147,0.001093373195852898,0.001093373195852898,0.004056810850055023,0.0042494491734702405,1,0,0.0,5,0.08194971394810746,0.0,0.0,0.0,0.0,0.0,0.0,,0.0,0.0,0.0,0.0
2024-03-11,2182.5,0.0017900955517011763,202.0,0.00183502012710135,-4.4924575400173694e-05,4.4924575400173694e-05,0.003232030121350481,0.0026627921686761843,0,0,0.0,5,0.09487717300214817,0.0,0.0,0.0,0.0,0.0,0.0,,0.0,0.0,0.0,0.0
2024-03-12,2160.39990234375,-0.010126047036082442,199.7899932861328,-0.01094062729637224,0.0008145802602897989,0.0008145802602897989,0.0077397208372222475,0.008050105666163127,1,0,0.0,5,0.09991757071393423,0.0,0.0,0.0,0.0,0.0,0.0,,0.0,0.0,0.0,0.0
2024-03-13,2175.39990234375,0.006943158988170106,201.19000244140625,0.00700740378557585,-6.424479740574363e-05,6.424479740574363e-05,0.007588784965232309,0.00785710474271693,0,0,0.0,5,0.09333989855955738,0.0,0.0,0.0,0.0,0.0,0.0,,0.0,0.0,0.0,0.0
2024-03-14,2163.0,-0.005700056495539285,200.35000610351562,-0.004175139558116325,-0.0015249169374229599,0.0015249169374229599,0.008312046497275353,0.008063744497610813,0,0,0.0,5,0.06784606704238912,0.0,0.0,0.0,0.0,0.0,0.0,,0.0,0.0,0.0,0.0
2024-03-15,2157.300048828125,-0.0026352062745608196,199.7100067138672,-0.00319440663913817,0.0005592003645773502,0.0005592003645773502,0.006604102355830138,0.006743083493467563,1,0,0.0,5,0.11221860273335224,0.0,0.0,0.0,0.0,0.0,0.0,,0.0,0.0,0.0,0.0
2024-03-18,2160.699951171875,0.0015759988257531,200.02999877929688,0.0016022835845583838,-2.6284758805283914e-05,2.6284758805283914e-05,0.006574453143135243,0.006711640709190953,0,0,0.0,5,0.09412048663616229,0.0,0.0,0.0,0.0,0.0,0.0,,0.0,0.0,0.0,0.0
2024-03-19,2156.300048828125,-0.002036331949451742,199.8000030517578,-0.0011498061737871268,-0.000886525775664615,0.000886525775664615,0.004837006525375424,0.004489639928775817,0,0,0.0,5,0.052319352282054706,0.0,0.0,0.0,0.0,0.0,0.0,,0.0,0.0,0.0,0.0
2024-03-20,2157.89990234375,0.0007419438294287151,202.17999267578125,0.011911859798154678,-0.011169915968725963,0.011169915968725963,0.0029001549355249286,0.006488994672315982,0,1,1.0,5,1.5042340909367484,8.0,-5.0,-17263.19921875,1010.8999633789062,0.0,0.0,Opened,-17263.19921875,1010.8999633789062,0.0,18274.099182128906
2024-03-21,2182.39990234375,0.011353631358614003,201.97000122070312,-0.0010386361790747367,0.01239226753768874,0.01239226753768874,0.005630941951540446,0.00599669033652069,1,0,-1.0,5,0.008466057074450003,-8.0,5.0,17459.19921875,-1009.8500061035156,196.0,1.049957275390625,Closed,17459.19921875,-1009.8500061035156,197.04995727539062,0.0
2024-03-22,2158.10009765625,-0.0111344417956597,200.35000610351562,-0.00802096899240623,-0.0031134728032534698,0.0031134728032534698,0.008062435731520197,0.007228627613442262,0,0,0.0,5,0.06687690461687797,0.0,0.0,0.0,0.0,0.0,0.0,,0.0,0.0,0.0,0.0
2024-03-25,2174.800048828125,0.007738265333480765,200.99000549316406,0.0031944066391380588,0.004543858694342706,0.004543858694342706,0.008783213053612373,0.007315011322539245,1,0,0.0,5,0.038150629716976296,0.0,0.0,0.0,0.0,0.0,0.0,,0.0,0.0,0.0,0.0
2024-03-26,2175.60009765625,0.0003678723607516421,201.63999938964844,0.003233961285236564,-0.002866088924484922,0.002866088924484922,0.008616905175696564,0.0072585098492061635,0,0,0.0,5,0.814770460007278,0.0,0.0,0.0,0.0,0.0,0.0,,0.0,0.0,0.0,0.0
2024-03-27,2190.60009765625,0.006894649442312106,203.10000610351562,0.007240660177973313,-0.0003460107356612063,0.0003460107356612063,0.008861482273851104,0.005793428430600731,0,0,0.0,5,0.09736722884592987,0.0,0.0,0.0,0.0,0.0,0.0,,0.0,0.0,0.0,0.0
2024-03-28,2217.39990234375,0.012234001411838502,205.72000122070312,0.012900024807739996,-0.0006660233959014938,0.0006660233959014938,0.009074065005714697,0.007665347340425019,0,0,0.0,5,0.09782604894905504,0.0,0.0,0.0,0.0,0.0,0.0,,0.0,0.0,0.0,0.0
2024-04-01,2236.5,0.008613736131250604,207.82000732421875,0.010208079384865787,-0.0015943432536151825,0.0015943432536151825,0.004312660655556737,0.004277672614383616,0,0,0.0,5,0.11012119824296893,0.0,0.0,0.0,0.0,0.0,0.0,,0.0,0.0,0.0,0.0
2024-04-02,2261.0,0.010954616588419341,210.88999938964844,0.014772360490971526,-0.003817743902552184,0.003817743902552184,0.004645682940441234,0.004584783348150187,0,0,0.0,5,0.12577900029423542,0.0,0.0,0.0,0.0,0.0,0.0,,0.0,0.0,0.0,0.0
2024-04-03,2294.39990234375,0.014772181487726632,212.74000549316406,0.008772374739768773,0.005999806747957859,0.005999806747957859,0.003075453295551028,0.0030544237498906605,1,1,1.0,5,0.055062077280212174,-1.0,5.0,2294.39990234375,-1063.7000274658203,0.0,0.0,Opened,2294.39990234375,-1063.7000274658203,0.0,3358.0999298095703
2024-04-04,2288.800048828125,-0.0024406615036484114,211.52000427246094,-0.005734705223284009,0.0032940437196355976,0.0032940437196355976,0.0066799189904254335,0.008121281003223594,1,1,0.0,5,0.21714365341453365,1.0,-5.0,-2288.800048828125,1057.6000213623047,5.599853515625,-6.100006103515625,Live,0.0,0.0,0.0,0.0
2024-04-05,2325.699951171875,0.016121942308871873,215.13999938964844,0.017114197447370305,-0.0009922551384984324,0.0009922551384984324,0.007366687342509218,0.008913187587908433,0,0,-1.0,5,0.09819890718502598,1.0,-5.0,-2325.699951171875,1075.6999969482422,-31.300048828125,11.999969482421875,Closed,-2325.699951171875,1075.6999969482422,-19.300079345703125,0.0
2024-04-08,2331.699951171875,0.0025798684808746586,216.47999572753906,0.00622848536623688,-0.0036486168853622214,0.0036486168853622214,0.008033570182852768,0.008958859675853413,0,0,0.0,5,0.22414548171525694,0.0,0.0,0.0,0.0,0.0,0.0,,0.0,0.0,0.0,0.0
2024-04-09,2343.5,0.005060706383852809,217.6699981689453,0.005497054993034878,-0.00043634860918206897,0.00043634860918206897,0.007996901979931588,0.00819321336328792,0,0,0.0,5,0.1008910302056379,0.0,0.0,0.0,0.0,0.0,0.0,,0.0,0.0,0.0,0.0
2024-04-10,2329.60009765625,-0.00593125766748448,215.61000061035156,-0.009463856185613961,0.0035325985181294817,0.0035325985181294817,0.008454969529979867,0.01057287185463963,1,0,0.0,5,0.14767564140763337,0.0,0.0,0.0,0.0,0.0,0.0,,0.0,0.0,0.0,0.0
2024-04-11,2354.800048828125,0.010817286278974603,219.8000030517578,0.019433247203493043,-0.00861596092451844,0.00861596092451844,0.008370023284496946,0.011487965143704204,0,0,0.0,5,0.16768750761638987,0.0,0.0,0.0,0.0,0.0,0.0,,0.0,0.0,0.0,0.0
2024-04-12,2356.199951171875,0.000594488837575291,216.88999938964844,-0.013239324939518515,0.013833813777093806,0.013833813777093806,0.006131491961956556,0.013202344329099865,1,1,1.0,5,2.0499795174712667,-11.0,5.0,25918.199462890625,-1084.4499969482422,0.0,0.0,Opened,25918.199462890625,-1084.4499969482422,0.0,27002.649459838867
2024-04-15,2365.800048828125,0.00407439854647107,220.9499969482422,0.01871915519396472,-0.01464475664749365,0.01464475664749365,0.006165125831016354,0.015291913569951266,0,0,-1.0,5,0.4290804230426341,11.0,-5.0,-26023.800537109375,1104.749984741211,-105.60107421875,20.29998779296875,Closed,-26023.800537109375,1104.749984741211,-85.30108642578125,0.0
2024-04-16,2390.800048828125,0.010567249760766284,221.22000122070312,0.0012220152803359419,0.009345234480430342,0.009345234480430342,0.007068134425264972,0.015319998878185043,1,0,0.0,5,0.01070029617016119,0.0,0.0,0.0,0.0,0.0,0.0,,0.0,0.0,0.0,0.0
2024-04-17,2371.699951171875,-0.007988998354593546,219.58999633789062,-0.007368252752093185,-0.000620745602500361,0.000620745602500361,0.007813353865895076,0.01490539504887974,0,0,0.0,5,0.08539353457994227,0.0,0.0,0.0,0.0,0.0,0.0,,0.0,0.0,0.0,0.0
2024-04-18,2382.300048828125,0.004469409231556698,220.33999633789062,0.0034154561341945833,0.0010539530973621147,0.0010539530973621147,0.00680009415521964,0.012161669834043352,1,0,0.0,5,0.07067982547559314,0.0,0.0,0.0,0.0,0.0,0.0,,0.0,0.0,0.0,0.0
2024-04-19,2398.39990234375,0.006758113245871167,221.02999877929688,0.003131535140574959,0.0036265781052962076,0.0036265781052962076,0.006960588804636493,0.00941473459624017,1,0,0.0,5,0.04270330103448428,0.0,0.0,0.0,0.0,0.0,0.0,,0.0,0.0,0.0,0.0
2024-04-22,2332.199951171875,-0.027601715254901182,215.57000732421875,-0.02470249054532203,-0.0028992247095791512,0.0028992247095791512,0.015531642388104267,0.011930575010331498,0,0,0.0,5,0.08272318076675733,0.0,0.0,0.0,0.0,0.0,0.0,,0.0,0.0,0.0,0.0
2024-04-23,2327.699951171875,-0.0019295086588689836,215.0399932861328,-0.002458663172418052,0.0005291545135490683,0.0005291545135490683,0.01375489262454347,0.011569550048158038,1,0,0.0,5,0.11771845257124383,0.0,0.0,0.0,0.0,0.0,0.0,,0.0,0.0,0.0,0.0
2024-04-24,2324.5,-0.0013747266567858407,214.63999938964844,-0.0018600907225296837,0.00048536406574384294,0.00048536406574384294,0.013744700516362963,0.011620794326390021,1,0,0.0,5,0.1249392459715986,0.0,0.0,0.0,0.0,0.0,0.0,,0.0,0.0,0.0,0.0
2024-04-25,2329.800048828125,0.0022800812338674703,215.9199981689453,0.005963468053189924,-0.003683386819322454,0.003683386819322454,0.013441527776314442,0.012100376510138644,0,0,0.0,5,0.24239451863125475,0.0,0.0,0.0,0.0,0.0,0.0,,0.0,0.0,0.0,0.0
2024-04-26,2334.800048828125,0.002146106916992796,216.6199951171875,0.003241927353549112,-0.0010958204365563162,0.0010958204365563162,0.012619791438744792,0.012116697888000887,0,0,0.0,5,0.14015247530253122,0.0,0.0,0.0,0.0,0.0,0.0,,0.0,0.0,0.0,0.0
2024-04-29,2345.39990234375,0.004539940591891556,216.17999267578125,-0.002031218037689575,0.006571158629581131,0.006571158629581131,0.0027210786243542667,0.003810287533503791,1,1,1.0,5,0.041238700331621844,-1.0,5.0,2345.39990234375,-1080.8999633789062,0.0,0.0,Opened,2345.39990234375,-1080.8999633789062,0.0,3426.2998657226562
2024-04-30,2291.39990234375,-0.02302379220960915,211.8699951171875,-0.019937078844561418,-0.003086713365047733,0.003086713365047733,0.011344257952997374,0.010104201614789317,0,0,-1.0,5,0.08006694085821948,1.0,-5.0,-2291.39990234375,1059.3499755859375,54.0,-21.54998779296875,Closed,-2291.39990234375,1059.3499755859375,32.45001220703125,0.0
2024-05-01,2299.89990234375,0.0037095227207202264,213.7899932861328,0.00906215232545482,-0.005352629604734593,0.005352629604734593,0.011756427699949185,0.01147899712162845,0,0,0.0,5,0.227086732467144,0.0,0.0,0.0,0.0,0.0,0.0,,0.0,0.0,0.0,0.0
2024-05-02,2299.199951171875,-0.00030433984155642246,213.1300048828125,-0.0030870874411647042,0.0027827475996082818,0.0027827475996082818,0.011572756733913133,0.010854222820506396,1,0,0.0,5,0.9402816789309199,0.0,0.0,0.0,0.0,0.0,0.0,,0.0,0.0,0.0,0.0
2024-05-03,2299.0,-8.696554285025915e-05,212.9600067138672,-0.0007976266365629092,0.0007106610937126501,0.0007106610937126501,0.01138603882193063,0.01045843313700096,1,0,0.0,5,0.8495941572153802,0.0,0.0,0.0,0.0,0.0,0.0,,0.0,0.0,0.0,0.0
2024-05-06,2321.60009765625,0.009830403504240914,215.1999969482422,0.010518361024399514,-0.0006879575201585997,0.0006879575201585997,0.012460826451465342,0.01221489114669112,0,0,0.0,5,0.09918170643485609,0.0,0.0,0.0,0.0,0.0,0.0,,0.0,0.0,0.0,0.0
2024-05-07,2315.199951171875,-0.002756782484130804,214.2100067138672,-0.004600326433150892,0.0018435439490200878,0.0018435439490200878,0.004911704551276895,0.007061620570335836,1,0,0.0,5,0.15439648154850044,0.0,0.0,0.0,0.0,0.0,0.0,,0.0,0.0,0.0,0.0
2024-05-08,2313.60009765625,-0.0006910217473075075,213.5800018310547,-0.002941061869504713,0.0022500401221972055,0.0022500401221972055,0.004940527781260584,0.006132908875449861,1,0,0.0,5,0.3929024502456841,0.0,0.0,0.0,0.0,0.0,0.0,,0.0,0.0,0.0,0.0
2024-05-09,2332.10009765625,0.007996196066356154,216.9499969482422,0.015778607960932778,-0.007782411894576624,0.007782411894576624,0.005652646029254294,0.00902152733165381,0,0,0.0,5,0.18356831119599099,0.0,0.0,0.0,0.0,0.0,0.0,,0.0,0.0,0.0,0.0
2024-05-10,2367.300048828125,0.01509367081080737,218.7100067138672,0.008112513438038427,0.0069811573727689424,0.0069811573727689424,0.007462355386550264,0.00881542985314176,1,0,0.0,5,0.04965647676251348,0.0,0.0,0.0,0.0,0.0,0.0,,0.0,0.0,0.0,0.0
2024-05-13,2336.10009765625,-0.013179550765995973,216.25999450683594,-0.011202103844459854,-0.001977446921536119,0.001977446921536119,0.010784052545669318,0.010779351845520634,0,0,0.0,5,0.07868351034469996,0.0,0.0,0.0,0.0,0.0,0.0,,0.0,0.0,0.0,0.0
2024-05-14,2353.39990234375,0.007405420985537647,218.08999633789062,0.008462045119477013,-0.0010566241339393656,0.0010566241339393656,0.010787726213256051,0.010655980722975331,0,0,0.0,5,0.10589259672039214,0.0,0.0,0.0,0.0,0.0,0.0,,0.0,0.0,0.0,0.0
2024-05-15,2388.699951171875,0.014999596453186603,220.88999938964844,0.012838750510223873,0.0021608459429627302,0.0021608459429627302,0.011580485802778638,0.01055512572423389,1,0,0.0,5,0.07915122446911092,0.0,0.0,0.0,0.0,0.0,0.0,,0.0,0.0,0.0,0.0
2024-05-16,2380.0,-0.0036421280821004043,220.02999877929688,-0.0038933433506626036,0.00025121526856219933,0.00025121526856219933,0.012340025973220127,0.010023692131866083,1,0,0.0,5,0.09882627595725141,0.0,0.0,0.0,0.0,0.0,0.0,,0.0,0.0,0.0,0.0
2024-05-17,2412.199951171875,0.013529391248686906,223.66000366210938,0.0164977725898805,-0.0029683813411935933,0.0029683813411935933,0.012008111303086952,0.0116851950650515,0,0,0.0,5,0.1130634101194841,0.0,0.0,0.0,0.0,0.0,0.0,,0.0,0.0,0.0,0.0
2024-05-20,2433.89990234375,0.008995917258572517,224.55999755859375,0.004023937591649318,0.004971979666923199,0.004971979666923199,0.0073505297260062835,0.00794106645688811,1,0,0.0,5,0.04127009474043853,0.0,0.0,0.0,0.0,0.0,0.0,,0.0,0.0,0.0,0.0
2024-05-21,2421.699951171875,-0.005012511467758718,224.22999572753906,-0.001469548604570936,-0.003542962863187782,0.003542962863187782,0.009495403780867722,0.008856452638454988,0,0,0.0,5,0.027145756625961373,0.0,0.0,0.0,0.0,0.0,0.0,,0.0,0.0,0.0,0.0
2024-05-22,2389.199951171875,-0.013420324835978548,220.11000061035156,-0.01837396956557802,0.004953644729599471,0.004953644729599471,0.010982097702643254,0.012661176758956255,1,0,0.0,5,0.12613256935448655,0.0,0.0,0.0,0.0,0.0,0.0,,0.0,0.0,0.0,0.0
2024-05-23,2335.0,-0.022685397739645285,215.72000122070312,-0.019944570339717638,-0.002740827399927648,0.002740827399927648,0.01512191488707915,0.015424640385797557,0,0,0.0,5,0.08122352173497865,0.0,0.0,0.0,0.0,0.0,0.0,,0.0,0.0,0.0,0.0
2024-05-24,2332.5,-0.0010706638115631772,215.9199981689453,0.0009271136061119734,-0.0019977774176751506,0.0019977774176751506,0.012057940502732331,0.01131233835660262,0,0,0.0,5,0.08015877034823127,0.0,0.0,0.0,0.0,0.0,0.0,,0.0,0.0,0.0,0.0
2024-05-28,2355.199951171875,0.009732026225884205,218.19000244140625,0.010513172896031486,-0.0007811466701472813,0.0007811466701472813,0.012298644364249179,0.013116925944944218,0,0,0.0,5,0.10007776540903246,0.0,0.0,0.0,0.0,0.0,0.0,,0.0,0.0,0.0,0.0
2024-05-29,2340.300048828125,-0.006326385297492965,216.16000366210938,-0.009303812074716977,0.0029774267772240126,0.0029774267772240126,0.01227315715221185,0.012956731207039721,1,0,0.0,5,0.1358341872764167,0.0,0.0,0.0,0.0,0.0,0.0,,0.0,0.0,0.0,0.0
2024-05-30,2342.89990234375,0.0011109060639156176,216.57000732421875,0.0018967600627461945,-0.0007858539988305768,0.0007858539988305768,0.01201781391505268,0.011712138213946132,0,0,0.0,5,0.1578263948797907,0.0,0.0,0.0,0.0,0.0,0.0,,0.0,0.0,0.0,0.0
2024-05-31,2322.89990234375,-0.008536429567474357,215.3000030517578,-0.00586417430627717,-0.0026722552611971873,0.0026722552611971873,0.007155484189264,0.007669143270439818,0,0,0.0,5,0.06367136341109973,0.0,0.0,0.0,0.0,0.0,0.0,,0.0,0.0,0.0,0.0
2024-06-03,2346.60009765625,0.010202848296901212,217.22000122070312,0.008917780500373507,0.0012850677965277058,0.0012850677965277058,0.008736311117732728,0.008760883574316241,1,0,0.0,5,0.08090885899319897,0.0,0.0,0.0,0.0,0.0,0.0,,0.0,0.0,0.0,0.0
2024-06-04,2325.5,-0.00899177396153883,215.27000427246094,-0.008977059834655465,-1.4714126883363932e-05,1.4714126883363932e-05,0.00817960114402674,0.007891785195522616,0,0,0.0,5,0.09241786141707688,0.0,0.0,0.0,0.0,0.0,0.0,,0.0,0.0,0.0,0.0
2024-06-05,2354.10009765625,0.012298472438722952,217.82000732421875,0.011845603201319,0.00045286923740395224,0.00045286923740395224,0.010036236980101775,0.009030391699987941,1,0,0.0,5,0.08912075386613208,0.0,0.0,0.0,0.0,0.0,0.0,,0.0,0.0,0.0,0.0
2024-06-06,2370.300048828125,0.006881589779467623,219.42999267578125,0.007391356612921562,-0.0005097668334539396,0.0005097668334539396,0.010347978411013235,0.009407490779657654,0,0,0.0,5,0.09943242682455923,0.0,0.0,0.0,0.0,0.0,0.0,,0.0,0.0,0.0,0.0
2024-06-07,2305.199951171875,-0.027464918497738466,211.60000610351562,-0.03568330143379639,0.008218382936057922,0.008218382936057922,0.01679190939450104,0.019836051627725247,1,0,0.0,5,0.11925972079427054,0.0,0.0,0.0,0.0,0.0,0.0,,0.0,0.0,0.0,0.0
2024-06-10,2307.699951171875,0.0010845046212710763,213.5399932861328,0.009168181127878317,-0.00808367650660724,0.00808367650660724,0.015672600399564415,0.019874891068221583,0,0,0.0,5,0.7822609689614712,0.0,0.0,0.0,0.0,0.0,0.0,,0.0,0.0,0.0,0.0
2024-06-11,2307.5,-8.664522082846293e-05,214.14999389648438,0.0028566106093961263,-0.0029432558302245893,0.0029432558302245893,0.0153581740717358,0.019726595104659163,0,0,0.0,5,3.059727772747225,0.0,0.0,0.0,0.0,0.0,0.0,,0.0,0.0,0.0,0.0
2024-06-12,2336.0,0.012351029252437806,214.72000122070312,0.0026617200115086614,0.009689309240929145,0.009689309240929145,0.015369955941956783,0.018642754053288944,1,0,0.0,5,0.019808832603454753,0.0,0.0,0.0,0.0,0.0,0.0,,0.0,0.0,0.0,0.0
2024-06-13,2300.199951171875,-0.015325363368204226,212.97000122070312,-0.008150148984962247,-0.007175214383241979,0.007175214383241979,0.015568886961277197,0.017812317688280753,0,0,0.0,5,0.049238817061700094,0.0,0.0,0.0,0.0,0.0,0.0,,0.0,0.0,0.0,0.0
2024-06-14,2331.39990234375,0.013564016969907167,215.72999572753906,0.012959545903254766,0.0006044710666524011,0.0006044710666524011,0.01168039674935638,0.0080258518291148,1,0,0.0,5,0.08840874401786644,0.0,0.0,0.0,0.0,0.0,0.0,,0.0,0.0,0.0,0.0
2024-06-17,2312.39990234375,-0.008149610017955,214.61000061035156,-0.005191652247571676,-0.0029579577703833237,0.0029579577703833237,0.012616587978261994,0.008235550000887843,0,0,0.0,5,0.05912290716388683,0.0,0.0,0.0,0.0,0.0,0.0,,0.0,0.0,0.0,0.0
2024-06-18,2330.39990234375,0.0077841207231310605,215.47000122070312,0.004007271832187298,0.0037768488909437625,0.0037768488909437625,0.013014406386879085,0.008315142532027508,1,0,0.0,5,0.04759875590295144,0.0,0.0,0.0,0.0,0.0,0.0,,0.0,0.0,0.0,0.0
2024-06-20,2353.800048828125,0.010041257923518065,218.16000366210938,0.012484347826456466,-0.0024430899029384,0.0024430899029384,0.012591239439019405,0.009764000920794626,0,0,0.0,5,0.11523470704454618,0.0,0.0,0.0,0.0,0.0,0.0,,0.0,0.0,0.0,0.0
2024-06-21,2316.39990234375,-0.015889262345370136,214.77999877929688,-0.015493238109986152,-0.0003960242353839849,0.0003960242353839849,0.012781634435629843,0.01216029566055399,0,0,0.0,5,0.0904104763404727,0.0,0.0,0.0,0.0,0.0,0.0,,0.0,0.0,0.0,0.0
2024-06-24,2330.0,0.005871221822488115,215.6300048828125,0.003957566385821121,0.0019136554366669944,0.0019136554366669944,0.011344073487096618,0.010660230635110249,1,0,0.0,5,0.06238109465486723,0.0,0.0,0.0,0.0,0.0,0.0,,0.0,0.0,0.0,0.0
2024-06-25,2316.60009765625,-0.005751031048819688,214.55999755859375,-0.004962237629221655,-0.0007887934195980328,0.0007887934195980328,0.01096115844761565,0.010633011349057116,0,0,0.0,5,0.0799152257617875,0.0,0.0,0.0,0.0,0.0,0.0,,0.0,0.0,0.0,0.0
2024-06-26,2299.199951171875,-0.007511070426863498,212.5800018310547,-0.009228168111804491,0.0017170976849409936,0.0017170976849409936,0.010514319890353787,0.011025832255507703,1,0,0.0,5,0.11359502941499927,0.0,0.0,0.0,0.0,0.0,0.0,,0.0,0.0,0.0,0.0
2024-06-27,2324.5,0.011003848888927692,214.99000549316406,0.011336925587312363,-0.00033307669838467113,0.00033307669838467113,0.010809413218559305,0.01063722227885201,0,0,0.0,5,0.09528826041887839,0.0,0.0,0.0,0.0,0.0,0.0,,0.0,0.0,0.0,0.0
2024-06-28,2327.699951171875,0.0013766191318025367,215.00999450683594,9.297647872519299e-05,0.0012836426530773437,0.0012836426530773437,0.007777569590809913,0.007963873982834775,1,0,0.0,5,0.006238654630280823,0.0,0.0,0.0,0.0,0.0,0.0,,0.0,0.0,0.0,0.0
2024-07-01,2327.60009765625,-4.289793260281449e-05,215.57000732421875,0.002604589701363791,-0.0026474876339666054,0.0026474876339666054,0.007285279614769404,0.007827778118110184,0,0,0.0,5,5.62319217788023,0.0,0.0,0.0,0.0,0.0,0.0,,0.0,0.0,0.0,0.0
2024-07-02,2323.0,-0.0019763264578318562,215.55999755859375,-4.643394389247657e-05,-0.0019298925139393797,0.0019298925139393797,0.00673941686283649,0.00734759053546904,0,0,0.0,5,0.0021801975523146975,0.0,0.0,0.0,0.0,0.0,0.0,,0.0,0.0,0.0,0.0
2024-07-03,2359.800048828125,0.015841605177841167,217.99000549316406,0.011273000380832565,0.004568604797008602,0.004568604797008602,0.007754451537393506,0.005804672585234141,1,0,0.0,5,0.06573576374395397,0.0,0.0,0.0,0.0,0.0,0.0,,0.0,0.0,0.0,0.0
2024-07-05,2388.5,0.012162026687865923,220.92999267578125,0.013486798057397165,-0.0013247713695312413,0.0013247713695312413,0.007983560908249957,0.006432284267443687,0,0,0.0,5,0.10257282934798508,0.0,0.0,0.0,0.0,0.0,0.0,,0.0,0.0,0.0,0.0
2024-07-08,2355.199951171875,-0.013941824922807156,218.19000244140625,-0.012402074526820739,-0.0015397503959864167,0.0015397503959864167,0.011917935827347936,0.010308674288680032,0,0,0.0,5,0.08241035322226561,0.0,0.0,0.0,0.0,0.0,0.0,,0.0,0.0,0.0,0.0
2024-07-09,2360.10009765625,0.002080564956676856,218.55999755859375,0.0016957473442755777,0.0003848176124012781,0.0003848176124012781,0.011846361024176749,0.010325018260420349,1,0,0.0,5,0.07547795425021259,0.0,0.0,0.0,0.0,0.0,0.0,,0.0,0.0,0.0,0.0
2024-07-10,2372.199951171875,0.005126839123324123,219.36000061035156,0.0036603361122538036,0.0014665030110703192,0.0014665030110703192,0.011547545111118154,0.010201758882818688,1,0,0.0,5,0.06602028925433612,0.0,0.0,0.0,0.0,0.0,0.0,,0.0,0.0,0.0,0.0
2024-07-11,2415.0,0.01804234453633713,223.25,0.017733403441032136,0.00030894109530499314,0.00030894109530499314,0.01212704712055677,0.011721496294818189,1,0,0.0,5,0.0908601511941249,0.0,0.0,0.0,0.0,0.0,0.0,,0.0,0.0,0.0,0.0
2024-07-12,2414.0,-0.00041407867494824835,223.11000061035156,-0.0006270969301161999,0.0002130182551679516,0.0002130182551679516,0.011477697915662001,0.010778565893572071,1,0,0.0,5,0.13996955486878535,0.0,0.0,0.0,0.0,0.0,0.0,,0.0,0.0,0.0,0.0
2024-07-15,2422.89990234375,0.003686786389291541,223.8300018310547,0.0032271131671974818,0.00045967322209405914,0.00045967322209405914,0.007197172679349167,0.0072381733331931385,1,0,0.0,5,0.08086285032595775,0.0,0.0,0.0,0.0,0.0,0.0,,0.0,0.0,0.0,0.0
2024-07-16,2462.39990234375,0.016302778320222977,228.2899932861328,0.019925798233449088,-0.003623019913226111,0.003623019913226111,0.008153737705774326,0.009353223483386337,0,0,0.0,5,0.11331369336714721,0.0,0.0,0.0,0.0,0.0,0.0,,0.0,0.0,0.0,0.0
2024-07-17,2454.800048828125,-0.0030863603870319167,227.22999572753906,-0.004643206403117217,0.0015568460160853004,0.0015568460160853004,0.009696800582953358,0.011069980277130133,1,0,0.0,5,0.13925823628020273,0.0,0.0,0.0,0.0,0.0,0.0,,0.0,0.0,0.0,0.0
2024-07-18,2451.800048828125,-0.001222095462085404,225.77999877929688,-0.006381186355259194,0.00515909089317379,0.00515909089317379,0.007809403492073721,0.010531705820000346,1,0,0.0,5,0.48083570963907335,0.0,0.0,0.0,0.0,0.0,0.0,,0.0,0.0,0.0,0.0
2024-07-19,2395.5,-0.02296274072391602,221.72999572753906,-0.017937829186174925,-0.005024911537741095,0.005024911537741095,0.014204533973614873,0.01400666535751641,0,0,0.0,5,0.07230601640911262,0.0,0.0,0.0,0.0,0.0,0.0,,0.0,0.0,0.0,0.0
2024-07-22,2392.0,-0.001461072844917588,221.8000030517578,0.00031573231212611574,-0.0017768051570437038,0.0017768051570437038,0.013922315399545342,0.013838096431163245,0,0,0.0,5,0.02003768445752431,0.0,0.0,0.0,0.0,0.0,0.0,,0.0,0.0,0.0,0.0
2024-07-23,2404.60009765625,0.005267599354619623,222.5800018310547,0.003516676143213937,0.001750923211405686,0.001750923211405686,0.010701294172828195,0.008219029956502552,1,0,0.0,5,0.06179636372114755,0.0,0.0,0.0,0.0,0.0,0.0,,0.0,0.0,0.0,0.0
2024-07-24,2413.300048828125,0.0036180449216294264,221.8000030517578,-0.0035043524704835294,0.007122397392112956,0.007122397392112956,0.011353108272812211,0.008248018115741825,1,0,0.0,5,0.08901927495608092,0.0,0.0,0.0,0.0,0.0,0.0,,0.0,0.0,0.0,0.0
2024-07-25,2351.89990234375,-0.02544240054782676,218.3300018310547,-0.01564473026582147,-0.009797670282005289,0.009797670282005289,0.014846669425958423,0.009618966746226573,0,0,0.0,5,0.05708270940793438,0.0,0.0,0.0,0.0,0.0,0.0,,0.0,0.0,0.0,0.0
2024-07-26,2380.0,0.011947828914082192,220.6300048828125,0.010534525866662925,0.0014133030474192676,0.0014133030474192676,0.014367236745270892,0.0096941633968715,1,0,0.0,5,0.0817360443943731,0.0,0.0,0.0,0.0,0.0,0.0,,0.0,0.0,0.0,0.0
2024-07-29,2377.300048828125,-0.0011344332654936728,220.32000732421875,-0.0014050562105476505,0.00027062294505397766,0.00027062294505397766,0.014366575044149092,0.009668219366213152,1,0,0.0,5,0.11478487984943721,0.0,0.0,0.0,0.0,0.0,0.0,,0.0,0.0,0.0,0.0
2024-07-30,2405.0,0.011651853196036122,222.52000427246094,0.009985461488319247,0.0016663917077168744,0.0016663917077168744,0.01533074593230474,0.01083625508866352,1,0,0.0,5,0.07929158799972236,0.0,0.0,0.0,0.0,0.0,0.0,,0.0,0.0,0.0,0.0
2024-07-31,2426.5,0.008939708939708968,226.5500030517578,0.018110725786084414,-0.009171016846375446,0.009171016846375446,0.015810810868667192,0.01315549841104983,0,0,0.0,5,0.18914560414736964,0.0,0.0,0.0,0.0,0.0,0.0,,0.0,0.0,0.0,0.0
2024-08-01,2435.0,0.0035029878425716365,225.77000427246094,-0.003442943141866439,0.006945930984438076,0.006945930984438076,0.005663029747179005,0.009003579220462282,1,0,0.0,5,0.09112939693033675,0.0,0.0,0.0,0.0,0.0,0.0,,0.0,0.0,0.0,0.0
2024-08-02,2425.699951171875,-0.0038193219006673607,225.33999633789062,-0.0019046282784819235,-0.0019146936221854371,0.0019146936221854371,0.006529838360565702,0.00940816096926456,0,0,0.0,5,0.04632603899335159,0.0,0.0,0.0,0.0,0.0,0.0,,0.0,0.0,0.0,0.0
2024-08-05,2401.699951171875,-0.00989405140087729,222.47999572753906,-0.012691935106198704,0.0027978837053214134,0.0027978837053214134,0.008928615650244201,0.012083533704983248,1,0,0.0,5,0.11882994576642997,0.0,0.0,0.0,0.0,0.0,0.0,,0.0,0.0,0.0,0.0
2024-08-06,2389.10009765625,-0.005246222996955541,220.6999969482422,-0.008000713832612472,0.002754490835656931,0.002754490835656931,0.007478262708158248,0.011789837961041822,1,0,0.0,5,0.1408802038003077,0.0,0.0,0.0,0.0,0.0,0.0,,0.0,0.0,0.0,0.0
2024-08-07,2390.5,0.0005859538263479624,220.5500030517578,-0.0006796279952806517,0.001265581821628614,0.001265581821628614,0.005205509593864658,0.004956055385176477,1,0,0.0,5,0.10701044881499382,0.0,0.0,0.0,0.0,0.0,0.0,,0.0,0.0,0.0,0.0
2024-08-08,2422.199951171875,0.01326080366947302,224.00999450683594,0.015688013635013043,-0.0024272099655400226,0.0024272099655400226,0.008817119149138075,0.010767795252506877,0,0,0.0,5,0.1094096219136479,0.0,0.0,0.0,0.0,0.0,0.0,,0.0,0.0,0.0,0.0
2024-08-09,2432.10009765625,0.004087254018639186,224.55999755859375,0.0024552612171107047,0.0016319928015284813,0.0016319928015284813,0.008898764193715698,0.0109043032944661,1,0,0.0,5,0.05546474543508904,0.0,0.0,0.0,0.0,0.0,0.0,,0.0,0.0,0.0,0.0
2024-08-12,2462.39990234375,0.012458288504120008,228.41000366210938,0.017144665770273848,-0.0046863772661538405,0.0046863772661538405,0.007892475396382015,0.010827766357292545,0,0,0.0,5,0.12765186808020823,0.0,0.0,0.0,0.0,0.0,0.0,,0.0,0.0,0.0,0.0
2024-08-13,2466.699951171875,0.0017462837064086134,228.05999755859375,-0.001532358906807807,0.0032786426132164204,0.0032786426132164204,0.006012043074640634,0.009084160926588631,1,0,0.0,5,0.08112944131091163,0.0,0.0,0.0,0.0,0.0,0.0,,0.0,0.0,0.0,0.0
2024-08-14,2439.39990234375,-0.011067438021862053,226.1999969482422,-0.008155751250824572,-0.0029116867710374805,0.0029116867710374805,0.009866263042946122,0.010998588342949495,0,0,0.0,5,0.06833236711088134,0.0,0.0,0.0,0.0,0.0,0.0,,0.0,0.0,0.0,0.0
2024-08-15,2453.10009765625,0.005616215405820579,226.91000366210938,0.0031388449312386157,0.0024773704745819636,0.0024773704745819636,0.008602586010475094,0.009281980760129437,1,0,0.0,5,0.05169689712531195,0.0,0.0,0.0,0.0,0.0,0.0,,0.0,0.0,0.0,0.0
2024-08-16,2498.60009765625,0.018547958986048663,231.99000549316406,0.02238773852658915,-0.003839779540540489,0.003839779540540489,0.01126102805690612,0.012809075473154794,0,0,0.0,5,0.11206929029588486,0.0,0.0,0.0,0.0,0.0,0.0,,0.0,0.0,0.0,0.0
2024-08-19,2501.800048828125,0.001280697609383985,231.61000061035156,-0.0016380226467286318,0.002918720256112617,0.002918720256112617,0.010615456668793783,0.01164345464800689,1,0,0.0,5,0.1184071734701724,0.0,0.0,0.0,0.0,0.0,0.0,,0.0,0.0,0.0,0.0
2024-08-20,2511.300048828125,0.0037972658943907778,232.4600067138672,0.0036699887797402297,0.00012727711465054803,0.00012727711465054803,0.010583623126550914,0.011384613316364457,1,0,0.0,5,0.08946298173152471,0.0,0.0,0.0,0.0,0.0,0.0,,0.0,0.0,0.0,0.0
2024-08-21,2508.39990234375,-0.0011548387002693339,232.14999389648438,-0.0013336178629832496,0.0001787791627139157,0.0001787791627139157,0.007667829710512068,0.009892475011975346,1,0,0.0,5,0.10687643922169289,0.0,0.0,0.0,0.0,0.0,0.0,,0.0,0.0,0.0,0.0
2024-08-22,2478.89990234375,-0.011760485229024398,229.3699951171875,-0.011975011209935604,0.00021452598091120656,0.00021452598091120656,0.010917708987332297,0.012627856133500044,1,0,0.0,5,0.0942167898347095,0.0,0.0,0.0,0.0,0.0,0.0,,0.0,0.0,0.0,0.0
2024-08-23,2508.39990234375,0.011900440179980043,232.02000427246094,0.011553425520716143,0.00034701465926390007,0.00034701465926390007,0.008573517844854987,0.008584836743856492,1,0,0.0,5,0.08980001281687418,0.0,0.0,0.0,0.0,0.0,0.0,,0.0,0.0,0.0,0.0
2024-08-26,2517.699951171875,0.003707562266860087,232.75999450683594,0.0031893380775307456,0.0005182241893293416,0.0005182241893293416,0.008674740806853624,0.008618169054660403,1,0,0.0,5,0.07952734267654475,0.0,0.0,0.0,0.0,0.0,0.0,,0.0,0.0,0.0,0.0
2024-08-27,2516.0,-0.0006752000654739465,233.38999938964844,0.002706671669018279,-0.0033818717344922256,0.0033818717344922256,0.008582700783453454,0.008554673650322855,0,0,0.0,5,0.3718559265272265,0.0,0.0,0.0,0.0,0.0,0.0,,0.0,0.0,0.0,0.0
2024-08-28,2501.0,-0.0059618441971383,231.75,-0.007026862307456638,0.0010650181103183387,0.0010650181103183387,0.009057023467931765,0.00926384456666528,1,0,0.0,5,0.10921615233423296,0.0,0.0,0.0,0.0,0.0,0.0,,0.0,0.0,0.0,0.0
2024-08-29,2555.5,0.021791283486605417,233.10519409179688,0.005847655196534518,0.0159436282900709,0.0159436282900709,0.010919740258700612,0.006738089315470092,1,1,1.0,5,0.024477948211896052,-1.0,5.0,2555.5,-1165.5259704589844,0.0,0.0,Opened,2555.5,-1165.5259704589844,0.0,3721.0259704589844
