Date,Open,High,Low,Close,Adj Close,Volume,HG=F_dailyReturns,Open_1,High_1,Low_1,Close_1,Adj Close_1,Volume_1,copx_dailyReturns,spread,abs_sprd,HG=F_rolling avg,copx_rolling avg,isSprdPos,signal,axe,leverage,ratio,HG=F_Size,copx_Size,HG=F_Cashflow,copx_Cashflow,HG=F_MTM,copx_MTM,Live Trades,HG=F_PnL,copx_PnL,Total PnL
2024-01-02,3.882499933242798,3.9019999504089355,3.8559999465942383,3.86899995803833,3.86899995803833,879,,37.189998626708984,37.58000183105469,37.11000061035156,37.209999084472656,37.0808219909668,725400,,,,,,0,0,,5,,0.0,0.0,0.0,0.0,0.0,0.0,,0.0,0.0,0.0
2024-01-03,3.8375000953674316,3.861999988555908,3.8294999599456787,3.8475000858306885,3.8475000858306885,395,-0.0055569585011168154,36.66999816894531,37.11000061035156,36.220001220703125,36.959999084472656,36.831687927246094,365400,-0.006718624191106803,0.001161665689989988,0.001161665689989988,,,1,0,0.0,5,11.614392788745516,0.0,0.0,0.0,0.0,0.0,0.0,,0.0,0.0,0.0
2024-01-04,3.8550000190734863,3.8559999465942383,3.811500072479248,3.8310000896453857,3.8310000896453857,389,-0.004288497938198299,36.72999954223633,37.040000915527344,36.560001373291016,36.880001068115234,36.75196838378906,232900,-0.0021644485481340237,-0.0021240493900642754,0.0021240493900642754,,,0,0,0.0,5,4.8587082708308245,0.0,0.0,0.0,0.0,0.0,0.0,,0.0,0.0,0.0
2024-01-05,3.8324999809265137,3.8394999504089355,3.7929999828338623,3.7945001125335693,3.7945001125335693,413,-0.00952753230428538,36.900001525878906,37.439998626708984,36.65999984741211,36.880001068115234,36.75196838378906,160200,0.0,-0.00952753230428538,0.00952753230428538,,,0,0,0.0,5,0.0,0.0,0.0,0.0,0.0,0.0,0.0,,0.0,0.0,0.0
2024-01-08,3.796999931335449,3.813499927520752,3.7799999713897705,3.799499988555908,3.799499988555908,406,0.0013176639541592206,36.75,37.189998626708984,36.45000076293945,37.130001068115234,37.0010986328125,168200,0.006778741669184463,-0.005461077715025242,0.005461077715025242,,,0,0,0.0,5,50.27394113508161,0.0,0.0,0.0,0.0,0.0,0.0,,0.0,0.0,0.0
2024-01-09,3.7874999046325684,3.7880001068115234,3.747999906539917,3.748500108718872,3.748500108718872,409,-0.013422787206381792,36.61000061035156,36.66999816894531,36.36000061035156,36.45000076293945,36.32345962524414,125700,-0.018314039472509425,0.0048912522661276325,0.0048912522661276325,,,1,0,0.0,5,13.267266550233343,0.0,0.0,0.0,0.0,0.0,0.0,,0.0,0.0,0.0
2024-01-10,3.757999897003174,3.7839999198913574,3.757999897003174,3.7809998989105225,3.7809998989105225,650,0.008670078497812206,36.560001373291016,36.65999984741211,36.349998474121094,36.4900016784668,36.36332321166992,235300,0.0010974187843644234,0.0075726597134477824,0.0075726597134477824,,,1,0,0.0,5,1.2215649910243311,0.0,0.0,0.0,0.0,0.0,0.0,,0.0,0.0,0.0
2024-01-11,3.7929999828338623,3.7934999465942383,3.7764999866485596,3.7764999866485596,3.7764999866485596,292,-0.001190138159818388,36.68000030517578,36.68000030517578,36.150001525878906,36.560001373291016,36.43307876586914,1958900,0.0019183253385688381,-0.003108463498387226,0.003108463498387226,,,0,0,0.0,5,15.604203261146585,0.0,0.0,0.0,0.0,0.0,0.0,,0.0,0.0,0.0
2024-01-12,3.7869999408721924,3.7925000190734863,3.740000009536743,3.740000009536743,3.740000009536743,430,-0.009665027734902298,36.970001220703125,37.279998779296875,36.779998779296875,36.86000061035156,36.73203659057617,1725000,0.008205668101525676,-0.017870695836427974,0.017870695836427974,,,0,0,0.0,5,8.367477958483454,0.0,0.0,0.0,0.0,0.0,0.0,,0.0,0.0,0.0
2024-01-16,3.763000011444092,3.7750000953674316,3.763000011444092,3.7664999961853027,3.7664999961853027,295,0.007085557909354723,36.41999816894531,36.41999816894531,35.61000061035156,35.7400016784668,35.61592483520508,257000,-0.030385211973388615,0.03747076988274334,0.03747076988274334,,,1,0,0.0,5,40.691604602579986,0.0,0.0,0.0,0.0,0.0,0.0,,0.0,0.0,0.0
2024-01-17,3.734999895095825,3.747999906539917,3.7295000553131104,3.7325000762939453,3.7325000762939453,319,-0.009026926835468574,35.099998474121094,35.150001525878906,34.65999984741211,34.88999938964844,34.76887512207031,191100,-0.02378293925292352,0.014756012417454945,0.014756012417454945,,,1,0,0.0,5,24.627863662038443,0.0,0.0,0.0,0.0,0.0,0.0,,0.0,0.0,0.0
2024-01-18,3.7274999618530273,3.744999885559082,3.7200000286102295,3.744999885559082,3.744999885559082,289,0.003348910652279935,34.77000045776367,34.93000030517578,34.61000061035156,34.900001525878906,34.77884292602539,151200,0.00028667630855383486,0.0030622343437261,0.0030622343437261,,,1,0,0.0,5,0.7977409386752286,0.0,0.0,0.0,0.0,0.0,0.0,,0.0,0.0,0.0
2024-01-19,3.762500047683716,3.7880001068115234,3.762500047683716,3.7869999408721924,3.7869999408721924,264,0.011214968383594481,34.630001068115234,35.31999969482422,34.4900016784668,35.290000915527344,35.16748809814453,189000,0.011174767123125928,4.02012604685531e-05,4.02012604685531e-05,,,1,0,0.0,5,9.285318368213545,0.0,0.0,0.0,0.0,0.0,0.0,,0.0,0.0,0.0
2024-01-22,3.76200008392334,3.7674999237060547,3.76200008392334,3.7639999389648438,3.7639999389648438,493,-0.006073409629378412,34.779998779296875,34.86000061035156,34.400001525878906,34.470001220703125,34.35033416748047,306400,-0.02323603495468951,0.0171626253253111,0.0171626253253111,,,1,0,0.0,5,35.0365341294763,0.0,0.0,0.0,0.0,0.0,0.0,,0.0,0.0,0.0
2024-01-23,3.7960000038146973,3.7960000038146973,3.7855000495910645,3.7904999256134033,3.7904999256134033,401,0.007040379138754105,34.849998474121094,35.380001068115234,34.81999969482422,35.2599983215332,35.13758850097656,293800,0.022918394918872043,-0.015878015780117938,0.015878015780117938,,,0,0,0.0,5,30.28126027765781,0.0,0.0,0.0,0.0,0.0,0.0,,0.0,0.0,0.0
2024-01-24,3.802500009536743,3.884999990463257,3.796999931335449,3.882499933242798,3.882499933242798,523,0.024271206815683177,36.58000183105469,36.75,36.2599983215332,36.349998474121094,36.22380447387695,818300,0.030913221907961086,-0.006642015092277909,0.006642015092277909,,,0,0,0.0,5,11.924655481457116,0.0,0.0,0.0,0.0,0.0,0.0,,0.0,0.0,0.0
2024-01-25,3.862499952316284,3.865499973297119,3.859999895095825,3.865499973297119,3.865499973297119,413,-0.004378611780549324,36.59000015258789,36.970001220703125,36.36000061035156,36.68000030517578,36.55266189575195,306600,0.009078455155634435,-0.01345706693618376,0.01345706693618376,,,0,0,0.0,5,19.67429447811594,0.0,0.0,0.0,0.0,0.0,0.0,,0.0,0.0,0.0
2024-01-26,3.865999937057495,3.869499921798706,3.8505001068115234,3.8505001068115234,3.8505001068115234,632,-0.0038804466664635884,36.599998474121094,36.97999954223633,36.27000045776367,36.4900016784668,36.36332321166992,761600,-0.00517989708637423,0.0012994504199106416,0.0012994504199106416,,,1,0,0.0,5,12.650164006830305,0.0,0.0,0.0,0.0,0.0,0.0,,0.0,0.0,0.0
2024-01-29,3.8399999141693115,3.872999906539917,3.8399999141693115,3.872999906539917,3.872999906539917,706,0.00584334478749704,36.400001525878906,36.900001525878906,36.150001525878906,36.79999923706055,36.672245025634766,587100,0.008495410916264268,-0.0026520661287672276,0.0026520661287672276,,,0,0,0.0,5,13.814119248470966,0.0,0.0,0.0,0.0,0.0,0.0,,0.0,0.0,0.0
2024-01-30,3.868499994277954,3.9144999980926514,3.8589999675750732,3.9065001010894775,3.9065001010894775,562,0.008649676054211186,36.279998779296875,36.7599983215332,36.2599983215332,36.720001220703125,36.592525482177734,679700,-0.002173859185215843,0.010823535239427029,0.010823535239427029,,,1,0,0.0,5,2.362361809148928,0.0,0.0,0.0,0.0,0.0,0.0,,0.0,0.0,0.0
2024-01-31,3.9110000133514404,3.936000108718872,3.884999990463257,3.9024999141693115,3.9024999141693115,750,-0.0010239822901964013,36.650001525878906,37.119998931884766,36.150001525878906,36.189998626708984,36.064361572265625,337700,-0.014433621360974258,0.013409639070777857,0.013409639070777857,,,1,0,0.0,5,130.7159330023419,0.0,0.0,0.0,0.0,0.0,0.0,,0.0,0.0,0.0
2024-02-01,3.8954999446868896,3.8954999446868896,3.8450000286102295,3.8524999618530273,3.8524999618530273,695,-0.012812287870844763,36.470001220703125,36.81999969482422,36.33000183105469,36.709999084472656,36.582557678222656,337500,0.014368623307432271,-0.027180911178277034,0.027180911178277034,,,0,0,0.0,5,10.686369877121834,0.0,0.0,0.0,0.0,0.0,0.0,,0.0,0.0,0.0
2024-02-02,3.8499999046325684,3.8499999046325684,3.821500062942505,3.821500062942505,3.821500062942505,529,-0.008046696746912274,36.09000015258789,36.16999816894531,35.630001068115234,35.79999923706055,35.675716400146484,831000,-0.024788882323808492,0.016742185576896218,0.016742185576896218,,,1,0,0.0,5,28.859477079495775,0.0,0.0,0.0,0.0,0.0,0.0,,0.0,0.0,0.0
2024-02-05,3.805000066757202,3.805000066757202,3.7669999599456787,3.7720000743865967,3.7720000743865967,372,-0.012953025707343246,35.189998626708984,35.189998626708984,34.630001068115234,35.099998474121094,34.978145599365234,358600,-0.019553094353555345,0.006600068646212098,0.006600068646212098,,,1,0,0.0,5,14.046873567879071,0.0,0.0,0.0,0.0,0.0,0.0,,0.0,0.0,0.0
2024-02-06,3.7764999866485596,3.7915000915527344,3.7764999866485596,3.7825000286102295,3.7825000286102295,327,0.0027836569503090214,35.2400016784668,35.68000030517578,35.2400016784668,35.65999984741211,35.53620147705078,590600,0.015954455773093512,-0.01317079882278449,0.01317079882278449,,,0,0,0.0,5,54.03419408375438,0.0,0.0,0.0,0.0,0.0,0.0,,0.0,0.0,0.0
2024-02-07,3.7844998836517334,3.7844998836517334,3.734999895095825,3.737499952316284,3.737499952316284,351,-0.01189691366915313,35.65999984741211,35.65999984741211,35.11000061035156,35.25,35.12762451171875,478200,-0.011497471934001191,-0.0003994417351519397,0.0003994417351519397,0.009312738789720325,0.015835516023457515,0,0,0.0,5,9.114775441980381,0.0,0.0,0.0,0.0,0.0,0.0,,0.0,0.0,0.0
2024-02-08,3.742500066757202,3.742500066757202,3.691999912261963,3.7054998874664307,3.7054998874664307,383,-0.008561890370064607,35.02000045776367,35.349998474121094,35.0,35.040000915527344,34.91835403442383,1447400,-0.005957420836103733,-0.0026044695339608737,0.0026044695339608737,0.009388508020160386,0.015826877747878488,0,0,0.0,5,6.5796974139305,0.0,0.0,0.0,0.0,0.0,0.0,,0.0,0.0,0.0
2024-02-09,3.696500062942505,3.696500062942505,3.686000108718872,3.686000108718872,3.686000108718872,324,-0.005262388163474241,34.779998779296875,34.779998779296875,34.459999084472656,34.61000061035156,34.48984909057617,1920000,-0.012271697886435673,0.007009309722961432,0.007009309722961432,0.009402739037738953,0.015959495752664983,1,0,0.0,5,21.896164085235494,0.0,0.0,0.0,0.0,0.0,0.0,,0.0,0.0,0.0
2024-02-12,3.7209999561309814,3.7284998893737793,3.7209999561309814,3.7284998893737793,3.7284998893737793,200,0.011530054096954068,34.61000061035156,35.34000015258789,34.61000061035156,35.189998626708984,35.067832946777344,196600,0.016758104771138038,-0.0052280506741839705,0.0052280506741839705,0.009594865163936055,0.01641072635993197,0,0,0.0,5,13.717616957161338,0.0,0.0,0.0,0.0,0.0,0.0,,0.0,0.0,0.0
2024-02-13,3.7314999103546143,3.7330000400543213,3.7065000534057617,3.7139999866485596,3.7139999866485596,197,-0.0038889374159684076,34.83000183105469,34.83000183105469,33.900001525878906,34.13999938964844,34.02147674560547,433100,-0.02983800164924144,0.025949064233273034,0.025949064233273034,0.009606704316813944,0.017231771806570335,1,1,1.0,5,70.52780871626368,-353.0,5.0,1311.0419952869415,-170.6999969482422,0.0,0.0,Opened,1311.0419952869415,-170.6999969482422,0.0
2024-02-14,3.69950008392334,3.700500011444092,3.69950008392334,3.700500011444092,3.700500011444092,359,-0.003634888328755692,34.279998779296875,34.880001068115234,34.279998779296875,34.810001373291016,34.68915557861328,432600,0.019625131681921815,-0.023260020010677507,0.023260020010677507,0.009267075974002989,0.01751443300517684,0,0,-1.0,5,50.78847083084902,353.0,-5.0,-1306.2765040397644,174.05000686645508,4.765491247177124,3.3500099182128906,Closed,-1306.2765040397644,174.05000686645508,8.115501165390015
2024-02-15,3.7314999103546143,3.757499933242798,3.7314999103546143,3.756500005722046,3.756500005722046,273,0.015133088529866168,34.959999084472656,35.310001373291016,34.95000076293945,35.2400016784668,35.11766052246094,227000,0.012352780471468483,0.0027803080583976847,0.0027803080583976847,0.009616368320804978,0.01773243207001688,1,0,0.0,5,7.657547108615847,0.0,0.0,0.0,0.0,0.0,0.0,,0.0,0.0,0.0
2024-02-16,3.8264999389648438,3.8415000438690186,3.8264999389648438,3.8380000591278076,3.8380000591278076,334,0.02169574158967591,35.470001220703125,36.27000045776367,35.38999938964844,36.040000915527344,35.91488265991211,362300,0.0227014528648386,-0.0010057112751626907,0.0010057112751626907,0.01056252067997875,0.018362734163863612,0,0,0.0,5,9.82559749125654,0.0,0.0,0.0,0.0,0.0,0.0,,0.0,0.0,0.0
2024-02-20,3.866499900817871,3.866499900817871,3.866499900817871,3.866499900817871,3.866499900817871,392,0.007425701211828617,36.2599983215332,36.45000076293945,35.93000030517578,35.93000030517578,35.80526351928711,421300,-0.0030521811197893323,0.01047788233161795,0.01047788233161795,0.01041580103512865,0.018280486477910945,1,0,0.0,5,3.819548672029296,0.0,0.0,0.0,0.0,0.0,0.0,,0.0,0.0,0.0
2024-02-21,3.8570001125335693,3.875,3.8559999465942383,3.874500036239624,3.874500036239624,358,0.002069089778085953,35.849998474121094,36.099998474121094,35.720001220703125,35.970001220703125,35.84512710571289,311200,0.0011133012854882551,0.0009557884925976978,0.0009557884925976978,0.010349479827061242,0.01721524945856559,1,0,0.0,5,4.995260698573891,0.0,0.0,0.0,0.0,0.0,0.0,,0.0,0.0,0.0
2024-02-22,3.8965001106262207,3.8975000381469727,3.867000102996826,3.8975000381469727,3.8975000381469727,255,0.005936250275447419,36.349998474121094,36.380001068115234,35.90999984741211,35.9900016784668,35.86505889892578,502300,0.0005560316120356568,0.005380218663411762,0.005380218663411762,0.010165480757493186,0.016462479148893323,1,0,0.0,5,0.8649340995359903,0.0,0.0,0.0,0.0,0.0,0.0,,0.0,0.0,0.0
2024-02-23,3.8605000972747803,3.881999969482422,3.8605000972747803,3.881999969482422,3.881999969482422,462,-0.003976925853198976,36.27000045776367,36.5099983215332,36.099998474121094,36.439998626708984,36.31349182128906,143600,0.012503387809271072,-0.016480313662470047,0.016480313662470047,0.010223825791586174,0.016609564144163355,0,0,0.0,5,29.512298300121675,0.0,0.0,0.0,0.0,0.0,0.0,,0.0,0.0,0.0
2024-02-26,3.8399999141693115,3.8399999141693115,3.8239998817443848,3.8239998817443848,3.8239998817443848,515,-0.014940774908293042,35.83000183105469,35.97999954223633,35.65999984741211,35.900001525878906,35.77537155151367,597700,-0.014818801349632427,-0.00012197355866061521,0.00012197355866061521,0.010520951927697062,0.016814575789422893,0,0,0.0,5,9.311433590289331,0.0,0.0,0.0,0.0,0.0,0.0,,0.0,0.0,0.0
2024-02-27,3.819999933242798,3.8310000896453857,3.819999933242798,3.8310000896453857,3.8310000896453857,23671,0.0018305983570814366,36.040000915527344,36.31999969482422,36.0,36.2400016784668,36.11418914794922,298200,0.009470755936954456,-0.007640157579873019,0.007640157579873019,0.010435418269396778,0.016122930789876234,0,0,0.0,5,48.94041228524448,0.0,0.0,0.0,0.0,0.0,0.0,,0.0,0.0,0.0
2024-02-28,3.8304998874664307,3.8324999809265137,3.801500082015991,3.827500104904175,3.827500104904175,7289,-0.0009135955779983052,35.939998626708984,35.939998626708984,35.4900016784668,35.54999923706055,35.42658233642578,215700,-0.019039801585225558,0.018126206007227252,0.018126206007227252,0.010356855358910106,0.016052438631574142,1,1,1.0,5,193.5676662034009,-968.0,5.0,3705.020101547241,-177.74999618530273,0.0,0.0,Opened,3705.020101547241,-177.74999618530273,0.0
2024-02-29,3.827500104904175,3.8464999198913574,3.825000047683716,3.8345000743865967,3.8345000743865967,2054,0.0018288619962290031,35.779998779296875,36.15999984741211,35.72999954223633,35.97999954223633,35.8550910949707,426800,0.01209564878773639,-0.010266786791507387,0.010266786791507387,0.00910173455798389,0.014969194533766541,0,0,-1.0,5,62.058408760640106,968.0,-5.0,-3711.7960720062256,179.89999771118164,-6.775970458984375,2.1500015258789062,Closed,-3711.7960720062256,179.89999771118164,-4.625968933105469
2024-03-01,3.8380000591278076,3.8580000400543213,3.809000015258789,3.8550000190734863,3.8550000190734863,1346,0.005346184454089187,36.040000915527344,36.599998474121094,35.849998474121094,36.45000076293945,36.32345962524414,268600,0.013062846767171177,-0.00771666231308199,0.00771666231308199,0.009134934240602991,0.015093911602666484,0,0,0.0,5,23.10292939782892,0.0,0.0,0.0,0.0,0.0,0.0,,0.0,0.0,0.0
2024-03-04,3.8450000286102295,3.881500005722046,3.8434998989105225,3.8519999980926514,3.8519999980926514,1136,-0.0007782155553804904,36.4900016784668,36.63999938964844,36.33000183105469,36.58000183105469,36.45301055908203,353000,0.003566558721376234,-0.004344774276756724,0.004344774276756724,0.009102010670679835,0.01507362315494537,0,0,0.0,5,43.52180672874951,0.0,0.0,0.0,0.0,0.0,0.0,,0.0,0.0,0.0
2024-03-05,3.8464999198913574,3.86299991607666,3.8380000591278076,3.8440001010894775,3.8440001010894775,929,-0.002076816460834685,36.560001373291016,36.72999954223633,35.75,35.97999954223633,35.8550910949707,1050000,-0.01640246743533469,0.014325650974500004,0.014325650974500004,0.009029703684917165,0.015323685849486159,1,0,0.0,5,73.92457389674024,0.0,0.0,0.0,0.0,0.0,0.0,,0.0,0.0,0.0
2024-03-06,3.8399999141693115,3.8914999961853027,3.8375000953674316,3.870500087738037,3.870500087738037,987,0.0068938569073004885,37.11000061035156,37.59000015258789,36.77000045776367,37.31999969482422,37.19043731689453,1681800,0.037242917444034074,-0.030349060536733585,0.030349060536733585,0.008964094566754883,0.017100006734912902,0,1,1.0,5,52.090194555082064,261.0,-5.0,-1010.2005228996277,186.5999984741211,0.0,0.0,Opened,-1010.2005228996277,186.5999984741211,0.0
2024-03-07,3.874000072479248,3.930999994277954,3.874000072479248,3.9195001125335693,3.9195001125335693,1243,0.012659869186094852,38.150001525878906,38.75,37.880001068115234,38.02000045776367,37.88800811767578,5484200,0.018756719417565737,-0.006096850231470885,0.006096850231470885,0.00933035685746355,0.017157249962994926,0,1,0.0,5,14.371731674892779,-261.0,5.0,1022.9895293712616,-190.10000228881836,12.789006471633911,-3.5000038146972656,Live,0.0,0.0,0.0
2024-03-08,3.9175000190734863,3.931999921798706,3.878000020980835,3.884999990463257,3.884999990463257,693,-0.008802174022138676,38.380001068115234,38.470001220703125,37.869998931884766,38.040000915527344,37.90793991088867,397400,0.0005260509606224151,-0.00932822498276109,0.00932822498276109,0.009129358988312275,0.016967684690771884,0,1,0.0,5,0.5851771563727493,-261.0,5.0,1013.98499751091,-190.20000457763672,3.7844746112823486,-3.600006103515625,Live,0.0,0.0,0.0
2024-03-11,3.88700008392334,3.9230000972747803,3.88700008392334,3.922499895095825,3.922499895095825,691,0.009652485128602839,37.849998474121094,38.33000183105469,37.779998779296875,38.29999923706055,38.16703796386719,602200,0.0068348663321686765,0.0028176187964341626,0.0028176187964341626,0.009135247709251173,0.016076699150300553,1,0,-1.0,5,6.913957555208348,-261.0,5.0,1023.7724726200104,-191.49999618530273,13.57194972038269,-4.899997711181641,Closed,1023.7724726200104,-191.49999618530273,8.67195200920105
2024-03-12,3.930000066757202,3.940000057220459,3.8965001106262207,3.924999952316284,3.924999952316284,775,0.0006373632344987001,38.29999923706055,38.400001525878906,37.77000045776367,38.11000061035156,37.977699279785156,390200,-0.0049607997517956415,0.005598162986294342,0.005598162986294342,0.008656983375765792,0.015484255898490515,1,0,0.0,5,75.57253465187098,0.0,0.0,0.0,0.0,0.0,0.0,,0.0,0.0,0.0
2024-03-13,3.9230000972747803,4.056000232696533,3.9205000400543213,4.052499771118164,4.052499771118164,828,0.03248403066263417,38.9900016784668,40.72999954223633,38.900001525878906,40.40999984741211,40.269710540771484,6224200,0.06035159276370661,-0.02786756210107244,0.02786756210107244,0.010634340469172705,0.019105316408808824,0,1,1.0,5,18.52612859472983,93.0,-5.0,-376.88247871398926,202.04999923706055,0.0,0.0,Opened,-376.88247871398926,202.04999923706055,0.0
2024-03-14,4.054999828338623,4.054999828338623,4.01800012588501,4.0370001792907715,4.0370001792907715,861,-0.003824699001306997,40.849998474121094,40.95000076293945,40.16999816894531,40.58000183105469,40.439125061035156,4652600,0.004206928589074677,-0.008031627590381674,0.008031627590381674,0.010285852019194165,0.018789439533562064,0,1,0.0,5,11.056589130808279,-93.0,5.0,375.44101667404175,-202.90000915527344,-1.4414620399475098,-0.8500099182128906,Live,0.0,0.0,0.0
2024-03-15,4.040500164031982,4.120500087738037,4.035999774932861,4.112500190734863,4.112500190734863,822,0.018702008444635654,41.2599983215332,41.849998474121094,41.0099983215332,41.59000015258789,41.44561767578125,5208500,0.02488906544997449,-0.006187057005338836,0.006187057005338836,0.010437836361951657,0.01899581180746578,0,1,0.0,5,13.458706793730848,-93.0,5.0,382.4625177383423,-207.95000076293945,5.580039024353027,-5.900001525878906,Live,0.0,0.0,0.0
2024-03-18,4.105000019073486,4.145999908447266,4.093999862670898,4.114500045776367,4.114500045776367,950,0.0004862869176296414,41.849998474121094,41.959999084472656,41.040000915527344,41.06999969482422,40.92742156982422,671500,-0.012503016490883923,0.012989303408513564,0.012989303408513564,0.0102821882356782,0.01900566881536247,1,0,-1.0,5,256.6432498329561,-93.0,5.0,382.64850425720215,-205.3499984741211,5.766025543212891,-3.299999237060547,Closed,382.64850425720215,-205.3499984741211,2.4660263061523438
2024-03-19,4.114500045776367,4.114500045776367,4.050000190734863,4.058499813079834,4.058499813079834,978,-0.013610458639809364,40.5,40.849998474121094,40.22999954223633,40.4900016784668,40.34943771362305,1619100,-0.014122182144318707,0.0005117235045093427,0.0005117235045093427,0.010779193061249755,0.01934814929454898,1,0,0.0,5,10.351691314873664,0.0,0.0,0.0,0.0,0.0,0.0,,0.0,0.0,0.0
2024-03-20,4.065000057220459,4.077499866485596,4.019999980926514,4.03849983215332,4.03849983215332,776,-0.004927924565145236,40.599998474121094,41.95000076293945,40.459999084472656,41.790000915527344,41.644920349121094,799000,0.03210667283701074,-0.03703459740215598,0.03703459740215598,0.010810638061926831,0.018543103686199377,0,1,1.0,5,67.41919504921597,338.0,-5.0,-1365.0129432678223,208.95000457763672,0.0,0.0,Opened,-1365.0129432678223,208.95000457763672,0.0
2024-03-21,4.085999965667725,4.085999965667725,4.031000137329102,4.046500205993652,4.046500205993652,867,0.001981026166358868,42.029998779296875,42.130001068115234,41.40999984741211,41.77000045776367,41.62499237060547,2444700,-0.0004785943365758216,0.0024596205029346896,0.0024596205029346896,0.010716045737868295,0.018466475588498444,1,0,-1.0,5,2.493803650538483,-338.0,5.0,1367.7170696258545,-208.85000228881836,2.7041263580322266,0.10000228881835938,Closed,1367.7170696258545,-208.85000228881836,2.804128646850586
2024-03-22,4.020500183105469,4.020500183105469,3.990000009536743,3.996000051498413,3.996000051498413,1056,-0.0124799584639681,41.31999969482422,41.540000915527344,41.130001068115234,41.290000915527344,41.14665985107422,606200,-0.01149148999224181,-0.0009884684717262893,0.0009884684717262893,0.010903120949384965,0.018816672527438662,0,0,0.0,5,9.514426392956276,0.0,0.0,0.0,0.0,0.0,0.0,,0.0,0.0,0.0
2024-03-25,3.999500036239624,4.02400016784668,3.990000009536743,4.006999969482422,4.006999969482422,676,0.0027527321927545145,41.36000061035156,41.75,41.06999969482422,41.099998474121094,40.957313537597656,731100,-0.00460165747622443,0.0073543896689789445,0.0073543896689789445,0.010147898026126735,0.01863005816738543,1,0,0.0,5,17.146393788088908,0.0,0.0,0.0,0.0,0.0,0.0,,0.0,0.0,0.0
2024-03-26,3.9800000190734863,3.998500108718872,3.9800000190734863,3.996000051498413,3.996000051498413,852,-0.0027451754598913913,41.099998474121094,41.279998779296875,40.689998626708984,40.70000076293945,40.5587043762207,818200,-0.009732304769634048,0.006987129309742657,0.006987129309742657,0.010115712370822243,0.018803915887677495,1,0,0.0,5,36.108922138615064,0.0,0.0,0.0,0.0,0.0,0.0,,0.0,0.0,0.0
2024-03-27,3.995500087738037,4.005000114440918,3.9690001010894775,3.992500066757202,3.992500066757202,715,-0.0008758720460723124,40.560001373291016,41.459999084472656,40.5,41.40999984741211,41.266239166259766,664000,0.017444694623179657,-0.01832056666925197,0.01832056666925197,0.0101243436374949,0.018940466688439038,0,0,0.0,5,206.57749289295685,0.0,0.0,0.0,0.0,0.0,0.0,,0.0,0.0,0.0
2024-03-28,4.019499778747559,4.019499778747559,3.9820001125335693,4.003499984741211,4.003499984741211,852,0.002755145347547394,41.47999954223633,42.58000183105469,41.45000076293945,42.43000030517578,42.28269958496094,1278300,0.024631742611016083,-0.02187659726346869,0.02187659726346869,0.010082891766911836,0.019270927421248453,0,1,1.0,5,94.75100530043899,474.0,-5.0,-1897.658992767334,212.1500015258789,0.0,0.0,Opened,-1897.658992767334,212.1500015258789,0.0
2024-04-01,4.073999881744385,4.073999881744385,4.04449987411499,4.046000003814697,4.046000003814697,623,0.01061571605731726,42.83000183105469,42.95000076293945,42.380001068115234,42.72999954223633,42.58165740966797,904400,0.007070450975791065,0.0035452650815261944,0.0035452650815261944,0.010197135159298166,0.019234312943342116,1,0,-1.0,5,7.034039955474409,-474.0,5.0,1917.8040018081665,-213.64999771118164,20.14500904083252,-1.4999961853027344,Closed,1917.8040018081665,-213.64999771118164,18.645012855529785
2024-04-02,4.053999900817871,4.08650016784668,4.053999900817871,4.070000171661377,4.070000171661377,458,0.005931825957501635,42.970001220703125,43.31999969482422,42.7400016784668,43.27000045776367,43.11978530883789,1624700,0.012637512785217409,-0.006705686827715773,0.006705686827715773,0.009615249621858902,0.018740004459517512,0,0,0.0,5,22.649868246315695,0.0,0.0,0.0,0.0,0.0,0.0,,0.0,0.0,0.0
2024-04-03,4.072500228881836,4.20550012588501,4.072500228881836,4.192999839782715,4.192999839782715,431,0.030221047403820922,43.650001525878906,44.59000015258789,43.54999923706055,44.369998931884766,44.215965270996094,1137200,0.025421734746566838,0.0047993126572540845,0.0047993126572540845,0.01109113115935953,0.01907272203785412,1,0,0.0,5,8.901439476659219,0.0,0.0,0.0,0.0,0.0,0.0,,0.0,0.0,0.0
2024-04-04,4.2220001220703125,4.246500015258789,4.21750020980835,4.246500015258789,4.246500015258789,205,0.012759403176806794,45.2599983215332,45.59000015258789,44.349998474121094,44.56999969482422,44.4152717590332,2460000,0.004507567449944849,0.008251835726861945,0.008251835726861945,0.011192012660717256,0.01822905451473428,1,0,0.0,5,3.7078603988435006,0.0,0.0,0.0,0.0,0.0,0.0,,0.0,0.0,0.0
2024-04-05,4.239500045776367,4.239500045776367,4.235000133514404,4.239500045776367,4.239500045776367,1377,-0.0016484091504225251,44.220001220703125,44.70000076293945,43.880001068115234,44.63999938964844,44.48502731323242,1823100,0.001570556322717298,-0.003218965473139823,0.003218965473139823,0.011244496139435876,0.018281876532862684,0,0,0.0,5,10.032242804063854,0.0,0.0,0.0,0.0,0.0,0.0,,0.0,0.0,0.0
2024-04-08,4.18149995803833,4.296999931335449,4.18149995803833,4.2769999504089355,4.2769999504089355,223,0.008845360119745127,45.529998779296875,45.58000183105469,44.65999984741211,45.5,45.342041015625,1601200,0.019265246911069456,-0.010419886791324329,0.010419886791324329,0.011282570844194859,0.01838363518969762,0,0,0.0,5,23.170276260770418,0.0,0.0,0.0,0.0,0.0,0.0,,0.0,0.0,0.0
2024-04-09,4.2769999504089355,4.285999774932861,4.274499893188477,4.285999774932861,4.285999774932861,206,0.0021042376965809684,46.20000076293945,46.810001373291016,46.119998931884766,46.72999954223633,46.567771911621094,1649900,0.027032956972226962,-0.024928719275645994,0.024928719275645994,0.01124398108885895,0.01868752697873004,0,1,1.0,5,140.06911655546128,701.0,-5.0,-3004.485842227936,233.64999771118164,0.0,0.0,Opened,-3004.485842227936,233.64999771118164,0.0
2024-04-10,4.274499893188477,4.2820000648498535,4.264500141143799,4.2820000648498535,4.2820000648498535,316,-0.0009332035214748569,46.08000183105469,46.79999923706055,45.189998626708984,46.31999969482422,46.15919494628906,807100,-0.008773803796885082,0.007840600275410226,0.007840600275410226,0.011219087747436778,0.018296493909777257,1,0,-1.0,5,101.7029212951273,-701.0,5.0,3001.6820454597473,-231.5999984741211,-2.8037967681884766,2.049999237060547,Closed,3001.6820454597473,-231.5999984741211,-0.7537975311279297
2024-04-11,4.272500038146973,4.272500038146973,4.230500221252441,4.251999855041504,4.251999855041504,355,-0.007006120820645445,46.529998779296875,46.529998779296875,45.5,46.2599983215332,46.099403381347656,1263000,-0.001295366444005408,-0.005710754376640037,0.005710754376640037,0.01143200149888198,0.01754094290951329,0,0,0.0,5,2.011534065553366,0.0,0.0,0.0,0.0,0.0,0.0,,0.0,0.0,0.0
2024-04-12,4.340000152587891,4.340000152587891,4.255499839782715,4.257500171661377,4.257500171661377,252,0.0012935834448233319,47.189998626708984,47.25,45.34000015258789,45.47999954223633,45.32210922241211,1077300,-0.016861193419754228,0.01815477686457756,0.01815477686457756,0.011291333076605332,0.018132658146368847,1,1,1.0,5,139.238597124337,-697.0,5.0,2967.4776196479797,-227.39999771118164,0.0,0.0,Opened,2967.4776196479797,-227.39999771118164,0.0
2024-04-15,4.382999897003174,4.382999897003174,4.285999774932861,4.379000186920166,4.379000186920166,289,0.028537876772739335,46.650001525878906,46.83000183105469,45.459999084472656,45.810001373291016,45.65096664428711,2592700,0.007255977009151593,0.02128189976358774,0.02128189976358774,0.012057149734062772,0.018077044670587288,1,1,0.0,5,2.659864913638083,697.0,-5.0,-3052.1631302833557,229.05000686645508,-84.68551063537598,1.6500091552734375,Live,0.0,0.0,0.0
2024-04-16,4.364999771118164,4.365499973297119,4.28000020980835,4.305500030517578,4.305500030517578,314,-0.01678468903064423,44.5,45.290000915527344,44.2400016784668,45.150001525878906,44.99325942993164,1573200,-0.014407330880302327,-0.0023773581503419017,0.0023773581503419017,0.012758991730421073,0.018606773985809046,0,0,-1.0,5,9.001282738935155,697.0,-5.0,-3000.933521270752,225.75000762939453,-33.45590162277222,-1.6499900817871094,Closed,-3000.933521270752,225.75000762939453,-35.105891704559326
2024-04-17,4.371500015258789,4.371500015258789,4.34250020980835,4.34250020980835,4.34250020980835,234,0.008593700854375275,45.61000061035156,46.290000915527344,45.189998626708984,45.380001068115234,45.22245788574219,2477000,0.005094120364635968,0.003499580489739307,0.003499580489739307,0.012775754161848781,0.018450734147548206,1,0,0.0,5,6.194605076743094,0.0,0.0,0.0,0.0,0.0,0.0,,0.0,0.0,0.0
2024-04-18,4.414999961853027,4.440499782562256,4.414999961853027,4.440499782562256,4.440499782562256,295,0.02256754588809362,46.43000030517578,46.56999969482422,45.70000076293945,46.209999084472656,46.04957580566406,1008000,0.018289951450454867,0.004277594437638754,0.004277594437638754,0.011988393987136815,0.014992794198481759,1,0,0.0,5,8.433975308702689,0.0,0.0,0.0,0.0,0.0,0.0,,0.0,0.0,0.0
2024-04-19,4.442500114440918,4.514500141143799,4.442500114440918,4.501999855041504,4.501999855041504,248,0.013849808690624688,46.52000045776367,46.540000915527344,45.81999969482422,45.97999954223633,45.82037353515625,899500,-0.004977267837982136,0.018827076528606823,0.018827076528606823,0.012045181367099452,0.015137273387279835,1,1,1.0,5,3.670377409228905,-19.0,5.0,85.53799724578857,-229.89999771118164,0.0,0.0,Opened,85.53799724578857,-229.89999771118164,0.0
2024-04-22,4.478499889373779,4.500500202178955,4.4720001220703125,4.500500202178955,4.500500202178955,468,-0.00033310815433929,45.52000045776367,45.52000045776367,44.56999969482422,45.22999954223633,45.07297897338867,1136500,-0.01631143991880779,0.0159783317644685,0.0159783317644685,0.011702805253579978,0.015137969565202261,1,1,0.0,5,492.12206130676543,19.0,-5.0,-85.50950384140015,226.14999771118164,0.028493404388427734,-3.75,Live,0.0,0.0,0.0
2024-04-23,4.485000133514404,4.490499973297119,4.420000076293945,4.490499973297119,4.490499973297119,570,-0.0022220260932316327,44.560001373291016,44.869998931884766,44.04999923706055,44.400001525878906,44.2458610534668,1624600,-0.018350608550910086,0.016128582457678453,0.016128582457678453,0.011746037590839815,0.015437292347868762,1,1,0.0,5,81.65628234507382,19.0,-5.0,-85.31949949264526,222.00000762939453,0.21849775314331055,-7.899990081787109,Live,0.0,0.0,0.0
2024-04-24,4.4670000076293945,4.496500015258789,4.4670000076293945,4.4670000076293945,4.4670000076293945,417,-0.005233262622752033,44.900001525878906,44.95000076293945,44.310001373291016,44.599998474121094,44.44516372680664,853700,0.004504435616418112,-0.009737698239170145,0.009737698239170145,0.011348261749950359,0.015008088964309522,0,0,-1.0,5,8.593829730497886,19.0,-5.0,-84.8730001449585,222.99999237060547,0.6649971008300781,-6.900005340576172,Closed,-84.8730001449585,222.99999237060547,-6.235008239746094
2024-04-25,4.570499897003174,4.570499897003174,4.570499897003174,4.570499897003174,4.570499897003174,396,0.02316988788829355,44.779998779296875,46.13999938964844,44.61000061035156,45.97999954223633,45.82037353515625,1331000,0.03094172904324144,-0.007771841154947889,0.007771841154947889,0.01181866786619002,0.014918670276526366,0,0,0.0,5,13.4346360413046,0.0,0.0,0.0,0.0,0.0,0.0,,0.0,0.0,0.0
2024-04-26,4.624499797821045,4.624499797821045,4.568999767303467,4.568999767303467,4.568999767303467,55975,-0.000328220048903316,46.65999984741211,47.54999923706055,46.5,47.52000045776367,47.35503005981445,1768300,0.03349284321137769,-0.033821063260281004,0.033821063260281004,0.011852455329361064,0.016007278278384593,0,1,1.0,5,1061.3098887401813,5307.0,-5.0,-24247.6817650795,237.60000228881836,0.0,0.0,Opened,-24247.6817650795,237.60000228881836,0.0
2024-04-29,4.572999954223633,4.677999973297119,4.5625,4.658999919891357,4.658999919891357,11865,0.019697998943214445,47.91999816894531,48.060001373291016,47.08000183105469,48.02000045776367,47.853294372558594,1222500,0.010521885420527344,0.009176113522687102,0.009176113522687102,0.011627375663555704,0.01564684420118145,1,0,-1.0,5,5.505552587414579,-5307.0,5.0,24725.312574863434,-240.10000228881836,477.63080978393555,-2.5,Closed,24725.312574863434,-240.10000228881836,475.13080978393555
2024-04-30,4.675000190734863,4.690999984741211,4.542500019073486,4.564499855041504,4.564499855041504,2062,-0.020283336869440727,46.779998779296875,46.83000183105469,45.7599983215332,45.77000045776367,45.61110305786133,2168300,-0.046855476437968835,0.026572139568528108,0.026572139568528108,0.012770469426430458,0.018819804063739398,1,1,1.0,5,23.1637395873692,-116.0,5.0,529.4819831848145,-228.85000228881836,0.0,0.0,Opened,529.4819831848145,-228.85000228881836,0.0
2024-05-01,4.540500164031982,4.598499774932861,4.513500213623047,4.552499771118164,4.552499771118164,1659,-0.002629003024304133,45.18000030517578,46.369998931884766,45.150001525878906,45.56999969482422,45.41179656982422,818300,-0.004369691084534999,0.001740688060230866,0.001740688060230866,0.01276744000673755,0.0186810586268712,1,1,0.0,5,16.63752583764544,116.0,-5.0,-528.089973449707,227.8499984741211,1.3920097351074219,-1.0000038146972656,Live,0.0,0.0,0.0
2024-05-02,4.580999851226807,4.580999851226807,4.47599983215332,4.49399995803833,4.49399995803833,864,-0.012850041959577174,45.77000045776367,46.099998474121094,45.029998779296875,45.70000076293945,45.54134750366211,729300,0.002852777462932554,-0.01570281942250973,0.01570281942250973,0.013225428301525195,0.018493256595020664,0,0,-1.0,5,2.2575973800425087,116.0,-5.0,-521.3039951324463,228.50000381469727,8.177988052368164,-0.34999847412109375,Closed,-521.3039951324463,228.50000381469727,7.82798957824707
2024-05-03,4.514500141143799,4.573500156402588,4.504499912261963,4.573500156402588,4.573500156402588,879,0.017690297976540315,46.34000015258789,46.720001220703125,45.9900016784668,46.63999938964844,46.478084564208984,664300,0.020568897396414876,-0.0028785994198745612,0.0028785994198745612,0.013463092169536173,0.018322517274514935,0,0,0.0,5,11.857297086894757,0.0,0.0,0.0,0.0,0.0,0.0,,0.0,0.0,0.0
2024-05-06,4.59250020980835,4.646999835968018,4.584000110626221,4.634500026702881,4.634500026702881,642,0.013337677536732429,47.0,47.400001525878906,47.0,47.349998474121094,47.18561935424805,623300,0.015222965132161592,-0.0018852875954291637,0.0018852875954291637,0.013517714582629153,0.018452399867954612,0,0,0.0,5,11.66100870776118,0.0,0.0,0.0,0.0,0.0,0.0,,0.0,0.0,0.0
2024-05-07,4.630000114440918,4.63700008392334,4.593500137329102,4.625500202178955,4.625500202178955,823,-0.0019419191869826102,47.45000076293945,47.529998779296875,47.0099983215332,47.40999984741211,47.24541091918945,1358600,0.0012671884947115242,-0.0032091076816941344,0.0032091076816941344,0.01359953600966084,0.01837777641405703,0,0,0.0,5,6.688385828488874,0.0,0.0,0.0,0.0,0.0,0.0,,0.0,0.0,0.0
2024-05-08,4.583000183105469,4.593999862670898,4.5320000648498535,4.561999797821045,4.561999797821045,1097,-0.01372833241429694,46.75,47.0099983215332,46.34000015258789,46.79999923706055,46.63752746582031,811600,-0.01286649677947338,-0.0008618356348235601,0.0008618356348235601,0.013062947801106993,0.018096179939282288,0,0,0.0,5,9.614641898913057,0.0,0.0,0.0,0.0,0.0,0.0,,0.0,0.0,0.0
2024-05-09,4.559000015258789,4.616499900817871,4.53849983215332,4.607500076293945,4.607500076293945,905,0.009973757231342528,47.15999984741211,47.97999954223633,47.0099983215332,47.90999984741211,47.743675231933594,1057400,0.023717962146301952,-0.013744204914959424,0.013744204914959424,0.01299201677255916,0.01859512888589692,0,0,0.0,5,24.727453681263373,0.0,0.0,0.0,0.0,0.0,0.0,,0.0,0.0,0.0
2024-05-10,4.645999908447266,4.752999782562256,4.645500183105469,4.69350004196167,4.69350004196167,989,0.018665211989947306,48.310001373291016,48.72999954223633,47.939998626708984,47.97999954223633,47.81343078613281,2228700,0.0014610664797987116,0.017204145510148594,0.017204145510148594,0.013298029372971244,0.01859550749413568,1,0,0.0,5,0.8002035316502781,0.0,0.0,0.0,0.0,0.0,0.0,,0.0,0.0,0.0
2024-05-13,4.685999870300293,4.809000015258789,4.685999870300293,4.804500102996826,4.804500102996826,853,0.023649741140465252,48.47999954223633,48.59000015258789,48.060001373291016,48.290000915527344,48.12235641479492,972100,0.006461054111059905,0.017188687029405347,0.017188687029405347,0.013834089974019866,0.018304539778514827,1,0,0.0,5,2.745908069446775,0.0,0.0,0.0,0.0,0.0,0.0,,0.0,0.0,0.0
2024-05-14,4.822999954223633,5.081999778747559,4.819499969482422,4.953499794006348,4.953499794006348,1046,0.03101252738377136,48.79999923706055,50.08000183105469,48.709999084472656,49.709999084472656,49.53742599487305,2444200,0.02940563557721365,0.0016068918065577087,0.0016068918065577087,0.014779225137581687,0.01844243098098801,1,0,0.0,5,9.515355442904715,0.0,0.0,0.0,0.0,0.0,0.0,,0.0,0.0,0.0
2024-05-15,4.989999771118164,5.177499771118164,4.863999843597412,4.9695000648498535,4.9695000648498535,724,0.0032300941776288727,50.5099983215332,50.529998779296875,48.72999954223633,49.68000030517578,49.507530212402344,3264900,-0.0006034757563744275,0.0038335699340033003,0.0038335699340033003,0.014722241661045526,0.018303619811814748,1,0,0.0,5,1.8677275805778633,0.0,0.0,0.0,0.0,0.0,0.0,,0.0,0.0,0.0
2024-05-16,5.0229997634887695,5.0229997634887695,4.881999969482422,4.892000198364258,4.892000198364258,1150,-0.015595103224520734,49.54999923706055,49.630001068115234,49.13999938964844,49.36000061035156,49.18864059448242,1221700,-0.00644121765013117,-0.009153885574389564,0.009153885574389564,0.015134714465065539,0.01838230743676113,0,0,0.0,5,4.167430933349692,0.0,0.0,0.0,0.0,0.0,0.0,,0.0,0.0,0.0
2024-05-17,4.864999771118164,5.070499897003174,4.864999771118164,5.057000160217285,5.057000160217285,790,0.0337285272204606,50.0099983215332,51.68000030517578,50.0,51.66999816894531,51.49061965942383,3889000,0.04679897751276174,-0.013070450292301139,0.013070450292301139,0.01609781224138985,0.019897743042087298,0,0,0.0,5,14.177004115298132,0.0,0.0,0.0,0.0,0.0,0.0,,0.0,0.0,0.0
2024-05-20,5.191999912261963,5.198500156402588,5.0289998054504395,5.087500095367432,5.087500095367432,747,0.006031230805584098,52.099998474121094,52.900001525878906,51.61000061035156,52.720001220703125,52.53697967529297,2713600,0.02032132937811637,-0.014290098572532273,0.014290098572532273,0.015461703146640478,0.020121390232025662,0,0,0.0,5,34.91541013676461,0.0,0.0,0.0,0.0,0.0,0.0,,0.0,0.0,0.0
2024-05-21,5.057499885559082,5.161499977111816,5.057499885559082,5.11899995803833,5.11899995803833,568,0.006191619082146271,52.52000045776367,52.540000915527344,51.439998626708984,51.709999084472656,51.53048324584961,2341800,-0.0191578549477317,0.025349474029877972,0.025349474029877972,0.014707299597764113,0.02034169060523238,1,1,1.0,5,31.255903312284396,-157.0,5.0,803.6829934120178,-258.5499954223633,0.0,0.0,Opened,803.6829934120178,-258.5499954223633,0.0
2024-05-22,5.074999809265137,5.074999809265137,4.839000225067139,4.867499828338623,4.867499828338623,976,-0.04913071532746904,50.20000076293945,50.20000076293945,48.189998626708984,48.27000045776367,48.10242462158203,3362800,-0.06652482474597332,0.017394109418504278,0.017394109418504278,0.01849762989361398,0.024944151527566218,1,1,0.0,5,13.42771175128569,157.0,-5.0,-764.1974730491638,241.35000228881836,39.485520362854004,-17.199993133544922,Live,0.0,0.0,0.0
2024-05-23,4.809999942779541,4.8480000495910645,4.803500175476074,4.816500186920166,4.816500186920166,713,-0.010477584636271908,48.97999954223633,48.97999954223633,47.5099983215332,47.7599983215332,47.59419250488281,1478900,-0.010565612831860638,8.802819558872965e-05,8.802819558872965e-05,0.018350777551557323,0.02486379432066822,1,1,0.0,5,9.999222584941116,157.0,-5.0,-756.1905293464661,238.79999160766602,47.49246406555176,-19.750003814697266,Live,0.0,0.0,0.0
2024-05-24,4.815999984741211,4.824999809265137,4.772500038146973,4.778500080108643,4.778500080108643,689,-0.007889568221074228,48.220001220703125,48.7599983215332,48.220001220703125,48.65999984741211,48.49106979370117,1122900,0.018844253716674197,-0.026733821937748425,0.026733821937748425,0.01835098098008249,0.02505612254078075,0,0,-1.0,5,24.322388022843615,157.0,-5.0,-750.2245125770569,243.29999923706055,53.45848083496094,-15.249996185302734,Closed,-750.2245125770569,243.29999923706055,38.2084846496582
2024-05-28,4.863500118255615,4.89900016784668,4.860000133514404,4.875500202178955,4.875500202178955,461,0.020299282294478305,50.0,50.119998931884766,49.439998626708984,50.06999969482422,49.896175384521484,2326200,0.028976569088236426,-0.008677286793758121,0.008677286793758121,0.018676995084761325,0.025270097558059854,0,0,0.0,5,14.65968671167554,0.0,0.0,0.0,0.0,0.0,0.0,,0.0,0.0,0.0
2024-05-29,4.802000045776367,4.805500030517578,4.796000003814697,4.805500030517578,4.805500030517578,1059,-0.0143575364082833,49.279998779296875,49.310001373291016,48.70000076293945,48.72999954223633,48.560829162597656,1823300,-0.02676253566517217,0.012404999256888871,0.012404999256888871,0.01898370214820715,0.025638754951985625,1,0,0.0,5,18.901886706216406,0.0,0.0,0.0,0.0,0.0,0.0,,0.0,0.0,0.0
2024-05-30,4.7754998207092285,4.7855000495910645,4.642499923706055,4.671999931335449,4.671999931335449,1170,-0.027780688447472612,48.15999984741211,48.56999969482422,47.869998931884766,48.380001068115234,48.21204376220703,1361500,-0.007182402573546853,-0.02059828587392576,0.02059828587392576,0.019899205136633537,0.02573645277212879,0,0,0.0,5,2.6772552911738057,0.0,0.0,0.0,0.0,0.0,0.0,,0.0,0.0,0.0
2024-05-31,4.638500213623047,4.651500225067139,4.583499908447266,4.610000133514404,4.610000133514404,615,-0.013270504865637411,48.459999084472656,48.79999923706055,47.41999816894531,48.189998626708984,48.022701263427734,1907600,-0.0039272930386822225,-0.009343211826955189,0.009343211826955189,0.019615547494297354,0.02512957468782717,0,0,0.0,5,3.0935834676552116,0.0,0.0,0.0,0.0,0.0,0.0,,0.0,0.0,0.0
2024-06-03,4.684000015258789,4.684000015258789,4.663000106811523,4.677000045776367,4.677000045776367,488,0.014533603106619886,48.5,48.599998474121094,47.47999954223633,47.75,47.584232330322266,1029100,-0.009130496767956298,0.023664099874576183,0.023664099874576183,0.019812672445870406,0.02435089793283702,1,0,0.0,5,6.413972784586349,0.0,0.0,0.0,0.0,0.0,0.0,,0.0,0.0,0.0
2024-06-04,4.685999870300293,4.685999870300293,4.54449987411499,4.547999858856201,4.547999858856201,593,-0.027581822890222485,46.54999923706055,46.75,45.0,45.459999084472656,45.302181243896484,3022400,-0.047958134356593574,0.02037631146637109,0.02037631146637109,0.02021823710438746,0.026092752552397916,1,0,0.0,5,17.379940876575656,0.0,0.0,0.0,0.0,0.0,0.0,,0.0,0.0,0.0
2024-06-05,4.538000106811523,4.622499942779541,4.538000106811523,4.619500160217285,4.619500160217285,436,0.015721262880396436,45.54999923706055,46.529998779296875,45.4900016784668,46.52000045776367,46.35850143432617,4123800,0.023317232614135097,-0.007595969733738661,0.007595969733738661,0.020051772458756018,0.024792467761134543,0,0,0.0,5,14.935999807922254,0.0,0.0,0.0,0.0,0.0,0.0,,0.0,0.0,0.0
2024-06-06,4.661499977111816,4.690999984741211,4.650000095367432,4.690999984741211,4.690999984741211,376,0.015477827047106985,46.5,47.439998626708984,46.47999954223633,47.380001068115234,47.21551513671875,1689000,0.018486685337253395,-0.00300885829014641,0.00300885829014641,0.020253519365257027,0.025008647473396248,0,0,0.0,5,12.06364904776116,0.0,0.0,0.0,0.0,0.0,0.0,,0.0,0.0,0.0
2024-06-07,4.559999942779541,4.559999942779541,4.479499816894531,4.494500160217285,4.494500160217285,398,-0.04188868581605121,46.099998474121094,46.150001525878906,45.38999938964844,45.459999084472656,45.302181243896484,2637200,-0.040523468559705456,-0.001365217256345752,0.001365217256345752,0.02187263887799173,0.026402948878435976,0,0,0.0,5,9.78493394604545,0.0,0.0,0.0,0.0,0.0,0.0,,0.0,0.0,0.0
2024-06-10,4.474999904632568,4.568999767303467,4.474999904632568,4.55649995803833,4.55649995803833,391,0.013794592415377283,45.9900016784668,46.40999984741211,45.630001068115234,46.15999984741211,45.999752044677734,851200,0.015398169314494004,-0.001603576899116721,0.001603576899116721,0.02175667700872929,0.026255997599073527,0,0,0.0,5,11.308230330236508,0.0,0.0,0.0,0.0,0.0,0.0,,0.0,0.0,0.0
2024-06-11,4.4654998779296875,4.5229997634887695,4.4654998779296875,4.5229997634887695,4.5229997634887695,388,-0.0073521770784747975,45.40999984741211,45.40999984741211,44.650001525878906,45.060001373291016,44.90357208251953,1102200,-0.023830123001674197,0.0164779459231994,0.0164779459231994,0.021624472770781392,0.026468574054685317,1,0,0.0,5,32.29051421316441,0.0,0.0,0.0,0.0,0.0,0.0,,0.0,0.0,0.0
2024-06-12,4.526500225067139,4.587500095367432,4.523499965667725,4.581500053405762,4.581500053405762,384,0.012933958208273033,46.369998931884766,46.689998626708984,44.959999084472656,45.189998626708984,45.03311538696289,1370900,0.0028849811241911105,0.010048977084081923,0.010048977084081923,0.021794235849611644,0.026477955629981363,1,0,0.0,5,2.2001189152384284,0.0,0.0,0.0,0.0,0.0,0.0,,0.0,0.0,0.0
2024-06-13,4.507500171661377,4.507500171661377,4.507500171661377,4.507500171661377,4.507500171661377,532,-0.0161518893117496,44.88999938964844,45.08000183105469,44.220001220703125,44.40999984741211,44.25582504272461,831300,-0.01726042936491412,0.0011085400531645195,0.0011085400531645195,0.02186242215787464,0.026570444857604878,1,0,0.0,5,10.528664450171389,0.0,0.0,0.0,0.0,0.0,0.0,,0.0,0.0,0.0
2024-06-14,4.516499996185303,4.551000118255615,4.508999824523926,4.551000118255615,4.551000118255615,577,0.009650570147001325,44.09000015258789,44.630001068115234,43.93000030517578,44.31999969482422,44.1661376953125,1040600,-0.002026574035062456,0.011677144182063781,0.011677144182063781,0.021856219938881014,0.02603569871849711,1,0,0.0,5,2.0450428119604087,0.0,0.0,0.0,0.0,0.0,0.0,,0.0,0.0,0.0
2024-06-17,4.4710001945495605,4.526000022888184,4.4710001945495605,4.521500110626221,4.521500110626221,512,-0.006482093355932861,43.7599983215332,44.11000061035156,43.34000015258789,43.95000076293945,43.79742431640625,1511300,-0.00834835140867507,0.001866258052742209,0.001866258052742209,0.021524991869284468,0.026043011928341023,1,0,0.0,5,12.518773481766686,0.0,0.0,0.0,0.0,0.0,0.0,,0.0,0.0,0.0
2024-06-18,4.449999809265137,4.561999797821045,4.449999809265137,4.561999797821045,4.561999797821045,454,0.008957135066665955,43.689998626708984,44.720001220703125,43.650001525878906,44.61000061035156,44.45513153076172,1435000,0.015017061113879349,-0.006059926047213393,0.006059926047213393,0.021010738427542634,0.026230448338572,0,0,0.0,5,16.394296775897207,0.0,0.0,0.0,0.0,0.0,0.0,,0.0,0.0,0.0
2024-06-20,4.605000019073486,4.618000030517578,4.5920000076293945,4.618000030517578,4.618000030517578,445,0.012275369394641578,45.56999969482422,46.09000015258789,45.47999954223633,46.029998779296875,45.870201110839844,2246700,0.031831386449607146,-0.01955601705496557,0.01955601705496557,0.020104047223048104,0.026358839718214823,0,0,0.0,5,25.846873492873804,0.0,0.0,0.0,0.0,0.0,0.0,,0.0,0.0,0.0
2024-06-21,4.597499847412109,4.597499847412109,4.479000091552734,4.49399995803833,4.49399995803833,687,-0.026851466362019516,45.27000045776367,45.5099983215332,44.70000076293945,45.220001220703125,45.06301498413086,927700,-0.017597166632080552,-0.009254299729938964,0.009254299729938964,0.020633480055492922,0.026520215217206326,0,0,0.0,5,6.594353807038261,0.0,0.0,0.0,0.0,0.0,0.0,,0.0,0.0,0.0
2024-06-24,4.480000019073486,4.5269999504089355,4.476500034332275,4.5269999504089355,4.5269999504089355,668,0.00734312253643421,45.560001373291016,46.40999984741211,45.36000061035156,46.290000915527344,46.12929916381836,1196000,0.023662089030071387,-0.016318966493637177,0.016318966493637177,0.020597496298058446,0.027055074576917658,0,0,0.0,5,32.94951362623202,0.0,0.0,0.0,0.0,0.0,0.0,,0.0,0.0,0.0
2024-06-25,4.511499881744385,4.511499881744385,4.367499828338623,4.38100004196167,4.38100004196167,690,-0.03225091894115817,45.970001220703125,46.0099983215332,45.36000061035156,45.470001220703125,45.3121452331543,1223800,-0.01771440221659537,-0.014536516724562798,0.014536516724562798,0.01992594565584966,0.025198746078939717,0,0,0.0,5,5.700804084852924,0.0,0.0,0.0,0.0,0.0,0.0,,0.0,0.0,0.0
2024-06-26,4.363500118255615,4.367499828338623,4.36299991607666,4.367499828338623,4.367499828338623,27282,-0.0030815369764300993,45.40999984741211,45.84000015258789,45.34000015258789,45.79999923706055,45.64099884033203,760700,0.007257488618829688,-0.010339025595259788,0.010339025595259788,0.019788513321287976,0.02478840374473752,0,0,0.0,5,24.697418120172102,0.0,0.0,0.0,0.0,0.0,0.0,,0.0,0.0,0.0
2024-06-27,4.359000205993652,4.365499973297119,4.304999828338623,4.328499794006348,4.328499794006348,6440,-0.00892960180083413,45.75,45.79999923706055,44.93000030517578,45.06999969482422,45.06999969482422,820000,-0.015938854899491428,0.007009253098657298,0.007009253098657298,0.019634185817874877,0.024721764706362965,1,0,0.0,5,18.5855397530921,0.0,0.0,0.0,0.0,0.0,0.0,,0.0,0.0,0.0
2024-06-28,4.326499938964844,4.415999889373779,4.318999767303467,4.390500068664551,4.390500068664551,1413,0.014323732842509207,45.72999954223633,46.11000061035156,44.83000183105469,45.11000061035156,45.11000061035156,1044900,0.0008875286398535298,0.013436204202655677,0.013436204202655677,0.01792015964900079,0.02117432096033494,1,0,0.0,5,0.6366269343576227,0.0,0.0,0.0,0.0,0.0,0.0,,0.0,0.0,0.0
2024-07-01,4.388500213623047,4.433499813079834,4.362500190734863,4.426499843597412,4.426499843597412,991,0.00819947030403112,45.779998779296875,45.9900016784668,45.25,45.470001220703125,45.470001220703125,649000,0.007980505552663386,0.00021896475136773397,0.00021896475136773397,0.01802619004223311,0.021204394037181145,1,0,0.0,5,9.997907616516526,0.0,0.0,0.0,0.0,0.0,0.0,,0.0,0.0,0.0
2024-07-02,4.423999786376953,4.473999977111816,4.4004998207092285,4.429500102996826,4.429500102996826,894,0.0006777949859759769,45.439998626708984,45.939998626708984,45.18000030517578,45.63999938964844,45.63999938964844,744400,0.003738688462315398,-0.0030608934763394213,0.0030608934763394213,0.018015039631154653,0.020804667324511205,0,0,0.0,5,56.83447331778267,0.0,0.0,0.0,0.0,0.0,0.0,,0.0,0.0,0.0
2024-07-03,4.452499866485596,4.564499855041504,4.452499866485596,4.540999889373779,4.540999889373779,821,0.02517209251254271,46.5099983215332,47.720001220703125,46.45000076293945,47.220001220703125,47.220001220703125,1159700,0.03461879606012985,-0.009446703547587143,0.009446703547587143,0.01830028377550426,0.021185775779841452,0,0,0.0,5,14.30102427288845,0.0,0.0,0.0,0.0,0.0,0.0,,0.0,0.0,0.0
2024-07-05,4.544000148773193,4.679999828338623,4.544000148773193,4.6585001945495605,4.6585001945495605,495,0.025875425685593978,48.52000045776367,48.56999969482422,47.79999923706055,48.04999923706055,48.04999923706055,1206100,0.01757725529226617,0.008298170393327808,0.008298170393327808,0.018986449586847847,0.02089118755977556,1,0,0.0,5,7.006656460537759,0.0,0.0,0.0,0.0,0.0,0.0,,0.0,0.0,0.0
2024-07-08,4.609000205993652,4.667500019073486,4.607500076293945,4.622000217437744,4.622000217437744,561,-0.00783513482612308,47.79999923706055,48.099998474121094,46.869998931884766,47.11000061035156,47.11000061035156,924300,-0.019562926985105422,0.011727792158982342,0.011727792158982342,0.01822079462756252,0.021204260010932084,1,0,0.0,5,25.448987484453934,0.0,0.0,0.0,0.0,0.0,0.0,,0.0,0.0,0.0
2024-07-09,4.616499900817871,4.646999835968018,4.559000015258789,4.578000068664551,4.578000068664551,663,-0.009519720186769165,47.5099983215332,47.63999938964844,47.130001068115234,47.209999084472656,47.209999084472656,477900,0.002122659155710638,-0.011642379342479803,0.011642379342479803,0.018124471242713876,0.021202156855032673,0,0,0.0,5,2.299398676669098,0.0,0.0,0.0,0.0,0.0,0.0,,0.0,0.0,0.0
2024-07-10,4.58050012588501,4.645999908447266,4.5625,4.607500076293945,4.607500076293945,727,0.006443863518333259,47.29999923706055,47.7599983215332,47.119998931884766,47.459999084472656,47.459999084472656,637000,0.005295488346709787,0.0011483751716234725,0.0011483751716234725,0.01792305372179629,0.021156702430115647,1,0,0.0,5,8.464904399099769,0.0,0.0,0.0,0.0,0.0,0.0,,0.0,0.0,0.0
2024-07-11,4.600500106811523,4.611000061035156,4.505499839782715,4.508500099182129,4.508500099182129,979,-0.0214867011334805,47.599998474121094,47.720001220703125,46.95000076293945,47.27000045776367,47.27000045776367,669300,-0.004003342401478149,-0.017483358732002352,0.017483358732002352,0.01757661563205789,0.018690143576043608,0,0,0.0,5,1.953468966494095,0.0,0.0,0.0,0.0,0.0,0.0,,0.0,0.0,0.0
2024-07-12,4.519499778747559,4.598499774932861,4.489999771118164,4.598499774932861,4.598499774932861,608,0.019962221087021614,47.72999954223633,48.209999084472656,47.529998779296875,47.970001220703125,47.970001220703125,2201300,0.014808562643550571,0.005153658443471043,0.005153658443471043,0.017756221445867946,0.018355146150873466,1,0,0.0,5,7.738514587421032,0.0,0.0,0.0,0.0,0.0,0.0,,0.0,0.0,0.0
2024-07-15,4.570000171661377,4.573500156402588,4.510000228881836,4.5289998054504395,4.5289998054504395,443,-0.015113618111123328,47.77000045776367,47.779998779296875,47.060001373291016,47.09000015258789,47.09000015258789,2835900,-0.018344820632096193,0.0032312025209728645,0.0032312025209728645,0.017696996824677704,0.018403817492074065,1,0,0.0,5,12.620350462151507,0.0,0.0,0.0,0.0,0.0,0.0,,0.0,0.0,0.0
2024-07-16,4.511499881744385,4.513500213623047,4.429999828338623,4.443999767303467,4.443999767303467,782,-0.01876794917162039,46.310001373291016,46.630001068115234,45.79999923706055,46.58000183105469,46.58000183105469,1763400,-0.010830289230847945,-0.007937659940772446,0.007937659940772446,0.01600853609654338,0.016549930689333654,0,0,0.0,5,6.048514276764458,0.0,0.0,0.0,0.0,0.0,0.0,,0.0,0.0,0.0
2024-07-17,4.42549991607666,4.427499771118164,4.39300012588501,4.39900016784668,4.39900016784668,483,-0.010125923000237291,45.97999954223633,46.0,45.02000045776367,45.150001525878906,45.150001525878906,1857100,-0.03069987653419126,0.02057395353395397,0.02057395353395397,0.015843236927712254,0.017435420426502,1,1,1.0,5,31.117578876304073,-156.0,5.0,686.244026184082,-225.75000762939453,0.0,0.0,Opened,686.244026184082,-225.75000762939453,0.0
2024-07-18,4.398499965667725,4.398499965667725,4.265999794006348,4.265999794006348,4.265999794006348,437,-0.03023422795308417,44.880001068115234,45.08000183105469,43.220001220703125,43.400001525878906,43.400001525878906,1630600,-0.03875968861256718,0.008525460659483008,0.008525460659483008,0.016838055801529996,0.018483450675080514,1,1,0.0,5,13.042183636117485,156.0,-5.0,-665.4959678649902,217.00000762939453,20.748058319091797,-8.75,Live,0.0,0.0,0.0
2024-07-19,4.251999855041504,4.261000156402588,4.2179999351501465,4.218999862670898,4.218999862670898,302,-0.01101733089661261,42.939998626708984,43.4900016784668,42.900001525878906,43.310001373291016,43.310001373291016,1553300,-0.002073736161834594,-0.008943594734778015,0.008943594734778015,0.016621038768757153,0.01846286036829172,0,0,-1.0,5,1.932216533379336,156.0,-5.0,-658.1639785766602,216.55000686645508,28.080047607421875,-9.200000762939453,Closed,-658.1639785766602,216.55000686645508,18.880046844482422
2024-07-22,4.218999862670898,4.2210001945495605,4.147500038146973,4.180500030517578,4.180500030517578,483,-0.009125345675870089,43.09000015258789,43.290000915527344,42.70000076293945,42.91999816894531,42.91999816894531,2945400,-0.009004922465465803,-0.00012042321040428572,0.00012042321040428572,0.016450705670005127,0.018242383833380525,0,0,0.0,5,10.131228644142922,0.0,0.0,0.0,0.0,0.0,0.0,,0.0,0.0,0.0
2024-07-23,4.145500183105469,4.14900016784668,4.13700008392334,4.145999908447266,4.145999908447266,503,-0.008252630503160385,42.189998626708984,42.65999984741211,41.9900016784668,42.599998474121094,42.599998474121094,1124900,-0.007455724801399333,-0.0007969057017610526,0.0007969057017610526,0.016271307860313354,0.018284846646590976,0,0,0.0,5,9.282773717870468,0.0,0.0,0.0,0.0,0.0,0.0,,0.0,0.0,0.0
2024-07-24,4.132999897003174,4.138000011444092,4.098999977111816,4.098999977111816,4.098999977111816,596,-0.011336211378029537,42.45000076293945,43.20000076293945,42.029998779296875,42.060001373291016,42.060001373291016,843400,-0.012675988736434274,0.0013397773584047368,0.0013397773584047368,0.016336043513519367,0.01837342762845236,1,0,0.0,5,11.473747175854282,0.0,0.0,0.0,0.0,0.0,0.0,,0.0,0.0,0.0
2024-07-25,4.060500144958496,4.132500171661377,4.060500144958496,4.112500190734863,4.112500190734863,516,0.003293538350434222,41.70000076293945,42.220001220703125,41.0099983215332,41.95000076293945,41.95000076293945,1725600,-0.0026153258858763184,0.00590886423631054,0.00590886423631054,0.016190556860023072,0.018044675883731646,1,0,0.0,5,8.10007666802078,0.0,0.0,0.0,0.0,0.0,0.0,,0.0,0.0,0.0
2024-07-26,4.112500190734863,4.126999855041504,4.0879998207092285,4.104499816894531,4.104499816894531,386,-0.001945379566998251,42.25,42.66999816894531,42.0,42.58000183105469,42.58000183105469,1360600,0.015017903615196282,-0.016963283182194533,0.016963283182194533,0.015840418117550218,0.017002821985822536,0,0,0.0,5,80.08485578296683,0.0,0.0,0.0,0.0,0.0,0.0,,0.0,0.0,0.0
2024-07-29,4.065000057220459,4.065000057220459,4.049499988555908,4.061999797821045,4.061999797821045,863,-0.010354494084407584,42.13999938964844,42.47999954223633,41.88999938964844,42.2599983215332,42.2599983215332,770200,-0.007515347481457768,-0.002839146602949816,0.002839146602949816,0.015204990498407128,0.016759315646480637,0,0,0.0,5,7.551091958611716,0.0,0.0,0.0,0.0,0.0,0.0,,0.0,0.0,0.0
2024-07-30,4.060999870300293,4.076000213623047,4.026500225067139,4.063000202178955,4.063000202178955,1667,0.0002462837045060784,41.81999969482422,42.41999816894531,41.70000076293945,41.939998626708984,41.939998626708984,780200,-0.0075721653462812455,0.007818449050787324,0.007818449050787324,0.015051354493475508,0.01586258983229957,1,0,0.0,5,317.37007843806094,0.0,0.0,0.0,0.0,0.0,0.0,,0.0,0.0,0.0
2024-07-31,4.076499938964844,4.178999900817871,4.069499969482422,4.159999847412109,4.159999847412109,637,0.02387389623587377,43.31999969482422,44.099998474121094,43.220001220703125,43.7400016784668,43.7400016784668,2717000,0.042918529105804515,-0.019044632869930744,0.019044632869930744,0.014878881652013731,0.01812355973581312,0,1,1.0,5,18.901967331519867,95.0,-5.0,-395.1999855041504,218.70000839233398,0.0,0.0,Opened,-395.1999855041504,218.70000839233398,0.0
2024-08-01,4.111000061035156,4.111000061035156,4.05049991607666,4.066500186920166,4.066500186920166,880,-0.022475880750358335,43.36000061035156,43.36000061035156,41.31999969482422,41.70000076293945,41.70000076293945,1713800,-0.04663925096581867,0.024163370215460334,0.024163370215460334,0.015434884142461629,0.020144581671588977,1,0,-1.0,5,21.278946079791602,-95.0,5.0,386.31751775741577,-208.50000381469727,-8.88246774673462,10.200004577636719,Closed,386.31751775741577,-208.50000381469727,1.3175368309020996
2024-08-02,4.107500076293945,4.110000133514404,4.084000110626221,4.084000110626221,4.084000110626221,421,0.004303436100247415,41.310001373291016,41.459999084472656,40.65999984741211,41.18000030517578,41.18000030517578,1478700,-0.0124700347302108,0.016773470830458215,0.016773470830458215,0.015440610494618897,0.020067485640223204,1,0,0.0,5,29.21816280384259,0.0,0.0,0.0,0.0,0.0,0.0,,0.0,0.0,0.0
2024-08-05,4.099999904632568,4.099999904632568,3.9260001182556152,3.9839999675750732,3.9839999675750732,421,-0.0244858326009727,38.33000183105469,39.939998626708984,38.16999816894531,39.619998931884766,39.619998931884766,1302000,-0.03788250028485174,0.013396667683879038,0.013396667683879038,0.015658593027032923,0.02118827515701308,1,0,0.0,5,15.385757828269476,0.0,0.0,0.0,0.0,0.0,0.0,,0.0,0.0,0.0
