Date,Open,High,Low,Close,Adj Close,Volume,NVDA_dailyReturns,Open_1,High_1,Low_1,Close_1,Adj Close_1,Volume_1,AMD_dailyReturns,spread,abs_sprd,NVDA_rolling avg,AMD_rolling avg,isSprdPos,signal,axe,leverage,ratio,NVDA_Size,AMD_Size,NVDA_Cashflow,AMD_Cashflow,NVDA_MTM,AMD_MTM,Live Trades,NVDA_PnL,AMD_PnL
2024-01-02,49.24399948120117,49.29499816894531,47.595001220703125,48.167999267578125,48.16178512573242,411254000,,144.27999877929688,144.39999389648438,137.42999267578125,138.5800018310547,138.5800018310547,64902000,,,,,,0,0,,5,,0.0,0.0,0.0,0.0,0.0,0.0,,0.0,0.0
2024-01-03,47.48500061035156,48.183998107910156,47.31999969482422,47.569000244140625,47.562862396240234,320896000,-0.012435621834944843,135.7100067138672,137.42999267578125,133.74000549316406,135.32000732421875,135.32000732421875,61988600,-0.02352427813365343,0.011088656298708588,0.011088656298708588,,,1,0,0.0,5,5.381294838009117,0.0,0.0,0.0,0.0,0.0,0.0,,0.0,0.0
2024-01-04,47.766998291015625,48.5,47.507999420166016,47.99800109863281,47.9918098449707,306535000,0.009018496337749538,134.3000030517578,137.6999969482422,134.0,136.00999450683594,136.00999450683594,58610300,0.005098929539399277,0.00391956679835026,0.00391956679835026,,,1,0,0.0,5,1.6021108038647962,0.0,0.0,0.0,0.0,0.0,0.0,,0.0,0.0
2024-01-05,48.46200180053711,49.547000885009766,48.305999755859375,49.09700012207031,49.09066390991211,415039000,0.022896766496153242,136.77999877929688,141.00999450683594,136.44000244140625,138.5800018310547,138.5800018310547,69595000,0.018895724049820428,0.004001042446332814,0.004001042446332814,,,1,0,0.0,5,2.3293512840714823,0.0,0.0,0.0,0.0,0.0,0.0,,0.0,0.0
2024-01-08,49.512001037597656,52.275001525878906,49.479000091552734,52.25299835205078,52.246253967285156,642510000,0.06428087708278873,140.36000061035156,147.14999389648438,140.14999389648438,146.17999267578125,146.17999267578125,71756900,0.05484190174850667,0.009438975334282063,0.009438975334282063,,,1,0,0.0,5,2.386752753944752,0.0,0.0,0.0,0.0,0.0,0.0,,0.0,0.0
2024-01-09,52.4010009765625,54.32500076293945,51.689998626708984,53.13999938964844,53.13314437866211,773100000,0.016975122300572076,145.9499969482422,149.86000061035156,145.0800018310547,149.25999450683594,149.25999450683594,67875700,0.021069927386615506,-0.004094805086043429,0.004094805086043429,0.028066403267964033,0.028377662533089106,0,0,0.0,5,3.4863581780891786,0.0,0.0,0.0,0.0,0.0,0.0,,0.0,0.0
2024-01-10,53.61600112915039,54.599998474121094,53.48899841308594,54.349998474121094,54.342987060546875,533796000,0.022770024433014235,150.07000732421875,150.8800048828125,146.64999389648438,148.5399932861328,148.5399932861328,56951200,-0.004823805756405508,0.027593830189419744,0.027593830189419744,0.021495630121485188,0.022637079688989106,1,1,1.0,5,0.5789888209946477,-3.0,5.0,163.04999542236328,-742.6999664306641,0.0,0.0,Opened,163.04999542236328,-742.6999664306641
2024-01-11,54.999000549316406,55.34600067138672,53.560001373291016,54.821998596191406,54.81492614746094,596759000,0.008684455111715561,148.52000427246094,150.3800048828125,143.69000244140625,148.02000427246094,148.02000427246094,62764600,-0.0035006667374100076,0.012185121849125569,0.012185121849125569,0.021566621331287533,0.02422954567905376,1,1,0.0,5,1.0883629309329594,3.0,-5.0,-164.46599578857422,740.1000213623047,-1.4160003662109375,-2.599945068359375,Live,0.0,0.0
2024-01-12,54.619998931884766,54.970001220703125,54.33000183105469,54.709999084472656,54.702938079833984,352994000,-0.0020429665934603713,148.0399932861328,148.75,145.0,146.55999755859375,146.55999755859375,48250800,-0.009863577028276227,0.007820610434815856,0.007820610434815856,0.02534163453762567,0.02700917900585857,1,1,0.0,5,12.933674203183875,3.0,-5.0,-164.12999725341797,732.7999877929688,-1.0800018310546875,-9.899978637695312,Live,0.0,0.0
2024-01-16,55.018001556396484,56.834999084472656,54.900001525878906,56.38199996948242,56.374725341796875,449580000,0.030561157247109172,150.36000061035156,159.72000122070312,149.97999572753906,158.74000549316406,158.74000549316406,112711400,0.08310595071960769,-0.05254479347249852,0.05254479347249852,0.012609659403400452,0.03874459147267846,0,0,-1.0,5,7.656111340889122,3.0,-5.0,-169.14599990844727,793.7000274658203,-6.096004486083984,51.00006103515625,Closed,-169.14599990844727,793.7000274658203
2024-01-17,56.34700012207031,56.47100067138672,54.7400016784668,56.053001403808594,56.04576873779297,474394000,-0.0058351701935351885,158.4499969482422,160.63999938964844,154.39999389648438,160.1699981689453,160.1699981689453,104085000,0.009008395025177363,-0.014843565218712551,0.014843565218712551,0.01565189483644579,0.03881863177867395,0,0,0.0,5,4.411397501869272,0.0,0.0,0.0,0.0,0.0,0.0,,0.0,0.0
2024-01-18,57.2599983215332,57.599998474121094,56.106998443603516,57.106998443603516,57.09962844848633,491650000,0.018803578994849524,166.1999969482422,168.60000610351562,158.22000122070312,162.6699981689453,162.6699981689453,131864900,0.01560841623637299,0.003195162758476533,0.003195162758476533,0.014981443991722463,0.03728341357354036,1,0,0.0,5,2.3644843657562262,0.0,0.0,0.0,0.0,0.0,0.0,,0.0,0.0
2024-01-19,57.98899841308594,59.5,57.224998474121094,59.49100112915039,59.48332214355469,543501000,0.04174624390215875,165.8000030517578,174.25,162.1999969482422,174.22999572753906,174.22999572753906,139825500,0.07106410333015312,-0.029317859427994364,0.029317859427994364,0.020512127365682264,0.040840403867947135,0,0,0.0,5,4.985451813955682,0.0,0.0,0.0,0.0,0.0,0.0,,0.0,0.0
2024-01-22,60.04899978637695,60.33100128173828,59.06999969482422,59.65399932861328,59.64630126953125,452955000,0.0027398799208140368,174.38999938964844,174.72000122070312,164.14999389648438,168.17999267578125,168.17999267578125,122973800,-0.03472423348513887,0.037464113405952904,0.037464113405952904,0.019509687437892522,0.048312637267230195,1,0,0.0,5,35.73023744652818,0.0,0.0,0.0,0.0,0.0,0.0,,0.0,0.0
2024-01-23,59.56999969482422,59.90999984741211,58.584999084472656,59.87300109863281,59.86527633666992,294654000,0.0036712001288148333,166.5,169.6300048828125,164.27000427246094,168.4199981689453,168.4199981689453,76830500,0.0014270751790717018,0.0022441249497431315,0.0022441249497431315,0.018735569684340772,0.038093119278592234,1,0,0.0,5,1.0934562807951222,0.0,0.0,0.0,0.0,0.0,0.0,,0.0,0.0
2024-01-24,60.30400085449219,62.8489990234375,59.9379997253418,61.36199951171875,61.35408020019531,560271000,0.024869279738174654,172.5500030517578,180.5800018310547,170.55999755859375,178.2899932861328,178.2899932861328,125516400,0.05860346291707419,-0.033734183178899535,0.033734183178899535,0.01619593081325341,0.04309307608903091,0,0,0.0,5,6.846798357558369,0.0,0.0,0.0,0.0,0.0,0.0,,0.0,0.0
2024-01-25,62.349998474121094,62.71900177001953,60.849998474121094,61.617000579833984,61.609046936035156,482777000,0.004155683813180433,183.41000366210938,184.9199981689453,177.6300048828125,180.3300018310547,180.3300018310547,127171400,0.011442081001416193,-0.00728639718823576,0.00728639718823576,0.017378601886457772,0.04329692900753203,0,0,0.0,5,8.058049940308585,0.0,0.0,0.0,0.0,0.0,0.0,,0.0,0.0
2024-01-26,60.959999084472656,61.78300094604492,60.573001861572266,61.03099822998047,61.02312469482422,390309000,-0.009510400446939404,175.2899932861328,181.22999572753906,174.14999389648438,177.25,177.25,107381200,-0.01707980812832377,0.007569407681384366,0.007569407681384366,0.012376947898088382,0.03531092350769013,1,0,0.0,5,5.215788281224153,0.0,0.0,0.0,0.0,0.0,0.0,,0.0,0.0
2024-01-29,61.231998443603516,62.48899841308594,60.90700149536133,62.46500015258789,62.456939697265625,348733000,0.023496288184632563,178.77000427246094,178.88999938964844,174.39999389648438,177.8300018310547,177.8300018310547,89384500,0.0032722247168106566,0.020224063467821907,0.020224063467821907,0.014627961095424153,0.028305033382976182,1,0,0.0,5,0.39647165905903325,0.0,0.0,0.0,0.0,0.0,0.0,,0.0,0.0
2024-01-30,62.900001525878906,63.49300003051758,62.2599983215332,62.77399826049805,62.76589584350586,410735000,0.004946739888823215,176.1300048828125,178.47999572753906,169.52000427246094,172.05999755859375,172.05999755859375,122265700,-0.03244674246780166,0.037393482356624874,0.037393482356624874,0.014515148836457608,0.034667351605753814,1,1,1.0,5,17.978445935103593,-90.0,5.0,5649.659843444824,-860.2999877929688,0.0,0.0,Opened,5649.659843444824,-860.2999877929688
2024-01-31,61.439998626708984,62.26900100708008,60.70000076293945,61.527000427246094,61.51905822753906,453795000,-0.019864878258625374,165.74000549316406,171.3000030517578,162.55999755859375,167.69000244140625,167.69000244140625,133157300,-0.02539808891778772,0.0055332106591623464,0.0055332106591623464,0.01640730403307239,0.01874930449530552,1,1,0.0,5,3.4846291050068654,90.0,-5.0,-5537.430038452148,838.4500122070312,112.22980499267578,-21.8499755859375,Live,0.0,0.0
2024-02-01,62.099998474121094,63.191001892089844,61.650001525878906,63.027000427246094,63.01886749267578,369146000,0.02437954052016078,169.27000427246094,171.13999938964844,165.86000061035156,170.47999572753906,170.47999572753906,91576700,0.016637803360445957,0.007741737159714823,0.007741737159714823,0.019659691084993075,0.020443680711291726,1,1,0.0,5,1.8459386282836747,90.0,-5.0,-5672.430038452148,852.3999786376953,-22.77019500732422,-7.9000091552734375,Live,0.0,0.0
2024-02-02,63.9739990234375,66.5999984741211,63.689998626708984,66.16000366210938,66.1514663696289,476578000,0.049708905923260494,173.7899932861328,179.0,173.0500030517578,177.66000366210938,177.66000366210938,82078100,0.042116424885682235,0.007592481037578258,0.007592481037578258,0.025834779265990208,0.03064177714352561,1,1,0.0,5,2.275157360853063,90.0,-5.0,-5954.400329589844,888.3000183105469,-304.74048614501953,28.000030517578125,Live,0.0,0.0
2024-02-05,68.2249984741211,69.49700164794922,67.20500183105469,69.33200073242188,69.32305908203125,680078000,0.04794433033154655,179.08999633789062,180.00999450683594,171.11000061035156,174.22999572753906,174.22999572753906,76349200,-0.019306584846715547,0.0672509151782621,0.0672509151782621,0.029531214869295424,0.03183361696596681,1,1,0.0,5,1.0119461304630315,90.0,-5.0,-6239.880065917969,871.1499786376953,-590.2202224731445,10.849990844726562,Live,0.0,0.0
2024-02-06,69.62999725341797,69.75399780273438,66.30000305175781,68.2229995727539,68.21420288085938,683111000,-0.015995516470785565,173.14999389648438,173.8800048828125,165.5,167.8800048828125,167.8800048828125,68854100,-0.036446025371295265,0.0204505089005097,0.0204505089005097,0.03365014927499681,0.0327735002274482,1,1,0.0,5,5.606864604229507,90.0,-5.0,-6140.069961547852,839.4000244140625,-490.41011810302734,-20.89996337890625,Live,0.0,0.0
2024-02-07,68.31900024414062,70.22000122070312,67.5999984741211,70.0989990234375,70.08995056152344,495575000,0.027498049960160476,169.47000122070312,172.97000122070312,168.1999969482422,170.94000244140625,170.94000244140625,53665400,0.018227290145302,0.009270759814858476,0.009270759814858476,0.026503111215015755,0.031598130985924774,1,1,0.0,5,1.6164121247545393,90.0,-5.0,-6308.909912109375,854.7000122070312,-659.2500686645508,-5.5999755859375,Live,0.0,0.0
2024-02-08,70.0739974975586,70.79399871826172,69.45500183105469,69.64099884033203,69.63201141357422,414422000,-0.006533619445155514,170.3300018310547,172.1699981689453,168.60000610351562,169.35000610351562,169.35000610351562,43385300,-0.009301487745301928,0.0027678683001464144,0.0027678683001464144,0.030487950383969686,0.031181582976987525,1,1,0.0,5,3.4619341934929038,90.0,-5.0,-6267.689895629883,846.7500305175781,-618.0300521850586,-13.549957275390625,Live,0.0,0.0
2024-02-09,70.53299713134766,72.18499755859375,70.21199798583984,72.13300323486328,72.12368774414062,436637000,0.03578358202823506,171.0,175.10000610351562,168.66000366210938,172.47999572753906,172.47999572753906,56375700,0.018482370895872346,0.017301211132362715,0.017301211132362715,0.027660376139508436,0.023982938608370773,1,1,0.0,5,1.2350330717238098,90.0,-5.0,-6491.970291137695,862.3999786376953,-842.3104476928711,2.0999908447265625,Live,0.0,0.0
2024-02-12,72.5999984741211,74.61100006103516,71.25,72.24800109863281,72.23867797851562,613710000,0.0015942475512229493,172.67999267578125,177.41000366210938,170.6699981689453,171.91000366210938,171.91000366210938,58177100,-0.0033046850623192903,0.0048989326135422395,0.0048989326135422395,0.022243226557498812,0.022743767708850064,1,1,0.0,5,4.932301685736309,90.0,-5.0,-6502.320098876953,859.5500183105469,-852.6602554321289,-0.749969482421875,Live,0.0,0.0
2024-02-13,70.4000015258789,73.44999694824219,69.62000274658203,72.12799835205078,72.11869812011719,602580000,-0.0016609836224839025,167.94000244140625,173.1699981689453,164.3000030517578,171.5399932861328,171.5399932861328,63071300,-0.002152349299601064,0.0004913656771171615,0.0004913656771171615,0.018987118980951116,0.013033925588811432,1,1,0.0,5,3.0818316548972353,90.0,-5.0,-6491.51985168457,857.6999664306641,-841.8600082397461,-2.6000213623046875,Live,0.0,0.0
2024-02-14,73.2020034790039,74.23600006103516,71.93800354003906,73.9000015258789,73.89046478271484,504917000,0.024567480233946393,173.47000122070312,178.74000549316406,172.8800048828125,178.6999969482422,178.6999969482422,57402500,0.041739558950351086,-0.017172078716404693,0.017172078716404693,0.018399638634941873,0.02105039044648877,0,0,-1.0,5,4.108349082786449,90.0,-5.0,-6651.000137329102,893.4999847412109,-1001.3402938842773,33.19999694824219,Closed,-6651.000137329102,893.4999847412109
2024-02-15,73.86900329589844,73.9749984741211,72.4000015258789,72.65799713134766,72.64862060546875,420122000,-0.016806554382767014,179.13999938964844,180.5,175.25999450683594,176.75999450683594,176.75999450683594,51126400,-0.010856197395281098,-0.005950356987485916,0.005950356987485916,0.0211761851002845,0.021398625157248812,0,0,0.0,5,1.5714465129104156,0.0,0.0,0.0,0.0,0.0,0.0,,0.0,0.0
2024-02-16,74.0999984741211,74.4020004272461,72.5009994506836,72.61299896240234,72.60363006591797,495327000,-0.000619314744720656,177.4499969482422,180.3300018310547,173.25,173.8699951171875,173.8699951171875,53896000,-0.01634984996300548,0.015730535218284825,0.015730535218284825,0.014846671567352114,0.023056682654681047,1,0,0.0,5,63.21390507386263,0.0,0.0,0.0,0.0,0.0,0.0,,0.0,0.0
2024-02-20,71.9469985961914,71.95600128173828,67.73400115966797,69.4520034790039,69.44303894042969,704833000,-0.04353208831155897,171.13999938964844,171.80999755859375,162.0,165.69000244140625,165.69000244140625,66550000,-0.047046603240932794,0.0035145149293738243,0.0035145149293738243,0.0249731042881946,0.03203530209727549,1,0,0.0,5,2.578281291884718,0.0,0.0,0.0,0.0,0.0,0.0,,0.0,0.0
2024-02-21,68.00599670410156,68.88800048828125,66.24800109863281,67.47200012207031,67.46329498291016,690298000,-0.028508945138381314,162.74000549316406,164.89999389648438,161.80999755859375,164.2899932861328,164.2899932861328,48774600,-0.008449569283871083,-0.02005937585451023,0.02005937585451023,0.02622889898368003,0.03192395486356016,0,0,0.0,5,0.7216738196207136,0.0,0.0,0.0,0.0,0.0,0.0,,0.0,0.0
2024-02-22,75.0250015258789,78.57499694824219,74.22000122070312,78.53800201416016,78.52787017822266,865100000,0.1640088017558281,173.1999969482422,183.8300018310547,172.0,181.86000061035156,181.86000061035156,100684700,0.10694508516789725,0.05706371658793086,0.05706371658793086,0.08482074421007002,0.05913894793496103,1,0,0.0,5,1.5099098367389514,0.0,0.0,0.0,0.0,0.0,0.0,,0.0,0.0
2024-02-23,80.79000091552734,82.39399719238281,77.56999969482422,78.81700134277344,78.80683135986328,829388000,0.0035524118446885744,181.86000061035156,183.8000030517578,174.5500030517578,176.52000427246094,176.52000427246094,69207400,-0.029363226217797966,0.03291563806248654,0.03291563806248654,0.08339433141521427,0.06091995983031224,1,0,0.0,5,18.5120486554833,0.0,0.0,0.0,0.0,0.0,0.0,,0.0,0.0
2024-02-26,79.69999694824219,80.64600372314453,78.50499725341797,79.09200286865234,79.08180236816406,503973000,0.0034891142925232987,178.77999877929688,179.83999633789062,174.80999755859375,176.00999450683594,176.00999450683594,45435100,-0.00288924627963294,0.006378360572156239,0.006378360572156239,0.08317288499007297,0.06024714821941831,1,0,0.0,5,1.8427826847166098,0.0,0.0,0.0,0.0,0.0,0.0,,0.0,0.0
2024-02-27,79.38099670410156,79.4800033569336,77.16200256347656,78.70099639892578,78.69084167480469,391705000,-0.004943691593901178,175.9199981689453,178.4600067138672,172.49000549316406,178.0,178.0,43665200,0.011306207347712816,-0.016249898941613994,0.016249898941613994,0.07741811112195858,0.05316071464750227,0,0,0.0,5,5.172557740706271,0.0,0.0,0.0,0.0,0.0,0.0,,0.0,0.0
2024-02-28,77.62000274658203,78.93299865722656,77.125,77.66300201416016,77.6529769897461,393110000,-0.013189088223281908,176.25,176.83999633789062,173.58999633789062,176.5399932861328,176.5399932861328,35914400,-0.008202284909366253,-0.004986803313915655,0.004986803313915655,0.07490880694997389,0.053132959796362025,0,0,0.0,5,1.4136731487409695,0.0,0.0,0.0,0.0,0.0,0.0,,0.0,0.0
2024-02-29,79.09400177001953,79.98999786376953,78.3499984741211,79.11199951171875,79.10179138183594,507289000,0.018657500482590184,179.82000732421875,193.0,179.82000732421875,192.52999877929688,192.52999877929688,105538500,0.09057440863979038,-0.0719169081572002,0.0719169081572002,0.011830452118578598,0.04613770388813851,0,1,1.0,5,11.814302662426801,60.0,-5.0,-4746.719970703125,962.6499938964844,0.0,0.0,Opened,-4746.719970703125,962.6499938964844
2024-03-01,80.0,82.30000305175781,79.43499755859375,82.27899932861328,82.26837921142578,479135000,0.040031851507247085,197.91000366210938,202.72000122070312,195.4199981689453,202.63999938964844,202.63999938964844,103583000,0.05251130044383867,-0.012479448936591586,0.012479448936591586,0.02105476794815016,0.04200480817423862,0,1,0.0,5,3.230600611594798,-60.0,5.0,4936.739959716797,-1013.1999969482422,190.01998901367188,-50.55000305175781,Live,0.0,0.0
2024-03-04,84.12999725341797,87.69499969482422,83.71900177001953,85.23699951171875,85.22599792480469,615616000,0.03595085267495213,205.16000366210938,211.00999450683594,203.5,205.36000061035156,205.36000061035156,86835300,0.013422824856374582,0.022528027818577545,0.022528027818577545,0.02382661427263086,0.03950067391188879,1,0,-1.0,5,0.8995440425243748,-60.0,5.0,5114.219970703125,-1026.8000030517578,367.5,-64.15000915527344,Closed,5114.219970703125,-1026.8000030517578
2024-03-05,85.2699966430664,86.09700012207031,83.41699981689453,85.96399688720703,85.95693969726562,520639000,0.008529129129989377,200.5,205.3300018310547,199.14999389648438,205.1300048828125,205.1300048828125,65407100,-0.0011199636095416965,0.009649092739531073,0.009649092739531073,0.021624780002744648,0.04146415221273916,1,0,0.0,5,0.31333709489074313,0.0,0.0,0.0,0.0,0.0,0.0,,0.0,0.0
2024-03-06,88.02200317382812,89.7239990234375,87.02999877929688,88.69999694824219,88.69271087646484,582520000,0.03182727839685073,210.42999267578125,214.80999755859375,207.32000732421875,210.6300048828125,210.6300048828125,86687000,0.026812264754451975,0.005015013642398758,0.005015013642398758,0.013076887059192275,0.03613189519142771,1,0,0.0,5,2.0004634877650433,0.0,0.0,0.0,0.0,0.0,0.0,,0.0,0.0
2024-03-07,90.15799713134766,92.76699829101562,89.60199737548828,92.66899871826172,92.66138458251953,608119000,0.04474635745856337,212.52000427246094,213.8300018310547,208.22000122070312,211.3800048828125,211.3800048828125,63869000,0.0035607462498863374,0.04118561120867703,0.04118561120867703,0.01408248439943451,0.02155411855017321,1,1,1.0,5,0.18151510488518688,-1.0,5.0,92.66899871826172,-1056.9000244140625,0.0,0.0,Opened,92.66899871826172,-1056.9000244140625
2024-03-08,95.13800048828125,97.4000015258789,86.50599670410156,87.52799987792969,87.52081298828125,1142269000,-0.055477008616031664,213.41000366210938,227.3000030517578,205.60000610351562,207.38999938964844,207.38999938964844,120592600,-0.01887598354147113,-0.036601025074560534,0.036601025074560534,0.04061422830106818,0.01700013834406638,0,0,-1.0,5,0.8061899140041967,1.0,-5.0,-87.52799987792969,1036.9499969482422,5.140998840332031,-19.950027465820312,Closed,-87.52799987792969,1036.9499969482422
2024-03-11,86.42900085449219,88.7969970703125,84.16600036621094,85.77400207519531,85.76696014404297,678364000,-0.020039276633540992,203.00999450683594,203.5500030517578,196.6999969482422,198.38999938964844,198.38999938964844,73098600,-0.043396499476769046,0.023357222843228054,0.023357222843228054,0.04046248007077032,0.026240870170987887,1,0,0.0,5,5.008835405174059,0.0,0.0,0.0,0.0,0.0,0.0,,0.0,0.0
2024-03-12,88.04900360107422,91.95999908447266,86.1500015258789,91.91300201416016,91.90544891357422,668075000,0.07157180253269502,200.52000427246094,202.85000610351562,194.27000427246094,202.75999450683594,202.75999450683594,68951700,0.022027295380976364,0.04954450715171865,0.04954450715171865,0.05138581367847039,0.02931230605104477,1,0,0.0,5,0.6789292824356089,0.0,0.0,0.0,0.0,0.0,0.0,,0.0,0.0
2024-03-13,91.05500030517578,91.50399780273438,88.43499755859375,90.88800048828125,90.88053894042969,635713000,-0.011151866476094341,198.72999572753906,198.8300018310547,192.6999969482422,194.7899932861328,194.7899932861328,70526900,-0.03930756281626557,0.028155696340171232,0.028155696340171232,0.05136285146980783,0.02796232792137188,1,0,0.0,5,7.5542029739435925,0.0,0.0,0.0,0.0,0.0,0.0,,0.0,0.0
2024-03-14,89.5770034790039,90.64600372314453,86.5999984741211,87.94400024414062,87.93677520751953,602318000,-0.03239151734359269,192.9199981689453,196.92999267578125,184.02999877929688,187.05999755859375,187.05999755859375,84490500,-0.03968374143421338,0.0072922240906206914,0.0072922240906206914,0.04828133448559575,0.027391496365336214,1,0,0.0,5,2.6058896856927753,0.0,0.0,0.0,0.0,0.0,0.0,,0.0,0.0
2024-03-15,86.93000030517578,89.5459976196289,86.25700378417969,87.83699798583984,87.82978057861328,642086000,-0.0012167090194183938,184.8300018310547,193.8000030517578,184.47999572753906,191.05999755859375,191.05999755859375,95225700,0.02138351359032309,-0.022600222609741483,0.022600222609741483,0.04089614058325963,0.03427142851830617,0,0,0.0,5,38.228268084868084,0.0,0.0,0.0,0.0,0.0,0.0,,0.0,0.0
2024-03-18,90.38800048828125,92.40499877929688,87.08499908447266,88.45500183105469,88.44773864746094,668976000,0.007035803356058246,193.2899932861328,193.5,188.0500030517578,190.64999389648438,190.64999389648438,59306900,-0.0021459419415288394,0.009181745297587085,0.009181745297587085,0.03910866119312266,0.030750156413355403,1,0,0.0,5,0.6573833118250861,0.0,0.0,0.0,0.0,0.0,0.0,,0.0,0.0
2024-03-19,86.69999694824219,90.54399871826172,85.01000213623047,89.39800262451172,89.39066314697266,672171000,0.010660796720779242,183.16000366210938,185.61000061035156,177.36000061035156,181.4199981689453,181.4199981689453,83509500,-0.04841330198285032,0.05907409870362956,0.05907409870362956,0.017260674161566455,0.029939814143446073,1,1,1.0,5,9.21578606508995,-47.0,5.0,4201.706123352051,-907.0999908447266,0.0,0.0,Opened,4201.706123352051,-907.0999908447266
2024-03-20,89.7969970703125,90.41000366210938,88.2229995727539,90.37200164794922,90.36457824707031,479063000,0.010895087080731392,182.02999877929688,182.67999267578125,174.0,179.72999572753906,179.72999572753906,81773100,-0.009315414278818657,0.020210501359550048,0.020210501359550048,0.01821754430227818,0.02848254397378808,1,1,0.0,5,1.700427541091398,47.0,-5.0,-4247.484077453613,898.6499786376953,-45.7779541015625,-8.45001220703125,Live,0.0,0.0
2024-03-21,92.30000305175781,92.64800262451172,90.40499877929688,91.43499755859375,91.427490234375,480372000,0.011762447342767768,185.97000122070312,187.69000244140625,177.66000366210938,178.67999267578125,178.67999267578125,75265600,-0.0058421135966061355,0.017604560939373903,0.017604560939373903,0.005369962098517399,0.02516707773528035,1,1,0.0,5,0.9705899128708712,47.0,-5.0,-4297.444885253906,893.3999633789062,-95.73876190185547,-13.700027465820312,Live,0.0,0.0
2024-03-22,91.14099884033203,94.77799987792969,90.83399963378906,94.28900146484375,94.28125762939453,586719000,0.031213473860718155,177.2100067138672,180.75999450683594,175.0500030517578,179.64999389648438,179.64999389648438,57832100,0.005428706405105066,0.02578476745561309,0.02578476745561309,0.009619116938738152,0.021046976015490174,1,1,0.0,5,0.33137551791847264,47.0,-5.0,-4431.583068847656,898.2499694824219,-229.87694549560547,-8.850021362304688,Live,0.0,0.0
2024-03-25,93.94100189208984,96.76599884033203,93.51000213623047,95.00199890136719,94.99419403076172,552136000,0.007561830387919466,172.89999389648438,182.8000030517578,172.0,178.6300048828125,178.6300048828125,71935300,-0.005677645690651101,0.013239476078570567,0.013239476078570567,0.009522006788827924,0.020687369156393492,1,1,0.0,5,1.4117669874264556,47.0,-5.0,-4465.093948364258,893.1500244140625,-263.38782501220703,-13.949966430664062,Live,0.0,0.0
2024-03-26,95.85099792480469,96.375,92.50199890136719,92.56099700927734,92.55339813232422,513648000,-0.02569421612511691,179.5399932861328,182.60000610351562,176.3300018310547,177.8699951171875,177.8699951171875,65322400,-0.004254659042995601,-0.021439557082121308,0.021439557082121308,0.020574639931418313,0.005554365290777062,0,0,-1.0,5,0.31820284552528577,47.0,-5.0,-4350.366859436035,889.3499755859375,-148.66073608398438,-17.750015258789062,Closed,-4350.366859436035,889.3499755859375
2024-03-27,93.11199951171875,93.23999786376953,89.12300109863281,90.25,90.24258422851562,586067000,-0.024967287345075917,179.9600067138672,181.22999572753906,175.39999389648438,179.58999633789062,179.58999633789062,55685600,0.009669990824309194,-0.03463727816938511,0.03463727816938511,0.02476576524918567,0.0071999363089231055,0,1,1.0,5,0.7707075855576209,4.0,-5.0,-361.0,897.9499816894531,0.0,0.0,Opened,-361.0,897.9499816894531
2024-03-28,90.0,91.30000305175781,89.19300079345703,90.35600280761719,90.34857940673828,435212000,0.0011745463447887516,179.47000122070312,183.39999389648438,178.3000030517578,180.49000549316406,180.49000549316406,57628600,0.005011465970410134,-0.0038369196256213822,0.0038369196256213822,0.023944999825489637,0.006665478049563298,0,1,0.0,5,8.522966392253025,-4.0,5.0,361.42401123046875,-902.4500274658203,0.42401123046875,-4.5000457763671875,Live,0.0,0.0
2024-04-01,90.29900360107422,92.2249984741211,89.2040023803711,90.36299896240234,90.35557556152344,452441000,7.742877692429317e-05,180.10000610351562,187.24000549316406,179.89999389648438,183.33999633789062,183.33999633789062,74299900,0.01579029729064141,-0.015712868513717115,0.015712868513717115,0.015747055660371607,0.009136752575013089,0,1,0.0,5,413.76570386404757,-4.0,5.0,361.4519958496094,-916.6999816894531,0.451995849609375,-18.75,Live,0.0,0.0
2024-04-02,88.447998046875,90.09400177001953,87.62000274658203,89.4520034790039,89.44465637207031,433064000,-0.010081510063399746,179.47000122070312,180.10000610351562,174.8300018310547,178.6999969482422,178.6999969482422,61598800,-0.025308167788424374,0.015226657725024628,0.015226657725024628,0.01302635644454202,0.016018717589668646,1,0,-1.0,5,5.014984443678421,-4.0,5.0,357.8080139160156,-893.4999847412109,-3.191986083984375,4.4499969482421875,Closed,357.8080139160156,-893.4999847412109
2024-04-03,88.48400115966797,90.3740005493164,88.4000015258789,88.96399688720703,88.9566879272461,370067000,-0.005455513267642154,177.5399932861328,182.0500030517578,176.6999969482422,180.77000427246094,180.77000427246094,49835100,0.011583700948905484,-0.017039214216547638,0.017039214216547638,0.010583020511412078,0.01648141499313251,0,1,1.0,5,4.314433731834919,22.0,-5.0,-1957.2079315185547,903.8500213623047,0.0,0.0,Opened,-1957.2079315185547,903.8500213623047
2024-04-04,90.40599822998047,90.63400268554688,85.87999725341797,85.90499877929688,85.89794158935547,434965000,-0.03438467486784014,182.9199981689453,183.02000427246094,165.64999389648438,165.8300018310547,165.8300018310547,88280000,-0.08264646837585021,0.048261793508010076,0.048261793508010076,0.014502952297625634,0.041040932461410704,1,0,-1.0,5,4.639851142451566,-22.0,5.0,1889.9099731445312,-829.1500091552734,-67.29795837402344,74.70001220703125,Closed,1889.9099731445312,-829.1500091552734
2024-04-05,86.86599731445312,88.48100280761719,85.9260025024414,88.00800323486328,88.00077819824219,399678000,0.024480583033000824,168.10000610351562,172.69000244140625,165.5800018310547,170.4199981689453,170.4199981689453,66025200,0.027678925931429843,-0.0031983428984290185,0.0031983428984290185,0.021120765607232386,0.04489115286546219,0,0,0.0,5,2.189403789081363,0.0,0.0,0.0,0.0,0.0,0.0,,0.0,0.0
2024-04-08,88.69999694824219,88.83000183105469,86.73200225830078,87.13300323486328,87.12584686279297,283220000,-0.009942277609286565,168.1999969482422,171.66000366210938,166.82000732421875,169.89999389648438,169.89999389648438,43997500,-0.003051310163408316,-0.006890967445878249,0.006890967445878249,0.020984853280273007,0.042869385570728655,0,0,0.0,5,0.5984269591156699,0.0,0.0,0.0,0.0,0.0,0.0,,0.0,0.0
2024-04-09,87.44200134277344,87.63500213623047,83.02200317382812,85.35399627685547,85.34698486328125,503547000,-0.020417142666511512,170.2100067138672,171.60000610351562,167.2899932861328,170.77999877929688,170.77999877929688,42928000,0.005179546288557546,-0.025596688955069058,0.025596688955069058,0.02184622495325565,0.043088504853282,0,0,0.0,5,0.5075863115807645,0.0,0.0,0.0,0.0,0.0,0.0,,0.0,0.0
2024-04-10,83.9260025024414,87.4000015258789,83.70899963378906,87.03900146484375,87.03185272216797,431929000,0.01974137429397893,166.7100067138672,169.77999877929688,164.0,167.13999938964844,167.13999938964844,59600000,-0.021313967769448827,0.04105534206342776,0.04105534206342776,0.025508839845381645,0.041794866549758114,1,0,0.0,5,2.073258326093245,0.0,0.0,0.0,0.0,0.0,0.0,,0.0,0.0
2024-04-11,87.41999816894531,90.73899841308594,86.9260025024414,90.61599731445312,90.60855102539062,431637000,0.041096471574920024,167.5500030517578,170.9499969482422,166.5500030517578,170.5,170.5,48994500,0.02010291146716159,0.020993560107758436,0.020993560107758436,0.02544381483509723,0.01934635594147982,1,0,0.0,5,0.9203943256707964,0.0,0.0,0.0,0.0,0.0,0.0,,0.0,0.0
2024-04-12,89.6989974975586,90.17500305175781,87.52999877929688,88.18599700927734,88.17875671386719,426805000,-0.026816460417505072,164.52999877929688,165.6999969482422,161.82000732421875,163.27999877929688,163.27999877929688,63334200,-0.04234604821526755,0.015529587797762479,0.015529587797762479,0.028769736639314897,0.024209853557988457,1,0,0.0,5,2.9237806888474704,0.0,0.0,0.0,0.0,0.0,0.0,,0.0,0.0
2024-04-15,89.0979995727539,90.61299896240234,85.92900085449219,86.0009994506836,85.99393463134766,443077000,-0.024777148670937943,164.42999267578125,164.44000244140625,158.75999450683594,160.32000732421875,160.32000732421875,61461200,-0.018128316249433007,-0.0066488324215049355,0.0066488324215049355,0.030836522298994404,0.024333520350864522,0,0,0.0,5,1.363924616675472,0.0,0.0,0.0,0.0,0.0,0.0,,0.0,0.0
2024-04-16,86.43299865722656,88.11799621582031,86.06400299072266,87.41500091552734,87.40782165527344,370453000,0.01644168642080257,162.27999877929688,164.8800048828125,161.6699981689453,163.4600067138672,163.4600067138672,55302100,0.019585823641451894,-0.0031441372206493234,0.0031441372206493234,0.029791136277122668,0.02742884062948357,0,0,0.0,5,2.2275169867773745,0.0,0.0,0.0,0.0,0.0,0.0,,0.0,0.0
2024-04-17,88.33999633789062,88.7750015258789,83.94999694824219,84.03500366210938,84.0280990600586,495400000,-0.03866610098973966,163.97000122070312,164.4499969482422,153.8800048828125,154.02000427246094,154.02000427246094,75909000,-0.0577511443391211,0.019085043349381436,0.019085043349381436,0.033812741849284095,0.03539472027946876,1,0,0.0,5,2.7374558342082564,0.0,0.0,0.0,0.0,0.0,0.0,,0.0,0.0
2024-04-18,84.97000122070312,86.19000244140625,82.4020004272461,84.6709976196289,84.6640396118164,447260000,0.007568202889319364,155.50999450683594,156.9600067138672,152.32000732421875,155.0800018310547,155.0800018310547,52669800,0.006882207045771915,0.0006859958435474489,0.0006859958435474489,0.023863654415805628,0.03241951813891812,1,0,0.0,5,1.6655439160416559,0.0,0.0,0.0,0.0,0.0,0.0,,0.0,0.0
2024-04-19,83.1500015258789,84.3239974975586,75.60600280761719,76.19999694824219,76.19374084472656,875198000,-0.10004607137666377,151.58999633789062,154.25,145.2899932861328,146.63999938964844,146.63999938964844,71232500,-0.054423538443086006,-0.045622532933577764,0.045622532933577764,0.04624633832061546,0.03500136136817131,0,0,0.0,5,1.046849455810112,0.0,0.0,0.0,0.0,0.0,0.0,,0.0,0.0
2024-04-22,78.10399627685547,80.072998046875,76.4000015258789,79.51799774169922,79.51146697998047,596341000,0.043543319243316114,148.14999389648438,149.88999938964844,145.6300048828125,148.63999938964844,148.63999938964844,49397000,0.013638843482845608,0.029904475760470506,0.029904475760470506,0.05638082904570825,0.03832541491816302,1,0,0.0,5,0.5854991551859291,0.0,0.0,0.0,0.0,0.0,0.0,,0.0,0.0
2024-04-23,80.76899719238281,82.76899719238281,80.26399993896484,82.4229965209961,82.41622924804688,438559000,0.036532594655278805,151.64999389648438,153.5,150.35000610351562,152.27000427246094,152.27000427246094,46051900,0.02442145383287242,0.012111140822406385,0.012111140822406385,0.059729857109920056,0.03944259524545318,1,0,0.0,5,1.2349715606662908,0.0,0.0,0.0,0.0,0.0,0.0,,0.0,0.0
2024-04-24,83.94999694824219,84.08200073242188,79.18299865722656,79.677001953125,79.67045593261719,512208000,-0.0333158788660588,156.55999755859375,157.66000366210938,150.6300048828125,151.74000549316406,151.74000549316406,43412600,-0.0034806512407298262,-0.029835227625328975,0.029835227625328975,0.05913769724403429,0.030701081597918543,0,0,0.0,5,0.1989648442139583,0.0,0.0,0.0,0.0,0.0,0.0,,0.0,0.0
2024-04-25,78.86799621582031,83.322998046875,78.2229995727539,82.63200378417969,82.62521362304688,424641000,0.03708726180225952,149.14999389648438,155.13999938964844,146.75,153.75999450683594,153.75999450683594,41471400,0.01331217174473398,0.02377509005752554,0.02377509005752554,0.06259552746433314,0.03132548152178708,1,0,0.0,5,0.6679119479909881,0.0,0.0,0.0,0.0,0.0,0.0,,0.0,0.0
2024-04-26,83.81800079345703,88.33100128173828,83.38700103759766,87.73500061035156,87.72779083251953,551011000,0.06175569503917644,154.24000549316406,158.6300048828125,153.42999267578125,157.39999389648438,157.39999389648438,42510700,0.023673253900165836,0.0380824411390106,0.0380824411390106,0.03636544897571341,0.011267934156809163,1,1,1.0,5,0.6877217661784337,-4.0,5.0,350.94000244140625,-786.9999694824219,0.0,0.0,Opened,350.94000244140625,-786.9999694824219
2024-04-29,87.59500122070312,87.99199676513672,85.26599884033203,87.75700378417969,87.74979400634766,388971000,0.0002507912882550034,159.0800018310547,160.77000427246094,156.25999450683594,160.1999969482422,160.1999969482422,43478200,0.017789092505297477,-0.017538301217042473,0.017538301217042473,0.03721688395552354,0.011358356618506477,0,0,-1.0,5,129.4857759316619,4.0,-5.0,-351.02801513671875,800.9999847412109,-0.0880126953125,14.000015258789062,Closed,-351.02801513671875,800.9999847412109
2024-04-30,87.23999786376953,88.81900024414062,86.30000305175781,86.4020004272461,86.39490509033203,363709000,-0.015440401318462804,160.6300048828125,162.2899932861328,158.35000610351562,158.3800048828125,158.3800048828125,60742800,-0.011360749688513971,-0.004079651629948833,0.004079651629948833,0.03882935550488274,0.014801515761005937,0,0,0.0,5,1.3487298253085163,0.0,0.0,0.0,0.0,0.0,0.0,,0.0,0.0
2024-05-01,85.0770034790039,86.0,81.25499725341797,83.04100036621094,83.0341796875,559863000,-0.03889956302418307,148.11000061035156,151.3699951171875,142.13999938964844,144.27000427246094,144.27000427246094,89413200,-0.0890895326136133,0.05018996958943023,0.05018996958943023,0.04043604678293686,0.04664452017003079,1,1,1.0,5,3.978922041110644,-20.0,5.0,1660.8200073242188,-721.3500213623047,0.0,0.0,Opened,1660.8200073242188,-721.3500213623047
2024-05-02,84.4489974975586,86.23699951171875,83.19999694824219,85.81700134277344,85.80995178222656,377898000,0.03342928149131552,145.50999450683594,147.6199951171875,141.16000366210938,146.16000366210938,146.16000366210938,50034700,0.013100432062641998,0.020328849428673523,0.020328849428673523,0.039828239387229875,0.046619134847681674,1,1,0.0,5,0.6674423921593274,20.0,-5.0,-1716.3400268554688,730.8000183105469,-55.52001953125,9.449996948242188,Live,0.0,0.0
2024-05-03,87.78900146484375,89.28099822998047,87.04000091552734,88.78900146484375,88.78170776367188,398341000,0.034631833734197315,148.75,150.7899932861328,147.24000549316406,150.60000610351562,150.60000610351562,49361100,0.03037768425123044,0.0042541494829668736,0.0042541494829668736,0.03173910296396982,0.04787960327253234,1,1,0.0,5,1.4878015043722572,20.0,-5.0,-1775.780029296875,753.0000305175781,-114.96002197265625,31.650009155273438,Live,0.0,0.0
2024-05-06,89.38999938964844,92.22000122070312,89.05500030517578,92.13999938964844,92.13243103027344,376203000,0.0377411376355159,153.10000610351562,156.64999389648438,151.25999450683594,155.77999877929688,155.77999877929688,44624500,0.03439570030442596,0.00334543733108994,0.00334543733108994,0.035224930118026423,0.05060029968876113,1,1,0.0,5,1.5408226724469887,20.0,-5.0,-1842.7999877929688,778.8999938964844,-181.97998046875,57.54997253417969,Live,0.0,0.0
2024-05-07,91.0979995727539,91.78099822998047,89.01100158691406,90.55400085449219,90.54656219482422,437342000,-0.017212921051250052,156.32000732421875,157.6999969482422,153.66000366210938,154.42999267578125,154.42999267578125,37374900,-0.008666106779396388,-0.008546814271853664,0.008546814271853664,0.03555601309566859,0.050523455129232314,0,0,-1.0,5,0.8586051060297464,20.0,-5.0,-1811.0800170898438,772.1499633789062,-150.260009765625,50.79994201660156,Closed,-1811.0800170898438,772.1499633789062
2024-05-08,89.48300170898438,91.19400024414062,89.41999816894531,90.41200256347656,90.40457916259766,325721000,-0.0015681062092860465,153.39999389648438,155.3300018310547,152.52000427246094,153.6199951171875,153.6199951171875,28728000,-0.005245079304603162,0.0036769730953171154,0.0036769730953171154,0.025127072581378532,0.019760173726319285,1,0,0.0,5,5.683269396442207,0.0,0.0,0.0,0.0,0.0,0.0,,0.0,0.0
2024-05-09,90.52899932861328,91.0719985961914,88.23100280761719,88.74700164794922,88.73971557617188,378013000,-0.018415706635392604,153.1300048828125,154.08999633789062,150.61000061035156,152.38999938964844,152.38999938964844,33018000,-0.008006742394443989,-0.010408964240948615,0.010408964240948615,0.027450709008760784,0.021824699678212205,0,0,0.0,5,0.7465695044879814,0.0,0.0,0.0,0.0,0.0,0.0,,0.0,0.0
2024-05-10,90.30500030517578,91.4010009765625,89.22699737548828,89.87799835205078,89.87061309814453,335325000,0.012744055383280717,154.2899932861328,156.3699951171875,151.30999755859375,151.9199981689453,151.9199981689453,37652800,-0.003084199898848783,0.0158282552821295,0.0158282552821295,0.02339535021934952,0.018314262455340412,1,0,0.0,5,0.40906886248536306,0.0,0.0,0.0,0.0,0.0,0.0,,0.0,0.0
2024-05-13,90.47799682617188,90.99800109863281,88.52899932861328,90.39900207519531,90.3915786743164,289680000,0.005796788231795746,151.27999877929688,153.3300018310547,150.39999389648438,150.55999755859375,150.55999755859375,27859200,-0.008952084167610064,0.01474887239940581,0.01474887239940581,0.01382287155462992,0.002539418114727131,1,1,1.0,5,2.5720694113231715,-13.0,5.0,1175.187026977539,-752.7999877929688,0.0,0.0,Opened,1175.187026977539,-752.7999877929688
2024-05-14,89.5989990234375,91.6510009765625,88.93399810791016,91.35600280761719,91.34849548339844,296507000,0.010586408151119109,150.42999267578125,153.49000549316406,148.77999877929688,153.16000366210938,153.16000366210938,31938300,0.01726890373057932,-0.0066824955794602126,0.0066824955794602126,0.012579372518737168,0.010800745303487402,0,0,-1.0,5,2.734792709226093,13.0,-5.0,-1187.6280364990234,765.8000183105469,-12.441009521484375,13.000030517578125,Closed,-1187.6280364990234,765.8000183105469
2024-05-15,92.47200012207031,94.86199951171875,91.5989990234375,94.62999725341797,94.62222290039062,417735000,0.035837759371930344,155.58999633789062,159.69000244140625,154.6999969482422,159.6699981689453,159.6699981689453,43195900,0.04250453350208727,-0.006666774130156927,0.006666774130156927,0.019353303572659658,0.02203922253618808,0,0,0.0,5,2.001192643616114,0.0,0.0,0.0,0.0,0.0,0.0,,0.0,0.0
2024-05-16,94.91000366210938,95.81900024414062,94.10299682617188,94.35900115966797,94.35124969482422,323952000,-0.0028637440728680463,160.9199981689453,168.05999755859375,159.89999389648438,162.6199951171875,162.6199951171875,76726700,0.018475587036212104,-0.02133933110908015,0.02133933110908015,0.014398943465161513,0.02036556178672793,0,1,1.0,5,11.11871636740252,56.0,-5.0,-5284.104064941406,813.0999755859375,0.0,0.0,Opened,-5284.104064941406,813.0999755859375
2024-05-17,94.36900329589844,94.73999786376953,91.80599975585938,92.47899627685547,92.47139739990234,359691000,-0.019923959131691982,168.42999267578125,169.72000122070312,162.32000732421875,164.47000122070312,164.47000122070312,65944400,0.011376252361725125,-0.03130021149341711,0.03130021149341711,0.020383336911587845,0.018399210940459595,0,1,0.0,5,1.015470154072364,-56.0,5.0,5178.823791503906,-822.3500061035156,-105.2802734375,-9.250030517578125,Live,0.0,0.0
2024-05-20,93.75,95.19999694824219,93.44000244140625,94.77999877929688,94.772216796875,318764000,0.02488135247005574,165.5500030517578,168.49000549316406,164.47000122070312,166.3300018310547,166.3300018310547,45618000,0.011309056949878826,0.013572295520176914,0.013572295520176914,0.022078656002418196,0.012903135940971453,1,0,-1.0,5,0.7976388544677877,-56.0,5.0,5307.679931640625,-831.6500091552734,23.57586669921875,-18.550033569335938,Closed,5307.679931640625,-831.6500091552734
2024-05-21,93.5989990234375,95.4000015258789,93.18000030517578,95.38600158691406,95.37816619873047,328946000,0.006393783661343022,164.0,165.8300018310547,163.10000610351562,164.66000366210938,164.66000366210938,30005500,-0.010040270249269678,0.0164340539106127,0.0164340539106127,0.022116327736421564,0.01885451386863756,1,0,0.0,5,2.7107592075434748,0.0,0.0,0.0,0.0,0.0,0.0,,0.0,0.0
2024-05-22,95.45899963378906,96.0199966430664,93.2490005493164,94.94999694824219,94.94219970703125,548648000,-0.004570949944626812,167.41000366210938,169.80999755859375,163.86000061035156,165.52000427246094,165.52000427246094,47426700,0.0052228871081305694,-0.009793837052757381,0.009793837052757381,0.016454126864176973,0.010753796878402718,0,0,0.0,5,1.9918641127201377,0.0,0.0,0.0,0.0,0.0,0.0,,0.0,0.0
2024-05-23,102.02799987792969,106.31999969482422,101.5199966430664,103.79900360107422,103.79048156738281,835065000,0.0931964922300701,170.17999267578125,173.13999938964844,158.27000427246094,160.42999267578125,160.42999267578125,91888800,-0.030751640075486364,0.12394813230555646,0.12394813230555646,0.044057738211663804,0.018012945441063195,1,1,1.0,5,0.5099893366019874,-3.0,5.0,311.39701080322266,-802.1499633789062,0.0,0.0,Opened,311.39701080322266,-802.1499633789062
2024-05-24,104.4489974975586,106.4749984741211,103.0,106.46900177001953,106.46025848388672,429494000,0.02572277263090883,161.41000366210938,167.66000366210938,160.25,166.36000061035156,166.36000061035156,54795400,0.03696321264911151,-0.01124044001820268,0.01124044001820268,0.03803572350581459,0.025177610631589596,0,0,-1.0,5,2.2453169915491515,3.0,-5.0,-319.4070053100586,831.8000030517578,-8.009994506835938,29.650039672851562,Closed,-319.4070053100586,831.8000030517578
2024-05-28,110.24400329589844,114.93900299072266,109.88300323486328,113.9010009765625,113.89164733886719,652728000,0.0698043475846295,169.4199981689453,174.5500030517578,164.9600067138672,171.61000061035156,171.61000061035156,66495400,0.031558066727209066,0.038246280857420434,0.038246280857420434,0.04189295454313509,0.028367099655474525,1,0,0.0,5,0.6811503276482191,0.0,0.0,0.0,0.0,0.0,0.0,,0.0,0.0
2024-05-29,113.05000305175781,115.49199676513672,110.9010009765625,114.82499694824219,114.81556701660156,557442000,0.008112272620587557,167.4600067138672,168.47999572753906,162.91000366210938,165.13999938964844,165.13999938964844,56537500,-0.037701772610522655,0.04581404523111021,0.04581404523111021,0.0415735361514194,0.0344635961008256,1,1,1.0,5,6.683978877006767,-34.0,5.0,3904.0498962402344,-825.6999969482422,0.0,0.0,Opened,3904.0498962402344,-825.6999969482422
2024-05-30,114.6500015258789,115.81900024414062,109.66300201416016,110.5,110.49092102050781,487350000,-0.03766598792240072,167.89999389648438,168.75,163.8000030517578,166.75,166.75,46479900,0.009749307353167369,-0.04741529527556809,0.04741529527556809,0.0515689308581597,0.034659238677576164,0,0,-1.0,5,0.39059615496828476,34.0,-5.0,-3757.0,833.75,147.04989624023438,8.050003051757812,Closed,-3757.0,833.75
2024-05-31,112.5199966430664,112.71700286865234,106.94000244140625,109.63300323486328,109.6240005493164,613263000,-0.007846124571373014,166.64999389648438,169.5,160.07000732421875,166.89999389648438,166.89999389648438,64331900,0.0008995136220952826,-0.008745638193468297,0.008745638193468297,0.040014525842399416,0.029730237134829716,0,0,0.0,5,0.17452898188306304,0.0,0.0,0.0,0.0,0.0,0.0,,0.0,0.0
2024-06-03,113.62100219726562,115.0,112.00299835205078,115.0,114.99055480957031,438392000,0.048954207280440754,170.82000732421875,171.0800018310547,160.91000366210938,163.5500030517578,163.5500030517578,59157600,-0.02007184522010419,0.06902605250054494,0.06902605250054494,0.043276467436635484,0.02677502430120584,1,1,1.0,5,0.5831093337452702,-3.0,5.0,345.0,-817.7500152587891,0.0,0.0,Opened,345.0,-817.7500152587891
2024-06-04,115.71600341796875,116.5999984741211,114.04499816894531,116.43699645996094,116.42742919921875,403324000,0.012495621390964606,162.83999633789062,164.8300018310547,158.8699951171875,159.99000549316406,159.99000549316406,48157200,-0.02176702838377287,0.034262649774737475,0.034262649774737475,0.03155579129175212,0.01900491748760205,1,1,0.0,5,2.3935535316042698,3.0,-5.0,-349.3109893798828,799.9500274658203,-4.3109893798828125,-17.79998779296875,Live,0.0,0.0
2024-06-05,118.37100219726562,122.4489974975586,117.46800231933594,122.44000244140625,122.42994689941406,528402000,0.05155582988186724,162.07000732421875,167.1199951171875,161.3800048828125,166.1699981689453,166.1699981689453,60507500,0.03862736710791159,0.012928462773955651,0.012928462773955651,0.03801273182840696,0.024766667994399402,1,1,0.0,5,1.0168259252845442,3.0,-5.0,-367.32000732421875,830.8499908447266,-22.32000732421875,13.0999755859375,Live,0.0,0.0
2024-06-06,124.0479965209961,125.58699798583984,118.31999969482422,120.99800109863281,120.9880599975586,664696000,-0.011777207726400563,165.4600067138672,169.50999450683594,163.86000061035156,166.77999877929688,166.77999877929688,47153700,0.0036709431129160475,-0.01544815083931661,0.01544815083931661,0.03027734747485871,0.024406308527885397,0,0,-1.0,5,0.4296364206887836,3.0,-5.0,-362.99400329589844,833.8999938964844,-17.994003295898438,16.149978637695312,Closed,-362.99400329589844,833.8999938964844
2024-06-07,119.7699966430664,121.69200134277344,118.02200317382812,120.88800048828125,120.8780746459961,412386000,-0.0009091109716919954,166.58999633789062,169.4499969482422,165.86000061035156,167.8699951171875,167.8699951171875,44796000,0.006535533912151115,-0.00744464488384311,0.00744464488384311,0.028885089899481662,0.024572134060779644,0,0,0.0,5,9.982838766605763,0.0,0.0,0.0,0.0,0.0,0.0,,0.0,0.0
2024-06-10,120.37000274658203,123.0999984741211,117.01000213623047,121.79000091552734,121.77999877929688,314162700,0.0074614554265337585,162.47999572753906,165.5500030517578,159.61000061035156,160.33999633789062,160.33999633789062,67575600,-0.04485613271174693,0.05231758813828069,0.05231758813828069,0.024068823606752464,0.031507327415458426,1,1,1.0,5,7.914591689004413,-40.0,5.0,4871.600036621094,-801.6999816894531,0.0,0.0,Opened,4871.600036621094,-801.6999816894531
2024-06-11,121.7699966430664,122.87000274658203,118.73999786376953,120.91000366210938,120.91000366210938,222551200,-0.007225529573879674,160.5,161.5399932861328,156.9199981689453,158.9600067138672,158.9600067138672,40497100,-0.008606646223911163,0.0013811166500314886,0.0013811166500314886,0.02549297576265284,0.030125255642651574,1,1,0.0,5,1.565993326076407,40.0,-5.0,-4836.400146484375,794.8000335693359,35.19989013671875,-6.8999481201171875,Live,0.0,0.0
2024-06-12,123.05999755859375,126.87999725341797,122.56999969482422,125.19999694824219,125.19999694824219,299595000,0.03548087963111368,160.32000732421875,162.24000549316406,158.6199951171875,160.24000549316406,160.24000549316406,48325800,0.008052332191963885,0.027428547439149797,0.027428547439149797,0.018709775883046745,0.02213205924034351,1,1,0.0,5,0.29046508613457095,40.0,-5.0,-5007.9998779296875,801.2000274658203,-136.39984130859375,-0.4999542236328125,Live,0.0,0.0
2024-06-13,129.38999938964844,129.8000030517578,127.16000366210938,129.61000061035156,129.61000061035156,260704500,0.035223672281178064,160.39999389648438,162.66000366210938,157.30999755859375,159.89999389648438,159.89999389648438,44442500,-0.002121889572040736,0.0373455618532188,0.0373455618532188,0.020170705979508843,0.021575768307387517,1,1,0.0,5,0.0743186960457015,40.0,-5.0,-5184.4000244140625,799.4999694824219,-312.79998779296875,-2.20001220703125,Live,0.0,0.0
2024-06-14,129.9600067138672,132.83999633789062,128.32000732421875,131.8800048828125,131.8800048828125,309320400,0.017514113585149094,158.5,161.33999633789062,157.61000061035156,159.6300048828125,159.6300048828125,34054000,-0.001688486704049863,0.019202600289198957,0.019202600289198957,0.018366972610950494,0.020456066177077216,1,1,0.0,5,0.11669306732182387,40.0,-5.0,-5275.2001953125,798.1500244140625,-403.60015869140625,-3.549957275390625,Live,0.0,0.0
2024-06-17,132.99000549316406,133.72999572753906,129.5800018310547,130.97999572753906,130.97999572753906,288504400,-0.00682445497384665,158.0,159.22999572753906,154.13999938964844,158.39999389648438,158.39999389648438,44507700,-0.007705387137155739,0.0008809321633090894,0.0008809321633090894,0.021242215630625026,0.006642730099248411,1,1,0.0,5,1.3654527594483234,40.0,-5.0,-5239.1998291015625,791.9999694824219,-367.59979248046875,-9.70001220703125,Live,0.0,0.0
2024-06-18,131.13999938964844,136.3300018310547,130.69000244140625,135.5800018310547,135.5800018310547,294335100,0.03511991337275977,156.99000549316406,157.24000549316406,153.33999633789062,154.6300048828125,154.6300048828125,51852000,-0.02380043660945841,0.05892034998221818,0.05892034998221818,0.018514976171846314,0.011719252667633078,1,1,0.0,5,0.7729112385991451,40.0,-5.0,-5423.2000732421875,773.1500244140625,-551.6000366210938,-28.549957275390625,Live,0.0,0.0
2024-06-20,139.8000030517578,140.75999450683594,129.52000427246094,130.77999877929688,130.77999877929688,517768400,-0.03540347386732645,155.82000732421875,166.82000732421875,155.5,161.77999877929688,161.77999877929688,93245700,0.04623936927314376,-0.08164284314047021,0.08164284314047021,0.030267241108196303,0.026207839103612622,0,0,-1.0,5,1.6156583231658628,40.0,-5.0,-5231.199951171875,808.8999938964844,-359.59991455078125,7.20001220703125,Closed,-5231.199951171875,808.8999938964844
2024-06-21,127.12000274658203,130.6300048828125,124.30000305175781,126.56999969482422,126.56999969482422,655484700,-0.032191459885065554,161.75,163.1999969482422,157.88999938964844,161.22999572753906,161.22999572753906,61334700,-0.003399697465124474,-0.02879176241994108,0.02879176241994108,0.03074695647379009,0.026266496604866154,0,0,0.0,5,0.13452861232656207,0.0,0.0,0.0,0.0,0.0,0.0,,0.0,0.0
2024-06-24,123.23999786376953,124.45999908447266,118.04000091552734,118.11000061035156,118.11000061035156,476060900,-0.06684047645469504,159.75,163.39999389648438,158.19000244140625,160.25,160.25,45954100,-0.006078246936104592,-0.06076222951859045,0.06076222951859045,0.038026927864109696,0.02649005381527864,0,1,1.0,5,0.12338153507216763,1.0,-5.0,-118.11000061035156,801.25,0.0,0.0,Opened,-118.11000061035156,801.25
2024-06-25,121.19999694824219,126.5,119.31999969482422,126.08999633789062,126.08999633789062,425787500,0.06756409860554746,160.72999572753906,161.0,156.4499969482422,160.25,160.25,40975300,0.0,0.06756409860554746,0.06756409860554746,0.055574343949997905,0.026074152138189147,1,0,-1.0,5,0.0,-1.0,5.0,126.08999633789062,-801.25,7.9799957275390625,0.0,Closed,126.08999633789062,-801.25
2024-06-26,126.12999725341797,128.1199951171875,122.5999984741211,126.4000015258789,126.4000015258789,362975900,0.0024586025615984664,160.60000610351562,160.74000549316406,156.0,157.5399932861328,157.5399932861328,36973400,-0.01691111833926484,0.019369720900863308,0.019369720900863308,0.05123108937417814,0.02446303992273538,1,0,0.0,5,8.572899692586436,0.0,0.0,0.0,0.0,0.0,0.0,,0.0,0.0
2024-06-27,124.0999984741211,126.41000366210938,122.91999816894531,123.98999786376953,123.98999786376953,252571700,-0.019066484438419518,157.17999267578125,160.61000061035156,156.80999755859375,159.47000122070312,159.47000122070312,34018200,0.012250907812754175,-0.03131739225117369,0.03131739225117369,0.04994038294500555,0.010542725091736337,0,0,0.0,5,0.826399400687306,0.0,0.0,0.0,0.0,0.0,0.0,,0.0,0.0
2024-06-28,124.58000183105469,127.70999908447266,122.75,123.54000091552734,123.54000091552734,315516700,-0.003629300395154522,160.22999572753906,166.4499969482422,159.41000366210938,162.2100067138672,162.2100067138672,56204600,0.017181949408603625,-0.020811249803758147,0.020811249803758147,0.04831963442562792,0.013783426817429143,0,0,0.0,5,6.216122465005298,0.0,0.0,0.0,0.0,0.0,0.0,,0.0,0.0
2024-07-01,123.47000122070312,124.83999633789062,118.83000183105469,124.30000305175781,124.30000305175781,284885500,0.006151870896861533,161.25,161.50999450683594,153.63999938964844,157.69000244140625,157.69000244140625,50436700,-0.02786513831069659,0.034017009207558124,0.034017009207558124,0.03321710468997435,0.01910936944976308,1,1,1.0,5,5.74628300008663,-29.0,5.0,3604.7000885009766,-788.4500122070312,0.0,0.0,Opened,3604.7000885009766,-788.4500122070312
2024-07-02,121.12999725341797,123.41000366210938,121.02999877929688,122.66999816894531,122.66999816894531,218374000,-0.013113474197854802,157.0399932861328,164.5800018310547,156.6999969482422,164.30999755859375,164.30999755859375,57838600,0.041981070547876476,-0.05509454474573128,0.05509454474573128,0.010542785572314979,0.027965394526491855,0,0,-1.0,5,4.288065134554838,29.0,-5.0,-3557.429946899414,821.5499877929688,47.2701416015625,33.0999755859375,Closed,-3557.429946899414,821.5499877929688
2024-07-03,121.66000366210938,128.27999877929688,121.36000061035156,128.27999877929688,128.27999877929688,215749000,0.0457324585806651,164.1999969482422,165.25999450683594,162.50999450683594,163.89999389648438,163.89999389648438,26980900,-0.0024953056308284483,0.04822776421149355,0.04822776421149355,0.02562365879968681,0.02575523824607966,1,1,1.0,5,0.06971386918782234,-1.0,5.0,128.27999877929688,-819.4999694824219,0.0,0.0,Opened,128.27999877929688,-819.4999694824219
2024-07-05,127.37999725341797,128.85000610351562,125.68000030517578,125.83000183105469,125.83000183105469,214176700,-0.019098822665701398,165.97000122070312,174.0399932861328,165.67999267578125,171.89999389648438,171.89999389648438,61857100,0.048810251970190066,-0.06790907463589146,0.06790907463589146,0.025630691982791647,0.03169389782321745,0,0,-1.0,5,3.491371895587083,1.0,-5.0,-125.83000183105469,859.4999694824219,2.4499969482421875,40.0,Closed,-125.83000183105469,859.4999694824219
2024-07-08,127.48999786376953,130.77000427246094,127.04000091552734,128.1999969482422,128.1999969482422,237677300,0.01883489694587759,174.89999389648438,178.9499969482422,173.22000122070312,178.69000244140625,178.69000244140625,60223400,0.039499760244382065,-0.020664863298504477,0.020664863298504477,0.02609706944397219,0.03350577565635816,0,0,0.0,5,2.923098507214682,0.0,0.0,0.0,0.0,0.0,0.0,,0.0,0.0
2024-07-09,130.35000610351562,133.82000732421875,128.64999389648438,131.3800048828125,131.3800048828125,285366600,0.024805054682287997,177.97000122070312,180.41000366210938,174.6999969482422,177.10000610351562,177.10000610351562,43395600,-0.008898071051356093,0.03370312573364409,0.03370312573364409,0.02713288765414662,0.027217417940995733,1,1,1.0,5,0.48355400315750574,-3.0,5.0,394.1400146484375,-885.5000305175781,0.0,0.0,Opened,394.1400146484375,-885.5000305175781
2024-07-10,134.02999877929688,135.10000610351562,132.4199981689453,134.91000366210938,134.91000366210938,248978600,0.026868615071566904,179.99000549316406,187.27999877929688,177.8000030517578,183.9600067138672,183.9600067138672,90247000,0.038735179977023027,-0.011866564905456123,0.011866564905456123,0.023774292028882718,0.026708704840890135,0,0,-1.0,5,1.9658010347442794,3.0,-5.0,-404.7300109863281,919.8000335693359,-10.589996337890625,34.30000305175781,Closed,-404.7300109863281,919.8000335693359
2024-07-11,135.75,136.14999389648438,127.05000305175781,127.4000015258789,127.4000015258789,374782700,-0.055666755113577326,184.07000732421875,187.11000061035156,177.25,181.94000244140625,181.94000244140625,59231400,-0.01098067079114029,-0.044686084322437036,0.044686084322437036,0.03588835040804252,0.028921908253012496,0,1,1.0,5,0.2817031658998348,2.0,-5.0,-254.8000030517578,909.7000122070312,0.0,0.0,Opened,-254.8000030517578,909.7000122070312
2024-07-12,128.25999450683594,131.9199981689453,127.22000122070312,129.24000549316406,129.24000549316406,252680500,0.014442731124389985,182.02000427246094,186.99000549316406,179.69000244140625,181.61000061035156,181.61000061035156,50827400,-0.0018137948039269602,0.016256525928316945,0.016256525928316945,0.03474129306556689,0.025613849758763067,1,0,-1.0,5,0.17647436151392065,-2.0,5.0,258.4800109863281,-908.0500030517578,3.6800079345703125,1.6500091552734375,Closed,258.4800109863281,-908.0500030517578
2024-07-15,130.55999755859375,131.38999938964844,127.18000030517578,128.44000244140625,128.44000244140625,208326200,-0.006190057395193516,184.4499969482422,185.5,178.5399932861328,179.8300018310547,179.8300018310547,42202700,-0.009801215645144468,0.003611158249950952,0.003611158249950952,0.034202636275593085,0.021148469164690105,1,0,0.0,5,2.216905149909962,0.0,0.0,0.0,0.0,0.0,0.0,,0.0,0.0
2024-07-16,128.44000244140625,129.0399932861328,124.58000183105469,126.36000061035156,126.36000061035156,214769500,-0.01619434593209057,179.69000244140625,179.75,174.52999877929688,177.5500030517578,177.5500030517578,40633100,-0.012678634021473623,-0.0035157119106169477,0.0035157119106169477,0.03185872515119009,0.02167195896962271,0,0,0.0,5,1.1000694863582672,0.0,0.0,0.0,0.0,0.0,0.0,,0.0,0.0
2024-07-17,121.3499984741211,121.8499984741211,116.72000122070312,117.98999786376953,117.98999786376953,390086200,-0.0662393376555298,169.8000030517578,169.8000030517578,159.3699951171875,159.42999267578125,159.42999267578125,76954200,-0.10205581562673571,0.03581647797120591,0.03581647797120591,0.03399821759051824,0.04190511038244426,1,0,0.0,5,2.0818364571198167,0.0,0.0,0.0,0.0,0.0,0.0,,0.0,0.0
2024-07-18,121.8499984741211,122.4000015258789,116.55999755859375,121.08999633789062,121.08999633789062,320979500,0.026273400544513326,163.41000366210938,163.41000366210938,153.1999969482422,155.77000427246094,155.77000427246094,69420300,-0.022956711857619605,0.04923011240213293,0.04923011240213293,0.035805306018229684,0.041061036781085546,1,1,1.0,5,1.1240068608535279,-6.0,5.0,726.5399780273438,-778.8500213623047,0.0,0.0,Opened,726.5399780273438,-778.8500213623047
2024-07-19,120.3499984741211,121.5999984741211,117.37000274658203,117.93000030517578,117.93000030517578,217223800,-0.02609626004031884,154.86000061035156,155.80999755859375,150.6199951171875,151.5800018310547,151.5800018310547,47513100,-0.026898647534716713,0.0008023874943978715,0.0008023874943978715,0.03352226737851563,0.038210937741493166,1,1,0.0,5,1.324859368747918,6.0,-5.0,-707.5800018310547,757.9000091552734,18.959976196289062,-20.95001220703125,Live,0.0,0.0
2024-07-22,120.3499984741211,124.06999969482422,119.86000061035156,123.54000091552734,123.54000091552734,258068900,0.04757059777693695,154.22999572753906,156.6999969482422,152.5399932861328,155.8699951171875,155.8699951171875,43912500,0.02830184215800635,0.0192687556189306,0.0192687556189306,0.04484292550104771,0.04720380654285446,1,1,0.0,5,0.750638814234137,6.0,-5.0,-741.2400054931641,779.3499755859375,-14.700027465820312,0.4999542236328125,Live,0.0,0.0
2024-07-23,122.77999877929688,124.69000244140625,122.0999984741211,122.58999633789062,122.58999633789062,173911000,-0.007689854060194623,154.9499969482422,157.0500030517578,153.8000030517578,154.0,154.0,31950600,-0.011997146184431373,0.00430729212423675,0.00430729212423675,0.04456444250980912,0.04725737962486104,1,1,0.0,5,1.9598622227393498,6.0,-5.0,-735.5399780273438,770.0,-9.0,-8.850021362304688,Live,0.0,0.0
2024-07-24,119.16999816894531,119.94999694824219,113.44000244140625,114.25,114.25,327776900,-0.06803162237564131,152.72000122070312,153.67999267578125,144.52999877929688,144.6300048828125,144.6300048828125,49203100,-0.060844124137581224,-0.007187498238060086,0.007187498238060086,0.04518074155649412,0.032075714735318075,0,0,-1.0,5,1.1321657380431205,6.0,-5.0,-685.5,723.1500244140625,41.03997802734375,-55.69999694824219,Closed,-685.5,723.1500244140625
2024-07-25,113.04000091552734,116.62999725341797,106.30000305175781,112.27999877929688,112.27999877929688,460067000,-0.01724289908711707,144.07000732421875,144.75,136.80999755859375,138.32000732421875,138.32000732421875,60578500,-0.043628551099797575,0.026385652012680505,0.026385652012680505,0.04155287152492052,0.03400681996998282,1,0,0.0,5,3.1170452563437787,0.0,0.0,0.0,0.0,0.0,0.0,,0.0,0.0
2024-07-26,116.19000244140625,116.19999694824219,111.58000183105469,113.05999755859375,113.05999755859375,293399100,0.006946907621811382,140.32000732421875,141.2899932861328,138.27000427246094,139.99000549316406,139.99000549316406,49435800,0.012073438985806817,-0.005126531363995435,0.005126531363995435,0.041834023238714046,0.037209124607293656,0,0,0.0,5,2.151926960984228,0.0,0.0,0.0,0.0,0.0,0.0,,0.0,0.0
2024-07-29,113.69000244140625,116.27999877929688,111.30000305175781,111.58999633789062,111.58999633789062,248152100,-0.01300195694716244,141.19000244140625,144.58999633789062,138.75,139.75,139.75,47447200,-0.0017144473444269392,-0.011287509602735502,0.011287509602735502,0.02846530422269152,0.030191865829268416,0,0,0.0,5,0.1651360836944918,0.0,0.0,0.0,0.0,0.0,0.0,,0.0,0.0
2024-07-30,111.5199966430664,111.98999786376953,102.54000091552734,103.7300033569336,103.7300033569336,486833300,-0.07043635844522522,139.8800048828125,141.6999969482422,134.0500030517578,138.44000244140625,138.44000244140625,68801700,-0.009373864462209336,-0.061062493983015886,0.061062493983015886,0.03489472395947422,0.030414223589110966,0,1,1.0,5,0.17761473048400636,1.0,-5.0,-103.7300033569336,692.2000122070312,0.0,0.0,Opened,-103.7300033569336,692.2000122070312
2024-07-31,112.9000015258789,118.33999633789062,110.87999725341797,117.0199966430664,117.0199966430664,473174200,0.12812101471164627,150.72999572753906,153.60000610351562,140.02999877929688,144.47999572753906,144.47999572753906,114306800,0.04362895969096203,0.08449205502068424,0.08449205502068424,0.07357719389398096,0.03179354860749663,1,0,-1.0,5,0.4204381600283956,-1.0,5.0,117.0199966430664,-722.3999786376953,13.289993286132812,-30.199966430664062,Closed,117.0199966430664,-722.3999786376953
2024-08-01,117.52999877929688,120.16000366210938,106.80999755859375,109.20999908447266,109.20999908447266,523462300,-0.06674070913209607,145.0,147.2899932861328,130.24000549316406,132.5399932861328,132.5399932861328,94731900,-0.0826412153549807,0.015900506222884636,0.015900506222884636,0.08062604818744608,0.04658438765428806,1,0,0.0,5,1.5027627433781914,0.0,0.0,0.0,0.0,0.0,0.0,,0.0,0.0
