Date,NVDA_Close,NVDA_dailyReturns,AMD_Close,AMD_dailyReturns,spread,abs_sprd,NVDA_rolling avg,AMD_rolling avg,isSprdPos,signal,axe,leverage,ratio,NVDA_Size,AMD_Size,NVDA_Cashflow,AMD_Cashflow,NVDA_MTM,AMD_MTM,Live Trades,NVDA_PnL,AMD_PnL,Total PnL,riskThreshold,grossCashflow,totalMTM,totalMTM in %,isStoppedOut,Adjusted PnL,Gross Capital
2023-01-04,14.74899959564209,0.03031785036539758,64.66000366210938,0.009996986138740782,0.0203208642266568,0.0203208642266568,,,1,0,,5,1.4455857082860097,0.0,0.0,0.0,0.0,0.0,0.0,,0.0,0.0,0.0,,0.0,0.0,0.0,0,0.0,0.0
2023-01-05,14.265000343322754,-0.032815734326980706,62.33000183105469,-0.03603466902399921,0.003218934697018505,0.003218934697018505,,,1,0,0.0,5,4.798038888302409,0.0,0.0,0.0,0.0,0.0,0.0,,0.0,0.0,0.0,,0.0,0.0,0.0,0,0.0,0.0
2023-01-06,14.859000205993652,0.04164036791972059,63.959999084472656,0.02615108624312379,0.0154892816765968,0.0154892816765968,,,1,0,0.0,5,2.7032986962895613,0.0,0.0,0.0,0.0,0.0,0.0,,0.0,0.0,0.0,,0.0,0.0,0.0,0,0.0,0.0
2023-01-09,15.628000259399414,0.051753149118038966,67.23999786376953,0.05128203293069067,0.0004711161873482972,0.0004711161873482972,,,1,0,0.0,5,4.263367136587443,0.0,0.0,0.0,0.0,0.0,0.0,,0.0,0.0,0.0,,0.0,0.0,0.0,0,0.0,0.0
2023-01-10,15.909000396728516,0.017980556223762267,68.05000305175781,0.012046478490814083,0.005934077732948184,0.005934077732948184,0.03301836094183792,0.031828861315566094,1,0,0.0,5,2.865776014569374,0.0,0.0,0.0,0.0,0.0,0.0,,0.0,0.0,0.0,0.03301836094183792,0.0,0.0,0.0,0,0.0,0.0
2023-01-11,16.000999450683594,0.0057828305777147815,69.05999755859375,0.014841946532577754,-0.009059115954862973,0.009059115954862973,0.033253706786650364,0.03180017744286272,0,0,0.0,5,11.07719605445175,0.0,0.0,0.0,0.0,0.0,0.0,,0.0,0.0,0.0,0.033253706786650364,0.0,0.0,0.0,0,0.0,0.0
2023-01-12,16.51099967956543,0.03187302333542963,70.80000305175781,0.025195562622019496,0.006677460713410133,0.006677460713410133,0.01832318199395018,0.01548392245347445,1,0,0.0,5,3.3896956608309843,0.0,0.0,0.0,0.0,0.0,0.0,,0.0,0.0,0.0,0.01832318199395018,0.0,0.0,0.0,0,0.0,0.0
2023-01-13,16.89900016784668,0.02349951522084104,71.0,0.0028248155313777,0.02067469968946334,0.02067469968946334,0.017152673581472523,0.018592640656959418,1,1,1.0,5,0.5050431995663566,-3.0,5.0,50.69700050354004,-355.0,0.0,0.0,Opened,50.69700050354004,-355.0,0.0,0.018592640656959418,405.69700050354004,0.0,0.0,0,0.0,405.69700050354004
2023-01-17,17.70199966430664,0.04751757432299497,71.58999633789062,0.008309807575924255,0.039207766747070716,0.039207766747070716,0.015608943245998305,0.00833563633414143,1,1,0.0,5,0.7072398390020985,3.0,-5.0,-53.10599899291992,357.9499816894531,-2.408998489379883,2.949981689453125,Live,0.0,0.0,0.0,0.015608943245998305,411.05598068237305,0.5409832000732422,0.0013160815691701739,0,0.0,0.0
2023-01-18,17.37700080871582,-0.018359443099873696,70.52999877929688,-0.014806503880664734,-0.0035529392192089615,0.0035529392192089615,0.025324105674110996,0.01489020658945784,0,0,-1.0,5,3.2733472256812006,3.0,-5.0,-52.13100242614746,352.6499938964844,-1.4340019226074219,-2.350006103515625,Closed,-52.13100242614746,352.6499938964844,-3.784008026123047,0.025324105674110996,404.78099632263184,-3.784008026123047,-0.009348284777447884,0,-3.784008026123047,0.0
2023-01-19,16.764999389648438,-0.0352190476253198,67.70999908447266,-0.03998298232853492,0.0047639347032151225,0.0047639347032151225,0.03506123198197541,0.02480711157504082,1,0,0.0,5,4.585079213847439,0.0,0.0,0.0,0.0,0.0,0.0,,0.0,0.0,0.0,0.03506123198197541,0.0,0.0,0.0,0,0.0,0.0
2023-01-20,17.839000701904297,0.06406211460520561,70.06999969482422,0.034854536143285264,0.029207578461920347,0.029207578461920347,0.0423174869932608,0.02781300710384963,1,0,0.0,5,2.1370743429187513,0.0,0.0,0.0,0.0,0.0,0.0,,0.0,0.0,0.0,0.0423174869932608,0.0,0.0,0.0,0,0.0,0.0
2023-01-23,19.19300079345703,0.07590111767909713,76.52999877929688,0.09219350810058335,-0.016292390421486225,0.016292390421486225,0.05028503377999731,0.05075222569805296,0,0,0.0,5,4.8432958094942204,0.0,0.0,0.0,0.0,0.0,0.0,,0.0,0.0,0.0,0.05075222569805296,0.0,0.0,0.0,0,0.0,0.0
2023-01-24,19.264999389648438,0.0037512943893562856,74.69999694824219,-0.023912215604918408,0.027663509994274693,0.027663509994274693,0.049577101250208484,0.05393670676954876,1,0,0.0,5,24.71668682543023,0.0,0.0,0.0,0.0,0.0,0.0,,0.0,0.0,0.0,0.05393670676954876,0.0,0.0,0.0,0,0.0,0.0
2023-01-25,19.322999954223633,0.003010670460044773,74.91000366210938,0.0028113349725127357,0.00019933548753203745,0.00019933548753203745,0.04648044636951806,0.05249419853311941,1,0,0.0,5,3.620050585163504,0.0,0.0,0.0,0.0,0.0,0.0,,0.0,0.0,0.0,0.05249419853311941,0.0,0.0,0.0,0,0.0,0.0
2023-01-26,19.802000045776367,0.024789116218366214,75.16000366210938,0.0033373379759484845,0.02145177824241773,0.02145177824241773,0.03398212355343065,0.04448791030281038,1,0,0.0,5,0.5109952724396573,0.0,0.0,0.0,0.0,0.0,0.0,,0.0,0.0,0.0,0.04448791030281038,0.0,0.0,0.0,0,0.0,0.0
2023-01-27,20.364999771118164,0.028431457632577928,75.4000015258789,0.0031931592878635673,0.02523829834471436,0.02523829834471436,0.029639882181539713,0.04442860786623827,1,0,0.0,5,0.415822899876091,0.0,0.0,0.0,0.0,0.0,0.0,,0.0,0.0,0.0,0.04442860786623827,0.0,0.0,0.0,0,0.0,0.0
2023-01-30,19.16200065612793,-0.059071894353583065,72.44999694824219,-0.03912472835460368,-0.019947165998979388,0.019947165998979388,0.035125871021623664,0.019717651449243118,0,0,0.0,5,2.5041939255713843,0.0,0.0,0.0,0.0,0.0,0.0,,0.0,0.0,0.0,0.035125871021623664,0.0,0.0,0.0,0,0.0,0.0
2023-01-31,19.53700065612793,0.019569981586451846,75.1500015258789,0.037267145498509624,-0.01769716391205778,0.01769716391205778,0.036222958802580606,0.027099904981395095,0,0,0.0,5,7.324986263248904,0.0,0.0,0.0,0.0,0.0,0.0,,0.0,0.0,0.0,0.036222958802580606,0.0,0.0,0.0,0,0.0,0.0
2023-02-01,20.94300079345703,0.07196601781799594,84.63999938964844,0.12628074079947327,-0.054314722981477326,0.054314722981477326,0.04745012072875731,0.062165046706068997,0,0,0.0,5,7.091635269878233,0.0,0.0,0.0,0.0,0.0,0.0,,0.0,0.0,0.0,0.062165046706068997,0.0,0.0,0.0,0,0.0,0.0
2023-02-02,21.708999633789062,0.036575409984768825,88.30999755859375,0.04336009210078218,-0.006784682116013352,0.006784682116013352,0.048211956241384274,0.06105349568801102,0,0,0.0,5,4.822486876811504,0.0,0.0,0.0,0.0,0.0,0.0,,0.0,0.0,0.0,0.06105349568801102,0.0,0.0,0.0,0,0.0,0.0
2023-02-03,21.100000381469727,-0.02805284732565272,86.08999633789062,-0.025138730405129373,-0.0029141169205233464,0.0029141169205233464,0.05205843369481952,0.06578178234901441,0,0,0.0,5,3.656256189002421,0.0,0.0,0.0,0.0,0.0,0.0,,0.0,0.0,0.0,0.06578178234901441,0.0,0.0,0.0,0,0.0,0.0
2023-02-06,21.089000701904297,-0.0005213118183206022,83.68000030517578,-0.027993914917314733,0.02747260309899413,0.02747260309899413,0.03776755779514862,0.06305158135148574,1,0,0.0,5,213.07462829533773,0.0,0.0,0.0,0.0,0.0,0.0,,0.0,0.0,0.0,0.06305158135148574,0.0,0.0,0.0,0,0.0,0.0
2023-02-07,22.17300033569336,0.05140118534356053,85.91000366210938,0.026649179598481343,0.024752005745079186,0.024752005745079186,0.04029469586233338,0.06295615645140322,1,0,0.0,5,2.0087689347353805,0.0,0.0,0.0,0.0,0.0,0.0,,0.0,0.0,0.0,0.06295615645140322,0.0,0.0,0.0,0,0.0,0.0
2023-02-08,22.204999923706055,0.0014431780782135917,84.69000244140625,-0.014200921530646005,0.015644099608859596,0.015644099608859596,0.031736105177434915,0.03242732525230404,1,0,0.0,5,37.529948952812504,0.0,0.0,0.0,0.0,0.0,0.0,,0.0,0.0,0.0,0.03242732525230404,0.0,0.0,0.0,0,0.0,0.0
2023-02-09,22.336999893188477,0.005944605716548423,83.20999908447266,-0.017475538012382885,0.02342014372893131,0.02342014372893131,0.02865375200258727,0.022115260747847535,1,0,0.0,5,10.951110859231692,0.0,0.0,0.0,0.0,0.0,0.0,,0.0,0.0,0.0,0.02865375200258727,0.0,0.0,0.0,0,0.0,0.0
2023-02-10,21.264999389648438,-0.04799214346895975,81.4800033569336,-0.020790719223332976,-0.02720142424562677,0.02720142424562677,0.03522038940227047,0.021529097944019616,0,0,0.0,5,1.659911866886365,0.0,0.0,0.0,0.0,0.0,0.0,,0.0,0.0,0.0,0.03522038940227047,0.0,0.0,0.0,0,0.0,0.0
2023-02-13,21.788000106811523,0.02459443838111164,83.12999725341797,0.020250292446066354,0.004344145935045285,0.004344145935045285,0.036527821159436646,0.022657051070034327,1,0,0.0,5,3.1414835295948196,0.0,0.0,0.0,0.0,0.0,0.0,,0.0,0.0,0.0,0.036527821159436646,0.0,0.0,0.0,0,0.0,0.0
2023-02-14,22.97100067138672,0.05429596836679651,85.94999694824219,0.0339227690123407,0.020373199354455807,0.020373199354455807,0.03741804790104724,0.024997805910865988,1,0,0.0,5,2.337704770534656,0.0,0.0,0.0,0.0,0.0,0.0,,0.0,0.0,0.0,0.03741804790104724,0.0,0.0,0.0,0,0.0,0.0
2023-02-15,22.763999938964844,-0.009011393773529441,85.18000030517578,-0.008958658178080947,-5.2735595448494266e-05,5.2735595448494266e-05,0.038137284142870966,0.024336594081351002,0,0,0.0,5,3.719975333104945,0.0,0.0,0.0,0.0,0.0,0.0,,0.0,0.0,0.0,0.038137284142870966,0.0,0.0,0.0,0,0.0,0.0
2023-02-16,22.00200080871582,-0.03347386805008379,80.08000183105469,-0.059873191545541715,0.026399323495457927,0.026399323495457927,0.04192564181928791,0.036765492358337856,1,0,0.0,5,6.510111203467041,0.0,0.0,0.0,0.0,0.0,0.0,,0.0,0.0,0.0,0.04192564181928791,0.0,0.0,0.0,0,0.0,0.0
2023-02-17,21.38800048828125,-0.027906567487777867,78.5,-0.019730292144448547,-0.00817627534332932,0.00817627534332932,0.03714490202372156,0.03666963280985195,0,0,0.0,5,2.5949354899947052,0.0,0.0,0.0,0.0,0.0,0.0,,0.0,0.0,0.0,0.03714490202372156,0.0,0.0,0.0,0,0.0,0.0
2023-02-21,20.655000686645508,-0.03427154408554278,76.7699966430664,-0.022038259323994835,-0.012233284761547947,0.012233284761547947,0.03740219708094504,0.03359645936130969,0,0,0.0,5,2.3900661724919874,0.0,0.0,0.0,0.0,0.0,0.0,,0.0,0.0,0.0,0.03740219708094504,0.0,0.0,0.0,0,0.0,0.0
2023-02-22,20.753999710083008,0.0047929808833899745,76.61000061035156,-0.0020840958670185206,0.006877076750408495,0.006877076750408495,0.017198647537814603,0.022387553486418067,1,0,0.0,5,1.6050761995937186,0.0,0.0,0.0,0.0,0.0,0.0,,0.0,0.0,0.0,0.022387553486418067,0.0,0.0,0.0,0,0.0,0.0
2023-02-23,23.663999557495117,0.14021392926965937,79.75,0.040986808048976364,0.099227121220683,0.099227121220683,0.0746149312782971,0.03659505793021856,1,1,1.0,5,0.9851343924387677,-5.0,5.0,118.31999778747559,-398.75,0.0,0.0,Opened,118.31999778747559,-398.75,0.0,0.0746149312782971,517.0699977874756,0.0,0.0,0,0.0,517.0699977874756
2023-02-24,23.285999298095703,-0.015973642092115825,78.08999633789062,-0.020815092941810387,0.004841450849694562,0.004841450849694562,0.07245251672963673,0.026834408767939483,1,1,0.0,5,4.369934500221289,5.0,-5.0,-116.42999649047852,390.4499816894531,1.8900012969970703,-8.300018310546875,Live,0.0,0.0,0.0,0.07245251672963673,506.87997817993164,-6.410017013549805,-0.012646025271241597,0,0.0,0.0
2023-02-27,23.500999450683594,0.009233022376904154,78.7699966430664,0.00870790545607747,0.0005251169208266848,0.0005251169208266848,0.06898347963664324,0.02585786224972025,1,1,0.0,5,3.161144232183706,5.0,-5.0,-117.50499725341797,393.84998321533203,0.8150005340576172,-4.900016784667969,Live,0.0,0.0,0.0,0.06898347963664324,511.35498046875,-4.085016250610352,-0.007988611447307484,0,0.0,0.0
2023-02-28,23.215999603271484,-0.01212713731644377,78.58000183105469,-0.0024120200597779196,-0.00971511725666585,0.00971511725666585,0.06516934639909397,0.022804957697463466,0,0,-1.0,5,0.673204898033786,5.0,-5.0,-116.07999801635742,392.90000915527344,2.239999771118164,-5.8499908447265625,Closed,-116.07999801635742,392.90000915527344,-3.6099910736083984,0.06516934639909397,508.98000717163086,-3.6099910736083984,-0.007092598968020151,0,-3.6099910736083984,0.0
2023-03-01,22.697999954223633,-0.02231218374826549,78.29000091552734,-0.0036905180551005667,-0.018621665693164924,0.018621665693164924,0.06834417812258697,0.022938465581658334,0,0,0.0,5,0.5705109230537466,0.0,0.0,0.0,0.0,0.0,0.0,,0.0,0.0,0.0,0.06834417812258697,0.0,0.0,0.0,0,0.0,0.0
2023-03-02,23.31399917602539,0.027138920743857486,80.44000244140625,0.02746201942440507,-0.0003230986805475844,0.0003230986805475844,0.020508522115320903,0.017787460460658967,0,0,0.0,5,3.4913645312165613,0.0,0.0,0.0,0.0,0.0,0.0,,0.0,0.0,0.0,0.020508522115320903,0.0,0.0,0.0,0,0.0,0.0
2023-03-03,23.889999389648438,0.024706195160861366,81.5199966430664,0.013426083650940335,0.011280111509921031,0.011280111509921031,0.021995121545727934,0.012760791717300152,1,0,0.0,5,1.8543490898976165,0.0,0.0,0.0,0.0,0.0,0.0,,0.0,0.0,0.0,0.021995121545727934,0.0,0.0,0.0,0,0.0,0.0
2023-03-06,23.554000854492188,-0.014064401161175355,81.16000366210938,-0.00441600828976052,-0.009648392871414835,0.009648392871414835,0.023384784044626516,0.0140436741283436,0,0,0.0,5,1.0818972231383,0.0,0.0,0.0,0.0,0.0,0.0,,0.0,0.0,0.0,0.023384784044626516,0.0,0.0,0.0,0,0.0,0.0
2023-03-07,23.288000106811523,-0.011293229941015892,82.11000061035156,0.01170523540384849,-0.022998465344864383,0.022998465344864383,0.02327342065978214,0.01331109059096147,0,0,0.0,5,3.654482127378844,0.0,0.0,0.0,0.0,0.0,0.0,,0.0,0.0,0.0,0.02327342065978214,0.0,0.0,0.0,0,0.0,0.0
2023-03-08,24.180999755859375,0.038345913987979374,85.37000274658203,0.03970286337836759,-0.001356949390388218,0.001356949390388218,0.023989563985297904,0.01675311593616007,0,0,0.0,5,3.65539049515908,0.0,0.0,0.0,0.0,0.0,0.0,,0.0,0.0,0.0,0.023989563985297904,0.0,0.0,0.0,0,0.0,0.0
2023-03-09,23.43600082397461,-0.030809269236448444,84.02999877929688,-0.015696426428178922,-0.015112842808269522,0.015112842808269522,0.028921788811530864,0.020972968355675387,0,0,0.0,5,1.826712682345544,0.0,0.0,0.0,0.0,0.0,0.0,,0.0,0.0,0.0,0.028921788811530864,0.0,0.0,0.0,0,0.0,0.0
2023-03-10,22.96500015258789,-0.0200973141673938,82.66999816894531,-0.016184703440536463,-0.003912610726857335,0.003912610726857335,0.026745593781443918,0.023428002621835732,0,0,0.0,5,2.8989998963169405,0.0,0.0,0.0,0.0,0.0,0.0,,0.0,0.0,0.0,0.026745593781443918,0.0,0.0,0.0,0,0.0,0.0
2023-03-13,22.965999603271484,4.352060426526805e-05,82.01000213623047,-0.007983501237850188,0.008027021842115456,0.008027021842115456,0.02663491287988137,0.02376309263960174,1,0,0.0,5,655.0582949673018,0.0,0.0,0.0,0.0,0.0,0.0,,0.0,0.0,0.0,0.02663491287988137,0.0,0.0,0.0,0,0.0,0.0
2023-03-14,24.062999725341797,0.047766269312050635,87.44999694824219,0.06633330899047052,-0.018567039678419883,0.018567039678419883,0.03484480056630998,0.03765882827289551,0,0,0.0,5,5.0468497085165955,0.0,0.0,0.0,0.0,0.0,0.0,,0.0,0.0,0.0,0.03765882827289551,0.0,0.0,0.0,0,0.0,0.0
2023-03-15,24.22800064086914,0.00685703849938446,89.68000030517578,0.025500325154424353,-0.018643286655039892,0.018643286655039892,0.030327061241296707,0.03564504779536399,0,0,0.0,5,13.765346721893758,0.0,0.0,0.0,0.0,0.0,0.0,,0.0,0.0,0.0,0.03564504779536399,0.0,0.0,0.0,0,0.0,0.0
2023-03-16,25.541000366210938,0.05419348235970234,96.5999984741211,0.07716322642057283,-0.02296974406087049,0.02296974406087049,0.03199101048991734,0.04223491144923934,0,0,0.0,5,5.385208665594002,0.0,0.0,0.0,0.0,0.0,0.0,,0.0,0.0,0.0,0.04223491144923934,0.0,0.0,0.0,0,0.0,0.0
2023-03-17,25.725000381469727,0.007204103700738651,97.83999633789062,0.01283641701197058,-0.005632313311231929,0.005632313311231929,0.02560898442871588,0.03601492372369472,0,0,0.0,5,6.776803602415218,0.0,0.0,0.0,0.0,0.0,0.0,,0.0,0.0,0.0,0.03601492372369472,0.0,0.0,0.0,0,0.0,0.0
2023-03-20,25.899999618530273,0.006802691330049626,96.80999755859375,-0.010527379577363938,0.017330070907413564,0.017330070907413564,0.024220952160973936,0.03677973341661113,1,0,0.0,5,5.784421987655956,0.0,0.0,0.0,0.0,0.0,0.0,,0.0,0.0,0.0,0.03677973341661113,0.0,0.0,0.0,0,0.0,0.0
2023-03-21,26.198999404907227,0.01154439346643965,95.93000030517578,-0.009089941902801435,0.020634335369241086,0.020634335369241086,0.020708875117550415,0.03579092083769238,1,0,0.0,5,2.883100145201482,0.0,0.0,0.0,0.0,0.0,0.0,,0.0,0.0,0.0,0.03579092083769238,0.0,0.0,0.0,0,0.0,0.0
2023-03-22,26.468000411987305,0.01026760613726685,97.58000183105469,0.017200057548523606,-0.006932451411256757,0.006932451411256757,0.02033078948354135,0.03561634883647022,0,0,0.0,5,6.175901891135868,0.0,0.0,0.0,0.0,0.0,0.0,,0.0,0.0,0.0,0.03561634883647022,0.0,0.0,0.0,0,0.0,0.0
2023-03-23,27.19099998474121,0.027315987664351837,100.27999877929688,0.027669572633507666,-0.00035358496915582904,0.00035358496915582904,0.008453335298203567,0.01680419136971577,0,0,0.0,5,3.7357231508659314,0.0,0.0,0.0,0.0,0.0,0.0,,0.0,0.0,0.0,0.01680419136971577,0.0,0.0,0.0,0,0.0,0.0
2023-03-24,26.77899932861328,-0.01515209651572702,97.94999694824219,-0.023234960704204943,0.008082864188477923,0.008082864188477923,0.015232728130582709,0.021177520241360298,1,0,0.0,5,5.608920658778092,0.0,0.0,0.0,0.0,0.0,0.0,,0.0,0.0,0.0,0.021177520241360298,0.0,0.0,0.0,0,0.0,0.0
2023-03-27,26.5310001373291,-0.009260958120238416,96.61000061035156,-0.013680412247472518,0.0044194541272341015,0.0044194541272341015,0.01716133541935168,0.02162656581291563,1,0,0.0,5,5.379126125789334,0.0,0.0,0.0,0.0,0.0,0.0,,0.0,0.0,0.0,0.02162656581291563,0.0,0.0,0.0,0,0.0,0.0
2023-03-28,26.40999984741211,-0.004560713478220735,94.55999755859375,-0.021219366926886862,0.016658653448666128,0.016658653448666128,0.017123905656658847,0.02347090333426621,1,0,0.0,5,16.65860717737736,0.0,0.0,0.0,0.0,0.0,0.0,,0.0,0.0,0.0,0.02347090333426621,0.0,0.0,0.0,0,0.0,0.0
2023-03-29,26.983999252319336,0.02173416918680804,96.08999633789062,0.016180190554138107,0.005553978632669931,0.005553978632669931,0.019196851935495477,0.0232587097408786,1,0,0.0,5,2.651016612493521,0.0,0.0,0.0,0.0,0.0,0.0,,0.0,0.0,0.0,0.0232587097408786,0.0,0.0,0.0,0,0.0,0.0
2023-03-30,27.382999420166016,0.014786546801893508,97.87999725341797,0.01862837947493512,-0.003841832673041612,0.003841832673041612,0.01593562262415872,0.02047725359530391,0,0,0.0,5,4.5032001002049515,0.0,0.0,0.0,0.0,0.0,0.0,,0.0,0.0,0.0,0.02047725359530391,0.0,0.0,0.0,0,0.0,0.0
2023-03-31,27.777000427246094,0.01438852629087517,98.01000213623047,0.0013282068498214894,0.01306031944105368,0.01306031944105368,0.013504755072921988,0.017661316492838017,1,0,0.0,5,0.32571252111615734,0.0,0.0,0.0,0.0,0.0,0.0,,0.0,0.0,0.0,0.017661316492838017,0.0,0.0,0.0,0,0.0,0.0
2023-04-03,27.96500015258789,0.0067681795172307435,96.55999755859375,-0.014794455117154937,0.02156263463438568,0.02156263463438568,0.010004713717494807,0.017886542658374527,1,1,1.0,5,7.54761128972174,-38.0,5.0,1062.6700057983398,-482.79998779296875,0.0,0.0,Opened,1062.6700057983398,-482.79998779296875,0.0,0.017886542658374527,1545.4699935913086,0.0,0.0,0,0.0,1545.4699935913086
2023-04-04,27.452999114990234,-0.018308637039298414,95.87000274658203,-0.007145762525449739,-0.011162874513848675,0.011162874513848675,0.015565024630129959,0.014493175869353591,0,0,-1.0,5,1.362967524224075,38.0,-5.0,-1043.213966369629,479.35001373291016,19.456039428710938,-3.4499740600585938,Closed,-1043.213966369629,479.35001373291016,16.006065368652344,0.015565024630129959,1522.563980102539,16.006065368652344,0.010512573250008445,0,16.006065368652344,0.0
2023-04-05,26.881000518798828,-0.02083555948825555,92.55999755859375,-0.03452597364305687,0.013690414154801323,0.013690414154801323,0.017597992997484102,0.01964797117199714,1,0,0.0,5,5.705827962539751,0.0,0.0,0.0,0.0,0.0,0.0,,0.0,0.0,0.0,0.01964797117199714,0.0,0.0,0.0,0,0.0,0.0
2023-04-06,27.03700065612793,0.005803360526703827,92.47000122070312,-0.0009723027254149308,0.006775663252118758,0.006775663252118758,0.016016811948061264,0.014448333132638137,1,0,0.0,5,0.5730127737363686,0.0,0.0,0.0,0.0,0.0,0.0,,0.0,0.0,0.0,0.016016811948061264,0.0,0.0,0.0,0,0.0,0.0
2023-04-10,27.57900047302246,0.020046595544675805,95.4800033569336,0.03255112032545915,-0.012504524780783344,0.012504524780783344,0.017622159880827812,0.024487880744990725,0,0,0.0,5,5.621590615480177,0.0,0.0,0.0,0.0,0.0,0.0,,0.0,0.0,0.0,0.024487880744990725,0.0,0.0,0.0,0,0.0,0.0
2023-04-11,27.16900062561035,-0.014866378055041096,94.02999877929688,-0.015186473886224738,0.00032009583118364215,0.00032009583118364215,0.017799415898061752,0.02452776507157204,1,0,0.0,5,3.5354487133381154,0.0,0.0,0.0,0.0,0.0,0.0,,0.0,0.0,0.0,0.02452776507157204,0.0,0.0,0.0,0,0.0,0.0
2023-04-12,26.4950008392334,-0.024807676795502775,92.33000183105469,-0.018079304161561782,-0.006728372633940993,0.006728372633940993,0.019143126493248355,0.02523776224234117,0,0,0.0,5,2.5396538243187208,0.0,0.0,0.0,0.0,0.0,0.0,,0.0,0.0,0.0,0.02523776224234117,0.0,0.0,0.0,0,0.0,0.0
2023-04-13,26.46299934387207,-0.0012078314530166168,92.08999633789062,-0.002599431261825602,0.0013915998088089854,0.0013915998088089854,0.0175231424287863,0.020131402380379554,1,0,0.0,5,7.489371823602234,0.0,0.0,0.0,0.0,0.0,0.0,,0.0,0.0,0.0,0.020131402380379554,0.0,0.0,0.0,0,0.0,0.0
2023-04-14,26.757999420166016,0.011147643260712048,91.75,-0.0036920007754494,0.014839644036161448,0.014839644036161448,0.018338857118660488,0.020171988724297398,1,0,0.0,5,1.135615088589203,0.0,0.0,0.0,0.0,0.0,0.0,,0.0,0.0,0.0,0.020171988724297398,0.0,0.0,0.0,0,0.0,0.0
2023-04-17,27.00200080871582,0.009118820309335751,89.87000274658203,-0.020490433279759857,0.029609253589095608,0.029609253589095608,0.015494455334814127,0.008315529176376306,1,1,1.0,5,7.478789214868313,-38.0,5.0,1026.0760307312012,-449.35001373291016,0.0,0.0,Opened,1026.0760307312012,-449.35001373291016,0.0,0.015494455334814127,1475.4260444641113,0.0,0.0,0,0.0,1475.4260444641113
2023-04-18,27.66699981689453,0.0246277678787441,89.77999877929688,-0.0010014906479857144,0.025629258526729815,0.025629258526729815,0.01843602608797431,0.009319781010170695,1,1,0.0,5,0.13195910899753127,38.0,-5.0,-1051.3459930419922,448.8999938964844,-25.269962310791016,-0.45001983642578125,Live,0.0,0.0,0.0,0.01843602608797431,1500.2459869384766,-25.719982147216797,-0.017143843323789237,0,0.0,0.0
2023-04-19,27.930999755859375,0.009542051567283938,89.94000244140625,0.0017821749196356151,0.007759876647648323,0.007759876647648323,0.009216910797045424,0.008792221226947861,1,1,0.0,5,0.6014160062460169,38.0,-5.0,-1061.3779907226562,449.70001220703125,-35.30195999145508,0.34999847412109375,Live,0.0,0.0,0.0,0.009216910797045424,1511.0780029296875,-34.951961517333984,-0.023130481318349484,1,-34.951961517333984,0.0
2023-04-20,27.104000091552734,-0.029608666769371683,90.11000061035156,0.001890128578282635,-0.03149879534765432,0.03149879534765432,0.02036167708628783,0.009336627781846206,0,0,-1.0,5,0.2122326021183804,38.0,-5.0,-1029.952003479004,450.5500030517578,-3.8759727478027344,1.1999893188476562,Closed,-1029.952003479004,450.5500030517578,-2.675983428955078,0.02036167708628783,1480.5020065307617,-2.675983428955078,-0.0018074838245073846,0,0.0,0.0
2023-04-21,27.118999481201172,0.0005534013281349726,88.43000030517578,-0.018643882963005898,0.01919728429114087,0.01919728429114087,0.02010716411290034,0.011283688769628293,1,0,0.0,5,109.8555833570187,0.0,0.0,0.0,0.0,0.0,0.0,,0.0,0.0,0.0,0.02010716411290034,0.0,0.0,0.0,0,0.0,0.0
2023-04-24,27.04199981689453,-0.0028393254094796205,87.56999969482422,-0.009725213246451037,0.006885887836971416,0.006885887836971416,0.019884563959516544,0.008914111118145055,1,0,0.0,5,11.091761091601255,0.0,0.0,0.0,0.0,0.0,0.0,,0.0,0.0,0.0,0.019884563959516544,0.0,0.0,0.0,0,0.0,0.0
2023-04-25,26.240999221801758,-0.02962061239983982,83.80000305175781,-0.043051235082843475,0.013430622683003657,0.013430622683003657,0.018119263903000872,0.018603579402002225,1,0,0.0,5,4.641466798153474,0.0,0.0,0.0,0.0,0.0,0.0,,0.0,0.0,0.0,0.018603579402002225,0.0,0.0,0.0,0,0.0,0.0
2023-04-26,26.95599937438965,0.0272474438394803,85.94000244140625,0.025536984626679526,0.0017104592128007745,0.0017104592128007745,0.02382220171072931,0.025319026981280048,1,0,0.0,5,2.9880218777833996,0.0,0.0,0.0,0.0,0.0,0.0,,0.0,0.0,0.0,0.025319026981280048,0.0,0.0,0.0,0,0.0,0.0
2023-04-27,27.22599983215332,0.010016340110921451,87.44000244140625,0.01745403720488259,-0.0074376970939611375,0.0074376970939611375,0.02075306571127773,0.027797117018115696,0,0,0.0,5,5.596456830496654,0.0,0.0,0.0,0.0,0.0,0.0,,0.0,0.0,0.0,0.027797117018115696,0.0,0.0,0.0,0,0.0,0.0
2023-04-28,27.749000549316406,0.01920960553835882,89.37000274658203,0.022072281007415206,-0.002862675469056386,0.002862675469056386,0.022259113219942787,0.028990351168715477,0,0,0.0,5,3.7006089554703614,0.0,0.0,0.0,0.0,0.0,0.0,,0.0,0.0,0.0,0.028990351168715477,0.0,0.0,0.0,0,0.0,0.0
2023-05-01,28.90999984741211,0.041839319438995215,89.69000244140625,0.0035806163700320415,0.038258703068963174,0.038258703068963174,0.026907005198100176,0.02819219372022266,1,1,1.0,5,0.26550281353628663,-2.0,5.0,57.81999969482422,-448.45001220703125,0.0,0.0,Opened,57.81999969482422,-448.45001220703125,0.0,0.02819219372022266,506.27001190185547,0.0,0.0,0,0.0,506.27001190185547
2023-05-02,28.209999084472656,-0.02421310157848766,89.91000366210938,0.0024529068426200062,-0.026666008421107668,0.026666008421107668,0.024750817093825102,0.010628410253746539,0,0,-1.0,5,0.32287585857897866,2.0,-5.0,-56.41999816894531,449.5500183105469,1.4000015258789062,1.100006103515625,Closed,-56.41999816894531,449.5500183105469,2.5000076293945312,0.024750817093825102,505.9700164794922,2.5000076293945312,0.004941019325195252,0,2.5000076293945312,0.0
2023-05-03,27.802000045776367,-0.014462922791119825,81.62000274658203,-0.0922033208527272,0.07774039806160737,0.07774039806160737,0.02648349724885753,0.04710890603387193,1,1,1.0,5,18.715914852829005,-94.0,5.0,2613.3880043029785,-408.10001373291016,0.0,0.0,Opened,2613.3880043029785,-408.10001373291016,0.0,0.04710890603387193,3021.4880180358887,0.0,0.0,0,0.0,3021.4880180358887
2023-05-04,27.562000274658203,-0.0086324642372132,86.61000061035156,0.0611369480011259,-0.0697694122383391,0.0697694122383391,0.027164993743078226,0.05644344281729531,0,0,-1.0,5,22.254932212554287,94.0,-5.0,-2590.828025817871,433.0500030517578,22.559978485107422,24.949989318847656,Closed,-2590.828025817871,433.0500030517578,47.50996780395508,0.05644344281729531,3023.878028869629,47.50996780395508,0.015711601906679754,0,47.50996780395508,0.0
2023-05-05,28.68000030517578,0.040563094818104384,89.83999633789062,0.03729356546330531,0.0032695293547990723,0.0032695293547990723,0.03169994657467964,0.058349724393504984,1,0,0.0,5,2.880006032559373,0.0,0.0,0.0,0.0,0.0,0.0,,0.0,0.0,0.0,0.058349724393504984,0.0,0.0,0.0,0,0.0,0.0
2023-05-08,29.150999069213867,0.016422550872605246,95.04000091552734,0.05788073007126315,-0.04145817919865791,0.04145817919865791,0.02629783844282361,0.06344311560812432,0,0,0.0,5,11.490696998674487,0.0,0.0,0.0,0.0,0.0,0.0,,0.0,0.0,0.0,0.06344311560812432,0.0,0.0,0.0,0,0.0,0.0
2023-05-09,28.570999145507812,-0.019896399513750773,95.05999755859375,0.00021040238713987414,-0.020106801900890647,0.020106801900890647,0.0252757863759516,0.06354691693330078,0,0,0.0,5,0.03518426966301594,0.0,0.0,0.0,0.0,0.0,0.0,,0.0,0.0,0.0,0.06354691693330078,0.0,0.0,0.0,0,0.0,0.0
2023-05-10,28.885000228881836,0.010990203099823903,97.0199966430664,0.02061854759952575,-0.009628344499701846,0.009628344499701846,0.0234255343014645,0.025632764635770508,0,0,0.0,5,6.3014606895646335,0.0,0.0,0.0,0.0,0.0,0.0,,0.0,0.0,0.0,0.025632764635770508,0.0,0.0,0.0,0,0.0,0.0
2023-05-11,28.577999114990234,-0.010628392295619071,97.0999984741211,0.0008245911546360674,-0.011452983450255139,0.011452983450255139,0.023791608316590857,0.024683440698807742,0,0,0.0,5,0.26360794805577004,0.0,0.0,0.0,0.0,0.0,0.0,,0.0,0.0,0.0,0.024683440698807742,0.0,0.0,0.0,0,0.0,0.0
2023-05-12,28.34000015258789,-0.008328048490893303,95.26000213623047,-0.01894949914320565,0.010621450652312348,0.010621450652312348,0.01535004441661374,0.029159081925157832,1,0,0.0,5,7.648305537693187,0.0,0.0,0.0,0.0,0.0,0.0,,0.0,0.0,0.0,0.029159081925157832,0.0,0.0,0.0,0,0.0,0.0
2023-05-15,28.952999114990234,0.02163016792878758,97.4000015258789,0.022464826177392316,-0.000834658248604736,0.000834658248604736,0.0170225278838481,0.01705070579743335,0,0,0.0,5,3.493884773102106,0.0,0.0,0.0,0.0,0.0,0.0,,0.0,0.0,0.0,0.01705070579743335,0.0,0.0,0.0,0,0.0,0.0
2023-05-16,29.21299934387207,0.008980079329578672,101.4800033569336,0.04188913518621096,-0.032909055856632285,0.032909055856632285,0.013684475091579678,0.023186934273869027,0,1,1.0,5,16.204123520628656,82.0,-5.0,-2395.4659461975098,507.40001678466797,0.0,0.0,Opened,-2395.4659461975098,507.40001678466797,0.0,0.023186934273869027,2902.8659629821777,0.0,0.0,0,0.0,2902.8659629821777
2023-05-17,30.17799949645996,0.0330332445918573,103.75,0.022368905872836686,0.010664338719020616,0.010664338719020616,0.018858909337238,0.023336470799657637,1,0,-1.0,5,2.328043909827382,-82.0,5.0,2474.595958709717,-518.75,79.13001251220703,-11.349983215332031,Closed,2474.595958709717,-518.75,67.780029296875,0.023336470799657637,2993.345958709717,67.780029296875,0.022643566841866688,0,67.780029296875,0.0
2023-05-18,31.67799949645996,0.04970508400253504,107.93000030517578,0.04028915956795931,0.009415924434575729,0.009415924434575729,0.022213682560256798,0.02452821809336405,1,0,0.0,5,2.7616702829106976,0.0,0.0,0.0,0.0,0.0,0.0,,0.0,0.0,0.0,0.02452821809336405,0.0,0.0,0.0,0,0.0,0.0
2023-05-19,31.263999938964844,-0.013068993120647687,105.81999969482422,-0.019549713743958752,0.006480720623311065,0.006480720623311065,0.02382171410688103,0.0247765713542054,1,0,0.0,5,5.063158092313634,0.0,0.0,0.0,0.0,0.0,0.0,,0.0,0.0,0.0,0.0247765713542054,0.0,0.0,0.0,0,0.0,0.0
2023-05-22,31.176000595092773,-0.0028147180157327423,108.0,0.02060102354434612,-0.023415741560078862,0.023415741560078862,0.02584073054333281,0.024772304964100038,0,0,0.0,5,25.35462899287509,0.0,0.0,0.0,0.0,0.0,0.0,,0.0,0.0,0.0,0.02584073054333281,0.0,0.0,0.0,0,0.0,0.0
2023-05-23,30.687999725341797,-0.0156530940606856,108.12000274658203,0.0011111365424261166,-0.01676423060311172,0.01676423060311172,0.029416033029163905,0.022864124092253406,0,0,0.0,5,0.2500948231673314,0.0,0.0,0.0,0.0,0.0,0.0,,0.0,0.0,0.0,0.029416033029163905,0.0,0.0,0.0,0,0.0,0.0
2023-05-24,30.538000106811523,-0.004887891679900003,108.2699966430664,0.0013872909052354832,-0.006275182585135486,0.006275182585135486,0.02684657192594991,0.022630727357404245,0,0,0.0,5,1.0062676180323864,0.0,0.0,0.0,0.0,0.0,0.0,,0.0,0.0,0.0,0.02684657192594991,0.0,0.0,0.0,0,0.0,0.0
2023-05-25,37.97999954223633,0.24369635894280006,120.3499984741211,0.11157293992424155,0.1321234190185585,0.1321234190185585,0.11318484774950457,0.05149666844197891,1,1,1.0,5,1.450778030349054,-8.0,5.0,303.8399963378906,-601.7499923706055,0.0,0.0,Opened,303.8399963378906,-601.7499923706055,0.0,0.11318484774950457,905.5899887084961,0.0,0.0,0,0.0,905.5899887084961
2023-05-26,38.94599914550781,0.025434429039348228,127.02999877929688,0.055504780971078915,-0.030070351931730688,0.030070351931730688,0.10980730919837273,0.04669954941998838,0,0,-1.0,5,7.117899376927183,8.0,-5.0,-311.5679931640625,635.1499938964844,-7.727996826171875,33.400001525878906,Closed,-311.5679931640625,635.1499938964844,25.67200469970703,0.10980730919837273,946.7179870605469,25.67200469970703,0.02711684477382301,0,25.67200469970703,0.0
2023-05-30,40.111000061035156,0.029913237330867704,125.2699966430664,-0.013855011832978992,0.043768249163846695,0.043768249163846695,0.10687112512119337,0.052140693599520005,1,0,0.0,5,1.4465287177148407,0.0,0.0,0.0,0.0,0.0,0.0,,0.0,0.0,0.0,0.10687112512119337,0.0,0.0,0.0,0,0.0,0.0
2023-05-31,37.83399963378906,-0.05676748083521432,118.20999908447266,-0.056358248166238134,-0.0004092326689761894,0.0004092326689761894,0.1150058598291396,0.06513209338124812,0,0,0.0,5,3.101914491606478,0.0,0.0,0.0,0.0,0.0,0.0,,0.0,0.0,0.0,0.1150058598291396,0.0,0.0,0.0,0,0.0,0.0
2023-06-01,39.77000045776367,0.05117092675143953,119.47000122070312,0.010659014854826898,0.04051191189661263,0.04051191189661263,0.1112972981039509,0.06461205412577511,1,0,0.0,5,0.6257445231194358,0.0,0.0,0.0,0.0,0.0,0.0,,0.0,0.0,0.0,0.1112972981039509,0.0,0.0,0.0,0,0.0,0.0
2023-06-02,39.32699966430664,-0.011139069357756326,117.86000061035156,-0.013476191461464282,0.002337122103707956,0.002337122103707956,0.04245180640290724,0.04087415691119032,1,0,0.0,5,3.62571688400569,0.0,0.0,0.0,0.0,0.0,0.0,,0.0,0.0,0.0,0.04245180640290724,0.0,0.0,0.0,0,0.0,0.0
2023-06-05,39.17100143432617,-0.003966695433469725,117.93000030517578,0.0005939224033744139,-0.004560617836844139,0.004560617836844139,0.04140850675781827,0.025565498474999195,0,0,0.0,5,0.45077567910987565,0.0,0.0,0.0,0.0,0.0,0.0,,0.0,0.0,0.0,0.04140850675781827,0.0,0.0,0.0,0,0.0,0.0
2023-06-06,38.65399932861328,-0.013198593009670523,124.2300033569336,0.0534215469808772,-0.06662013999054772,0.06662013999054772,0.03848757155208973,0.0397503580741027,0,1,1.0,5,13.008310213397614,66.0,-5.0,-2551.1639556884766,621.150016784668,0.0,0.0,Opened,-2551.1639556884766,621.150016784668,0.0,0.0397503580741027,3172.3139724731445,0.0,0.0,0,0.0,3172.3139724731445
2023-06-07,37.474998474121094,-0.030501393774781893,117.83000183105469,-0.05151735774723143,0.021015963972449536,0.021015963972449536,0.031028845664316424,0.038090203951928435,1,0,-1.0,5,5.310655821011531,-66.0,5.0,2473.349899291992,-589.1500091552734,-77.81405639648438,32.00000762939453,Closed,2473.349899291992,-589.1500091552734,-45.814048767089844,0.038090203951928435,3062.4999084472656,-45.814048767089844,-0.014959689840551953,0,-45.814048767089844,0.0
2023-06-08,38.5099983215332,0.027618409327670568,121.05000305175781,0.027327515663794877,0.00029089366387569093,0.00029089366387569093,0.021287307773353654,0.039947442387202686,1,0,0.0,5,3.1102320691938243,0.0,0.0,0.0,0.0,0.0,0.0,,0.0,0.0,0.0,0.039947442387202686,0.0,0.0,0.0,0,0.0,0.0
2023-06-09,38.77000045776367,0.0067515488850355965,124.91999816894531,0.03197021907990205,-0.025218670194866455,0.025218670194866455,0.021755872337053908,0.0403528043303609,0,0,0.0,5,15.257323647799243,0.0,0.0,0.0,0.0,0.0,0.0,,0.0,0.0,0.0,0.0403528043303609,0.0,0.0,0.0,0,0.0,0.0
2023-06-12,39.481998443603516,0.018364662817466293,129.19000244140625,0.034181911103505325,-0.015817248286039032,0.015817248286039032,0.023631725196150297,0.040698819697873416,0,0,0.0,5,6.090362753889985,0.0,0.0,0.0,0.0,0.0,0.0,,0.0,0.0,0.0,0.040698819697873416,0.0,0.0,0.0,0,0.0,0.0
2023-06-13,41.02199935913086,0.0390051409815817,124.52999877929688,-0.036070930985723226,0.07507607196730492,0.07507607196730492,0.02668018591984033,0.041489455469924344,1,1,1.0,5,2.80732478487279,-15.0,5.0,615.3299903869629,-622.6499938964844,0.0,0.0,Opened,615.3299903869629,-622.6499938964844,0.0,0.041489455469924344,1237.9799842834473,0.0,0.0,0,0.0,1237.9799842834473
2023-06-14,42.99700164794922,0.04814495440673228,127.33000183105469,0.02248456660406961,0.025660387802662665,0.025660387802662665,0.016366212656417647,0.029442195824797096,1,1,0.0,5,1.383013167040093,15.0,-5.0,-644.9550247192383,636.6500091552734,-29.62503433227539,14.000015258789062,Live,0.0,0.0,0.0,0.029442195824797096,1281.6050338745117,-15.625019073486328,-0.012191758506323291,0,0.0,0.0
2023-06-15,42.65299987792969,-0.008000599037955025,124.23999786376953,-0.024267681794154616,0.01626708275619959,0.01626708275619959,0.02297783671485905,0.03326383103393473,1,1,0.0,5,8.835225529605365,15.0,-5.0,-639.7949981689453,621.1999893188477,-24.465007781982422,-1.4500045776367188,Live,0.0,0.0,0.0,0.03326383103393473,1260.994987487793,-25.91501235961914,-0.020551241374280254,0,0.0,0.0
2023-06-16,42.69200134277344,0.0009143897253502953,120.08000183105469,-0.03348354881071658,0.034397938536066874,0.034397938536066874,0.02399900177252864,0.03320026466723043,1,1,0.0,5,102.99693835326312,15.0,-5.0,-640.3800201416016,600.4000091552734,-25.050029754638672,-22.249984741210938,Live,0.0,0.0,0.0,0.03320026466723043,1240.780029296875,-47.30001449584961,-0.038121192619979205,1,-47.30001449584961,0.0
2023-06-20,43.80799865722656,0.026140665214844372,118.93000030517578,-0.009576961262016681,0.03571762647686105,0.03571762647686105,0.024143510444135707,0.023974055365155282,1,1,0.0,5,0.9946014831045695,15.0,-5.0,-657.1199798583984,594.6500015258789,-41.78998947143555,-27.99999237060547,Live,0.0,0.0,0.0,0.024143510444135707,1251.7699813842773,-69.78998184204102,-0.055753039999300306,1,0.0,0.0
2023-06-21,43.04499816894531,-0.01741692183318644,112.11000061035156,-0.05734465380748355,0.03992773197429711,0.03992773197429711,0.026803948592566754,0.029611073888999504,1,1,0.0,5,8.575178987777418,15.0,-5.0,-645.6749725341797,560.5500030517578,-30.344982147216797,-62.09999084472656,Live,0.0,0.0,0.0,0.029611073888999504,1206.2249755859375,-92.44497299194336,-0.0766399095218843,1,0.0,0.0
2023-06-22,43.025001525878906,-0.00046455207148399236,110.69999694824219,-0.012576965965863884,0.012112413894379892,0.012112413894379892,0.01621318806425539,0.01924106183261966,1,1,0.0,5,69.6575506185333,15.0,-5.0,-645.3750228881836,553.4999847412109,-30.045032501220703,-69.15000915527344,Live,0.0,0.0,0.0,0.01924106183261966,1198.8750076293945,-99.19504165649414,-0.08274010303429236,1,0.0,0.0
2023-06-23,42.20899963378906,-0.018965760909945173,110.01000213623047,-0.006233015637157835,-0.012732745272787338,0.012732745272787338,0.018222638329626232,0.021539823134113425,0,0,-1.0,5,0.8565546139582715,15.0,-5.0,-633.1349945068359,550.0500106811523,-17.805004119873047,-72.59998321533203,Closed,-633.1349945068359,550.0500106811523,-90.40498733520508,0.021539823134113425,1183.1850051879883,-90.40498733520508,-0.07640815843574796,1,0.0,0.0
2023-06-26,40.63199996948242,-0.03736169248238297,107.51000213623047,-0.022725206358092165,-0.014636486124290804,0.014636486124290804,0.023876682876640593,0.020862750558396204,0,0,0.0,5,1.6093924700379307,0.0,0.0,0.0,0.0,0.0,0.0,,0.0,0.0,0.0,0.023876682876640593,0.0,0.0,0.0,0,0.0,0.0
2023-06-27,41.875999450683594,0.030616250298668657,110.38999938964844,0.026788179668795875,0.003828070629872782,0.003828070629872782,0.025575631036136675,0.030331666218091517,1,0,0.0,5,2.3065121615694397,0.0,0.0,0.0,0.0,0.0,0.0,,0.0,0.0,0.0,0.030331666218091517,0.0,0.0,0.0,0,0.0,0.0
2023-06-28,41.117000579833984,-0.018124913573548618,110.16999816894531,-0.0019929452116996815,-0.016131968361848936,0.016131968361848936,0.025637713358101718,0.018567436231064677,0,0,0.0,5,0.2946193936876776,0.0,0.0,0.0,0.0,0.0,0.0,,0.0,0.0,0.0,0.025637713358101718,0.0,0.0,0.0,0,0.0,0.0
2023-06-29,40.821998596191406,-0.0071746960985102914,111.23999786376953,0.00971226025785521,-0.0168869563563655,0.0168869563563655,0.025261230605133026,0.01847317651561473,0,0,0.0,5,3.6887864150641727,0.0,0.0,0.0,0.0,0.0,0.0,,0.0,0.0,0.0,0.025261230605133026,0.0,0.0,0.0,0,0.0,0.0
2023-06-30,42.301998138427734,0.03625495059358541,113.91000366210938,0.024002210082830766,0.012252740510754645,0.012252740510754645,0.03171796177531062,0.020324501390335602,1,0,0.0,5,1.7827272338945466,0.0,0.0,0.0,0.0,0.0,0.0,,0.0,0.0,0.0,0.03171796177531062,0.0,0.0,0.0,0,0.0,0.0
2023-07-03,42.41299819946289,0.002623990967800749,115.81999969482422,0.016767588195155003,-0.014143597227354254,0.014143597227354254,0.023706541358138666,0.01161712458587082,0,0,0.0,5,17.44989624063145,0.0,0.0,0.0,0.0,0.0,0.0,,0.0,0.0,0.0,0.023706541358138666,0.0,0.0,0.0,0,0.0,0.0
2023-07-05,42.31700134277344,-0.0022633829430778185,113.94999694824219,-0.016145767151695134,0.013882384208617315,0.013882384208617315,0.020498831000408283,0.01586683113657553,1,0,0.0,5,19.208793106793486,0.0,0.0,0.0,0.0,0.0,0.0,,0.0,0.0,0.0,0.020498831000408283,0.0,0.0,0.0,0,0.0,0.0
2023-07-06,42.10300064086914,-0.005057085689292196,113.4800033569336,-0.004124559928878946,-0.0009325257604132497,0.0009325257604132497,0.01792042367496007,0.016176635543876182,0,0,0.0,5,2.198282977319213,0.0,0.0,0.0,0.0,0.0,0.0,,0.0,0.0,0.0,0.01792042367496007,0.0,0.0,0.0,0,0.0,0.0
2023-07-07,42.50299835205078,0.009500456145478786,113.16999816894531,-0.0027318045366390153,0.012232260682117801,0.012232260682117801,0.01662148703321672,0.016426203567616034,1,0,0.0,5,0.7656264084763,0.0,0.0,0.0,0.0,0.0,0.0,,0.0,0.0,0.0,0.01662148703321672,0.0,0.0,0.0,0,0.0,0.0
2023-07-10,42.18000030517578,-0.007599417909287642,113.58000183105469,0.0036229006692860555,-0.011222318578573698,0.011222318578573698,0.0067828694117530956,0.012021583039665192,0,0,0.0,5,1.283723205057248,0.0,0.0,0.0,0.0,0.0,0.0,,0.0,0.0,0.0,0.012021583039665192,0.0,0.0,0.0,0,0.0,0.0
2023-07-11,42.404998779296875,0.005334245436064755,111.31999969482422,-0.01989788783057178,0.025232133266636536,0.025232133266636536,0.0071965193084004364,0.009819285679461866,1,1,1.0,5,9.792422101460755,-49.0,5.0,2077.844940185547,-556.5999984741211,0.0,0.0,Opened,2077.844940185547,-556.5999984741211,0.0,0.009819285679461866,2634.444938659668,0.0,0.0,0,0.0,2634.444938659668
2023-07-12,43.902000427246094,0.035302480628300215,114.58000183105469,0.029284963574986778,0.006017517053313437,0.006017517053313437,0.01708320077043916,0.01791341538901348,1,1,0.0,5,2.165030306202263,49.0,-5.0,-2151.1980209350586,572.9000091552734,-73.35308074951172,16.300010681152344,Live,0.0,0.0,0.0,0.01791341538901348,2724.098030090332,-57.053070068359375,-0.020943838818629986,1,-57.053070068359375,0.0
2023-07-13,45.97700119018555,0.047264378450775135,115.91999816894531,0.011694853521353687,0.03556952492942145,0.03556952492942145,0.022604013107233093,0.018126844918836982,1,1,0.0,5,0.6238476734093301,49.0,-5.0,-2252.873058319092,579.5999908447266,-175.02811813354492,22.99999237060547,Live,0.0,0.0,0.0,0.022604013107233093,2832.4730491638184,-152.02812576293945,-0.053673282366382996,1,0.0,0.0
2023-07-14,45.46900177001953,-0.011048989864838266,115.94000244140625,0.0001725696409327071,-0.011221559505770973,0.011221559505770973,0.026121279216543523,0.017886327307471837,0,0,-1.0,5,0.0398253595770134,49.0,-5.0,-2227.981086730957,579.7000122070312,-150.13614654541016,23.100013732910156,Closed,-2227.981086730957,579.7000122070312,-127.0361328125,0.026121279216543523,2807.6810989379883,-127.0361328125,-0.045245926562155404,1,0.0,0.0
2023-07-17,46.46099853515625,0.021816990180567375,118.31999969482422,0.020527835115587312,0.0012891550649800632,0.0012891550649800632,0.02323565993881522,0.01912180521117138,1,0,0.0,5,2.3961717021655256,0.0,0.0,0.0,0.0,0.0,0.0,,0.0,0.0,0.0,0.02323565993881522,0.0,0.0,0.0,0,0.0,0.0
2023-07-18,47.49399948120117,0.02223372244708144,117.93000030517578,-0.0032961408946444726,0.02552986334172591,0.02552986334172591,0.021802332664687517,0.013646655709533483,1,1,1.0,5,0.3681112956032191,-2.0,5.0,94.98799896240234,-589.6500015258789,0.0,0.0,Opened,94.98799896240234,-589.6500015258789,0.0,0.021802332664687517,684.6380004882812,0.0,0.0,0,0.0,684.6380004882812
2023-07-19,47.07699966430664,-0.008780052668750038,116.43000030517578,-0.01271940978646946,0.003939357117719422,0.003939357117719422,0.02439958718564379,0.013011344661698489,1,1,0.0,5,3.582828007567947,2.0,-5.0,-94.15399932861328,582.1500015258789,0.8339996337890625,-7.5,Live,0.0,0.0,0.0,0.02439958718564379,676.3040008544922,-6.6660003662109375,-0.009856514759322173,0,0.0,0.0
2023-07-20,45.52000045776367,-0.03307345875152434,110.25,-0.05307910580586894,0.0200056470543446,0.0200056470543446,0.02370480867668865,0.027124990681876463,1,1,0.0,5,3.8870517573955987,2.0,-5.0,-91.04000091552734,551.25,3.947998046875,-38.400001525878906,Live,0.0,0.0,0.0,0.027124990681876463,642.2900009155273,-34.452003479003906,-0.05363932714178274,1,-34.452003479003906,0.0
2023-07-21,44.308998107910156,-0.026603742040318346,110.94999694824219,0.00634917866886342,-0.032952920709181766,0.032952920709181766,0.026124154132284392,0.027817609604773138,0,0,-1.0,5,0.5975994442340179,2.0,-5.0,-88.61799621582031,554.7499847412109,6.370002746582031,-34.90001678466797,Closed,-88.61799621582031,554.7499847412109,-28.530014038085938,0.027817609604773138,643.3679809570312,-28.530014038085938,-0.04434478382907181,1,0.0,0.0
2023-07-24,44.61199951171875,0.00683837181492275,110.61000061035156,-0.003064410520436822,0.009902782335359572,0.009902782335359572,0.02296500424077885,0.023310693920625656,1,0,0.0,5,1.1110585354792473,0.0,0.0,0.0,0.0,0.0,0.0,,0.0,0.0,0.0,0.023310693920625656,0.0,0.0,0.0,0,0.0,0.0
2023-07-25,45.67900085449219,0.023917362020349664,113.0,0.02160744396040415,0.002309918059945515,0.002309918059945515,0.023522461116359212,0.028111803755890143,1,0,0.0,5,2.2348684557860032,0.0,0.0,0.0,0.0,0.0,0.0,,0.0,0.0,0.0,0.028111803755890143,0.0,0.0,0.0,0,0.0,0.0
2023-07-26,45.45199966430664,-0.004969486765015851,110.08999633789062,-0.025752244797428103,0.020782758032412252,0.020782758032412252,0.02353397941968225,0.02922014617118285,1,0,0.0,5,12.551580512219335,0.0,0.0,0.0,0.0,0.0,0.0,,0.0,0.0,0.0,0.02922014617118285,0.0,0.0,0.0,0,0.0,0.0
2023-07-27,45.900001525878906,0.00985659299659103,111.0999984741211,0.009174331636187416,0.0006822613604036132,0.0006822613604036132,0.01892134899538662,0.017678413926228993,1,0,0.0,5,2.2529365681618434,0.0,0.0,0.0,0.0,0.0,0.0,,0.0,0.0,0.0,0.01892134899538662,0.0,0.0,0.0,0,0.0,0.0
2023-07-28,46.75,0.018518484659349133,112.95999908447266,0.01674167989106512,0.0017768047682840127,0.0017768047682840127,0.01114558448623216,0.018933526417928382,1,0,0.0,5,2.1844225573893463,0.0,0.0,0.0,0.0,0.0,0.0,,0.0,0.0,0.0,0.018933526417928382,0.0,0.0,0.0,0,0.0,0.0
2023-07-31,46.729000091552734,-0.00044919590261527365,114.4000015258789,0.012747897070443548,-0.013197092973058822,0.013197092973058822,0.012222874682707646,0.01883286404635758,0,0,0.0,5,69.47719945812788,0.0,0.0,0.0,0.0,0.0,0.0,,0.0,0.0,0.0,0.01883286404635758,0.0,0.0,0.0,0,0.0,0.0
2023-08-01,46.50699996948242,-0.00475079975251691,117.5999984741211,0.02797200092273,-0.03272280067524691,0.03272280067524691,0.010262378305687832,0.020237818717413886,0,1,1.0,5,14.888323592883138,75.0,-5.0,-3488.0249977111816,587.9999923706055,0.0,0.0,Opened,-3488.0249977111816,587.9999923706055,0.0,0.020237818717413886,4076.024990081787,0.0,0.0,0,0.0,4076.024990081787
2023-08-02,44.26900100708008,-0.04812176583892536,109.3499984741211,-0.07015306213473704,0.022031296295811686,0.022031296295811686,0.025758957254608573,0.039460017664286716,1,0,-1.0,5,3.6010084182875146,-75.0,5.0,3320.175075531006,-546.7499923706055,-167.84992218017578,41.25,Closed,3320.175075531006,-546.7499923706055,-126.59992218017578,0.039460017664286716,3866.9250679016113,-126.59992218017578,-0.032739171294279897,0,-126.59992218017578,0.0
2023-08-03,44.51499938964844,0.00555689934202519,113.1500015258789,0.034750828575979664,-0.029193929233954474,0.029193929233954474,0.02520525494708817,0.042593939827451084,0,0,0.0,5,15.8957427767095,0.0,0.0,0.0,0.0,0.0,0.0,,0.0,0.0,0.0,0.042593939827451084,0.0,0.0,0.0,0,0.0,0.0
2023-08-04,44.68000030517578,0.0037066363650386513,115.81999969482422,0.02359697863843735,-0.019890342273398698,0.019890342273398698,0.022331978496341807,0.04319612254877165,0,0,0.0,5,16.502388581605512,0.0,0.0,0.0,0.0,0.0,0.0,,0.0,0.0,0.0,0.04319612254877165,0.0,0.0,0.0,0,0.0,0.0
2023-08-07,45.41699981689453,0.0164950650556146,116.80999755859375,0.008547728081316652,0.007947336974297947,0.007947336974297947,0.025039700889920677,0.04306746178841564,1,0,0.0,5,1.3327792979022008,0.0,0.0,0.0,0.0,0.0,0.0,,0.0,0.0,0.0,0.04306746178841564,0.0,0.0,0.0,0,0.0,0.0
2023-08-08,44.66400146484375,-0.01657965860991717,113.2300033569336,-0.030648011955178522,0.014068353345261353,0.014068353345261353,0.025514633930239033,0.043209769712509484,1,0,0.0,5,4.686305703716958,0.0,0.0,0.0,0.0,0.0,0.0,,0.0,0.0,0.0,0.043209769712509484,0.0,0.0,0.0,0,0.0,0.0
2023-08-09,42.55400085449219,-0.04724163848177376,110.47000122070312,-0.02437518373579961,-0.022866454745974152,0.022866454745974152,0.025167484828276306,0.028908307077519884,0,0,0.0,5,1.3394512350551018,0.0,0.0,0.0,0.0,0.0,0.0,,0.0,0.0,0.0,0.028908307077519884,0.0,0.0,0.0,0,0.0,0.0
2023-08-10,42.38800048828125,-0.0039009344098702714,110.2300033569336,-0.0021725161683491256,-0.0017284182415211458,0.0017284182415211458,0.0242696360903476,0.022597237275687618,0,0,0.0,5,1.4482757505455373,0.0,0.0,0.0,0.0,0.0,0.0,,0.0,0.0,0.0,0.0242696360903476,0.0,0.0,0.0,0,0.0,0.0
2023-08-11,40.85499954223633,-0.03616591791039403,107.56999969482422,-0.02413139418581045,-0.012034523724583579,0.012034523724583579,0.0253693975399572,0.01683887106372814,0,0,0.0,5,1.7568265218378605,0.0,0.0,0.0,0.0,0.0,0.0,,0.0,0.0,0.0,0.0253693975399572,0.0,0.0,0.0,0,0.0,0.0
2023-08-14,43.75299835205078,0.07093376189659417,111.9800033569336,0.04099659453956073,0.029937167357033445,0.029937167357033445,0.04648722576992437,0.029478402954503415,1,0,0.0,5,1.479201865685056,0.0,0.0,0.0,0.0,0.0,0.0,,0.0,0.0,0.0,0.04648722576992437,0.0,0.0,0.0,0,0.0,0.0
2023-08-15,43.939998626708984,0.004273999078955315,111.3499984741211,-0.005626048079355517,0.009900047158310832,0.009900047158310832,0.046302115033972725,0.026677220848190703,1,0,0.0,5,3.3357937560276767,0.0,0.0,0.0,0.0,0.0,0.0,,0.0,0.0,0.0,0.046302115033972725,0.0,0.0,0.0,0,0.0,0.0
2023-08-16,43.486000061035156,-0.01033223895910329,107.19000244140625,-0.037359641578097236,0.027027402618993945,0.027027402618993945,0.03986451334203849,0.029728190240076193,1,0,0.0,5,8.9127777684399,0.0,0.0,0.0,0.0,0.0,0.0,,0.0,0.0,0.0,0.03986451334203849,0.0,0.0,0.0,0,0.0,0.0
2023-08-17,43.34400177001953,-0.0032653794512330636,104.44000244140625,-0.02565537771587645,0.022389998264643385,0.022389998264643385,0.039830187717491854,0.030872684162725803,1,0,0.0,5,18.93139536612943,0.0,0.0,0.0,0.0,0.0,0.0,,0.0,0.0,0.0,0.039830187717491854,0.0,0.0,0.0,0,0.0,0.0
2023-08-18,43.29899978637695,-0.0010382517027697213,105.44999694824219,0.009670571459461375,-0.010708823162231096,0.010708823162231096,0.03329628614375081,0.030802687105390757,0,0,0.0,5,22.683924530101333,0.0,0.0,0.0,0.0,0.0,0.0,,0.0,0.0,0.0,0.03329628614375081,0.0,0.0,0.0,0,0.0,0.0
2023-08-21,46.96699905395508,0.08471325632635462,108.22000122070312,0.026268414913473537,0.05844484141288109,0.05844484141288109,0.03939375901724306,0.025764597782844765,1,1,1.0,5,0.7144917424488418,-4.0,5.0,187.8679962158203,-541.1000061035156,0.0,0.0,Opened,187.8679962158203,-541.1000061035156,0.0,0.03939375901724306,728.9680023193359,0.0,0.0,0,0.0,728.9680023193359
2023-08-22,45.667999267578125,-0.027657713129269346,105.66000366210938,-0.023655493713892195,-0.004002219415377151,0.004002219415377151,0.04387452276524538,0.02684369396577611,0,0,-1.0,5,1.9788568787212493,4.0,-5.0,-182.6719970703125,528.3000183105469,5.1959991455078125,-12.79998779296875,Closed,-182.6719970703125,528.3000183105469,-7.6039886474609375,0.04387452276524538,710.9720153808594,-7.6039886474609375,-0.01069520105286784,0,-7.6039886474609375,0.0
2023-08-23,47.11600112915039,0.031707144713919444,109.43000030517578,0.035680451565405,-0.0039733068514855585,0.0039733068514855585,0.043392689864674774,0.028173083603809553,0,0,0.0,5,2.6136124137942134,0.0,0.0,0.0,0.0,0.0,0.0,,0.0,0.0,0.0,0.043392689864674774,0.0,0.0,0.0,0,0.0,0.0
2023-08-24,47.16299819946289,0.0009974757871253903,101.80000305175781,-0.06972491302329908,0.07072238881042447,0.07072238881042447,0.042937120623612976,0.04296243162540925,1,1,1.0,5,150.88011416607677,-755.0,5.0,35608.06364059448,-509.00001525878906,0.0,0.0,Opened,35608.06364059448,-509.00001525878906,0.0,0.04296243162540925,36117.06365585327,0.0,0.0,0,0.0,36117.06365585327
2023-08-25,46.018001556396484,-0.02427743542138605,102.25,0.00442040210954997,-0.02869783753093602,0.02869783753093602,0.046581700288142514,0.04259662475749701,0,0,-1.0,5,0.40457079805833335,755.0,-5.0,-34743.591175079346,511.25,864.4724655151367,2.2499847412109375,Closed,-34743.591175079346,511.25,866.7224502563477,0.046581700288142514,35254.841175079346,866.7224502563477,0.024584494536569048,0,866.7224502563477,0.0
2023-08-28,46.834999084472656,0.017753868061282763,102.61000061035156,0.0035207883652963456,0.014233079695986417,0.014233079695986417,0.025862350416334324,0.039468308411800664,1,0,0.0,5,0.4344763150975517,0.0,0.0,0.0,0.0,0.0,0.0,,0.0,0.0,0.0,0.039468308411800664,0.0,0.0,0.0,0,0.0,0.0
2023-08-29,48.784000396728516,0.0416142062635807,105.91999816894531,0.03225804053118608,0.009356165732394617,0.009356165732394617,0.026093267374146946,0.042425225299386034,1,0,0.0,5,1.6830496266574804,0.0,0.0,0.0,0.0,0.0,0.0,,0.0,0.0,0.0,0.042425225299386034,0.0,0.0,0.0,0,0.0,0.0
2023-08-30,49.263999938964844,0.009839282107510838,106.58999633789062,0.006325511523108673,0.003513770584402165,0.003513770584402165,0.02404307145380794,0.03829635457318022,1,0,0.0,5,1.3909740082573747,0.0,0.0,0.0,0.0,0.0,0.0,,0.0,0.0,0.0,0.03829635457318022,0.0,0.0,0.0,0,0.0,0.0
2023-08-31,49.35499954223633,0.0018471825954902155,105.72000122070312,-0.008162070992381087,0.010009253587871303,0.010009253587871303,0.02397363101563293,0.01487287522523086,1,0,0.0,5,9.464911275287529,0.0,0.0,0.0,0.0,0.0,0.0,,0.0,0.0,0.0,0.02397363101563293,0.0,0.0,0.0,0,0.0,0.0
2023-09-01,48.50899887084961,-0.017141134216053233,109.44999694824219,0.035281835834945374,-0.05242297005099861,0.05242297005099861,0.021561847025184593,0.019013292840492788,0,1,1.0,5,4.644137413812154,24.0,-5.0,-1164.2159729003906,547.2499847412109,0.0,0.0,Opened,-1164.2159729003906,547.2499847412109,0.0,0.021561847025184593,1711.4659576416016,0.0,0.0,0,0.0,1711.4659576416016
2023-09-05,48.54800033569336,0.0008040047362674052,110.77999877929688,0.012151684496470416,-0.011347679760203011,0.011347679760203011,0.021524230211900617,0.018216776645581523,0,1,0.0,5,34.4879903014355,-24.0,5.0,1165.1520080566406,-553.8999938964844,0.93603515625,-6.6500091552734375,Live,0.0,0.0,0.0,0.021524230211900617,1719.052001953125,-5.7139739990234375,-0.0033239099181010382,0,0.0,0.0
2023-09-06,47.06100082397461,-0.030629469832673673,109.27999877929688,-0.013540350392929668,-0.017089119439744005,0.017089119439744005,0.016461434509022328,0.019215350040447946,0,1,0.0,5,1.0265259817564214,-24.0,5.0,1129.4640197753906,-546.3999938964844,-34.751953125,0.8499908447265625,Live,0.0,0.0,0.0,0.019215350040447946,1675.864013671875,-33.90196228027344,-0.02022954249491466,1,-33.90196228027344,0.0
2023-09-07,46.24100112915039,-0.017424187341261943,106.58999633789062,-0.02461568879442444,0.0071915014531624966,0.0071915014531624966,0.013759571526625356,0.023707146467344137,1,0,-1.0,5,3.2564819850289437,-24.0,5.0,1109.7840270996094,-532.9499816894531,-54.43194580078125,14.300003051757812,Closed,1109.7840270996094,-532.9499816894531,-40.13194274902344,0.023707146467344137,1642.7340087890625,-40.13194274902344,-0.02442997011951229,1,0.0,0.0
2023-09-08,45.571998596191406,-0.014467734621282813,106.08999633789062,-0.004690871725100743,-0.00977686289618207,0.00977686289618207,0.011200599337742605,0.0234496347515371,0,0,0.0,5,0.7547956387972614,0.0,0.0,0.0,0.0,0.0,0.0,,0.0,0.0,0.0,0.0234496347515371,0.0,0.0,0.0,0,0.0,0.0
2023-09-11,45.178001403808594,-0.008645598273491983,105.31999969482422,-0.007257957108547819,-0.0013876411649441645,0.0013876411649441645,0.011578913204072293,0.013449256956153063,0,0,0.0,5,1.9570556725134567,0.0,0.0,0.0,0.0,0.0,0.0,,0.0,0.0,0.0,0.013449256956153063,0.0,0.0,0.0,0,0.0,0.0
2023-09-12,44.869998931884766,-0.006817532036684226,105.30999755859375,-9.496901119876444e-05,-0.006722563025485462,0.006722563025485462,0.009433849251265296,0.009486302414788704,0,0,0.0,5,0.032694016110486925,0.0,0.0,0.0,0.0,0.0,0.0,,0.0,0.0,0.0,0.009486302414788704,0.0,0.0,0.0,0,0.0,0.0
2023-09-13,45.48500061035156,0.01370630026981745,107.70999908447266,0.022789873530702165,-0.009083573260884714,0.009083573260884714,0.012202025722896408,0.017040602064312654,0,0,0.0,5,3.9373995796491252,0.0,0.0,0.0,0.0,0.0,0.0,,0.0,0.0,0.0,0.017040602064312654,0.0,0.0,0.0,0,0.0,0.0
2023-09-14,45.58100128173828,0.002110600639738669,106.62999725341797,-0.010026941233261755,0.012137541873000424,0.012137541873000424,0.010988823455154803,0.013176737961389176,1,0,0.0,5,11.113681361554045,0.0,0.0,0.0,0.0,0.0,0.0,,0.0,0.0,0.0,0.013176737961389176,0.0,0.0,0.0,0,0.0,0.0
2023-09-15,43.900001525878906,-0.036879395111771185,101.48999786376953,-0.04820406566674351,0.011324670554972327,0.011324670554972327,0.01875371929332141,0.025641618941851876,1,0,0.0,5,3.0217503995295387,0.0,0.0,0.0,0.0,0.0,0.0,,0.0,0.0,0.0,0.025641618941851876,0.0,0.0,0.0,0,0.0,0.0
2023-09-18,43.965999603271484,0.0015033730090801,102.37000274658203,0.008670853299196368,-0.007167480290116268,0.007167480290116268,0.019118056859363474,0.026806688658120192,0,0,0.0,5,13.429221991209367,0.0,0.0,0.0,0.0,0.0,0.0,,0.0,0.0,0.0,0.026806688658120192,0.0,0.0,0.0,0,0.0,0.0
2023-09-19,43.52000045776367,-0.010144182994411555,101.61000061035156,-0.007424070683204498,-0.002720112311207057,0.002720112311207057,0.019242624619928764,0.02664582345603955,0,0,0.0,5,1.7087266219390187,0.0,0.0,0.0,0.0,0.0,0.0,,0.0,0.0,0.0,0.02664582345603955,0.0,0.0,0.0,0,0.0,0.0
2023-09-20,42.23899841308594,-0.029434789319934707,100.33999633789062,-0.012498811778685837,-0.01693597754124887,0.01693597754124887,0.017852553593615487,0.020887279954109328,0,0,0.0,5,1.0087145044770054,0.0,0.0,0.0,0.0,0.0,0.0,,0.0,0.0,0.0,0.020887279954109328,0.0,0.0,0.0,0,0.0,0.0
2023-09-21,41.016998291015625,-0.028930613129589,96.11000061035156,-0.04215662628982697,0.01322601316023797,0.01322601316023797,0.015891803470147996,0.024095149338694635,1,0,0.0,5,3.414388346449975,0.0,0.0,0.0,0.0,0.0,0.0,,0.0,0.0,0.0,0.024095149338694635,0.0,0.0,0.0,0,0.0,0.0
2023-09-22,41.61000061035156,0.014457477242205474,96.19999694824219,0.000936388901457752,0.013521088340747722,0.013521088340747722,0.019139595812940238,0.019454504820466102,1,0,0.0,5,0.14974111972178072,0.0,0.0,0.0,0.0,0.0,0.0,,0.0,0.0,0.0,0.019454504820466102,0.0,0.0,0.0,0,0.0,0.0
2023-09-25,42.22200012207031,0.014707990933470416,97.37999725341797,0.012266115827536339,0.002441875105934077,0.002441875105934077,0.021920557587406565,0.020384187368829625,1,0,0.0,5,1.923466660969272,0.0,0.0,0.0,0.0,0.0,0.0,,0.0,0.0,0.0,0.021920557587406565,0.0,0.0,0.0,0,0.0,0.0
2023-09-26,41.9109992980957,-0.007365847735196329,95.95999908447266,-0.014582031310290233,0.007216183575093904,0.007216183575093904,0.0218836427151785,0.020429072679405164,1,0,0.0,5,4.53270555936825,0.0,0.0,0.0,0.0,0.0,0.0,,0.0,0.0,0.0,0.0218836427151785,0.0,0.0,0.0,0,0.0,0.0
2023-09-27,42.46799850463867,0.013290048337460503,98.06999969482422,0.021988335040459495,-0.008698286702998992,0.008698286702998992,0.019271859834588647,0.02515838024467459,0,0,0.0,5,3.820675608366064,0.0,0.0,0.0,0.0,0.0,0.0,,0.0,0.0,0.0,0.02515838024467459,0.0,0.0,0.0,0,0.0,0.0
2023-09-28,43.0890007019043,0.01462282704935558,102.76000213623047,0.04782300862649813,-0.03320018157714255,0.03320018157714255,0.009692592091613855,0.02344095973299792,0,1,1.0,5,7.7994366292589525,39.0,-5.0,-1680.4710273742676,513.8000106811523,0.0,0.0,Opened,-1680.4710273742676,513.8000106811523,0.0,0.02344095973299792,2194.27103805542,0.0,0.0,0,0.0,2194.27103805542
2023-09-29,43.499000549316406,0.009515185795292425,102.81999969482422,0.0005838610095998398,0.008931324785692585,0.008931324785692585,0.009363462054059371,0.023489376518025417,1,0,-1.0,5,0.1450409116338557,-39.0,5.0,1696.4610214233398,-514.0999984741211,15.989994049072266,-0.29998779296875,Closed,1696.4610214233398,-514.0999984741211,15.690006256103516,0.023489376518025417,2210.561019897461,15.690006256103516,0.00709774854205622,0,15.690006256103516,0.0
2023-10-02,44.78200149536133,0.029494952294141452,103.2699966430664,0.0043765507642268275,0.025118401529914625,0.025118401529914625,0.013188896294958216,0.023864708154329506,1,1,1.0,5,0.3421802466323456,-2.0,5.0,89.56400299072266,-516.349983215332,0.0,0.0,Opened,89.56400299072266,-516.349983215332,0.0,0.023864708154329506,605.9139862060547,0.0,0.0,0,0.0,605.9139862060547
2023-10-03,43.516998291015625,-0.028248027379409013,100.08000183105469,-0.030889851028438997,0.002641823649029984,0.002641823649029984,0.021504322636331126,0.02897878841411554,1,1,0.0,5,2.514873021412819,2.0,-5.0,-87.03399658203125,500.40000915527344,2.5300064086914062,-15.949974060058594,Live,0.0,0.0,0.0,0.02897878841411554,587.4340057373047,-13.419967651367188,-0.022845064331138636,0,0.0,0.0
2023-10-04,44.04100036621094,0.012041319387221971,104.06999969482422,0.039868083440936175,-0.027826764053714204,0.027826764053714204,0.02143080447090234,0.031965926650649394,0,0,-1.0,5,7.823834601938783,2.0,-5.0,-88.08200073242188,520.3499984741211,1.4820022583007812,4.0000152587890625,Closed,-88.08200073242188,520.3499984741211,5.482017517089844,0.031965926650649394,608.431999206543,5.482017517089844,0.009010074296287753,0,5.482017517089844,0.0
2023-10-05,44.6879997253418,0.014690841573781643,102.91000366210938,-0.011146305718424343,0.025837147292205986,0.025837147292205986,0.02143648839877535,0.025912462081147867,1,0,0.0,5,1.7472335215385315,0.0,0.0,0.0,0.0,0.0,0.0,,0.0,0.0,0.0,0.025912462081147867,0.0,0.0,0.0,0,0.0,0.0
2023-10-06,45.762001037597656,0.024033327042087604,107.23999786376953,0.042075542197793414,-0.01804221515570581,0.01804221515570581,0.0227225661490822,0.03187937292918056,0,0,0.0,5,4.1026797220888,0.0,0.0,0.0,0.0,0.0,0.0,,0.0,0.0,0.0,0.03187937292918056,0.0,0.0,0.0,0,0.0,0.0
2023-10-09,45.27299880981445,-0.010685770217553237,106.97000122070312,-0.0025176860168292237,-0.008168084200724013,0.008168084200724013,0.0213456902198071,0.032268320092663366,0,0,0.0,5,0.556696479840334,0.0,0.0,0.0,0.0,0.0,0.0,,0.0,0.0,0.0,0.032268320092663366,0.0,0.0,0.0,0,0.0,0.0
2023-10-10,45.79800033569336,0.011596349693652197,109.01000213623047,0.019070775846009136,-0.007474426152356939,0.007474426152356939,0.012776862181107237,0.024125038223947917,0,0,0.0,5,3.914415212399073,0.0,0.0,0.0,0.0,0.0,0.0,,0.0,0.0,0.0,0.024125038223947917,0.0,0.0,0.0,0,0.0,0.0
2023-10-11,46.805999755859375,0.022009681924483937,108.30999755859375,-0.006421471093651765,0.028431153018135702,0.028431153018135702,0.013842882595615795,0.022184798519852448,1,1,1.0,5,0.6751305890447491,-4.0,5.0,187.2239990234375,-541.5499877929688,0.0,0.0,Opened,187.2239990234375,-541.5499877929688,0.0,0.022184798519852448,728.7739868164062,0.0,0.0,0,0.0,728.7739868164062
2023-10-12,46.94499969482422,0.002969703450195871,108.79000091552734,0.004431754849536507,-0.0014620513993406359,0.0014620513993406359,0.01432689814986788,0.01974630896729698,0,0,-1.0,5,3.458296975934503,4.0,-5.0,-187.77999877929688,543.9500045776367,-0.555999755859375,2.4000167846679688,Closed,-187.77999877929688,543.9500045776367,1.8440170288085938,0.01974630896729698,731.7300033569336,1.8440170288085938,0.002520078472044139,0,1.8440170288085938,0.0
2023-10-13,45.46099853515625,-0.031611485127596706,105.08999633789062,-0.03401052069582822,0.002399035568231511,0.002399035568231511,0.020824535297789597,0.019442133294425804,1,0,0.0,5,2.4870859121770246,0.0,0.0,0.0,0.0,0.0,0.0,,0.0,0.0,0.0,0.020824535297789597,0.0,0.0,0.0,0,0.0,0.0
2023-10-16,46.095001220703125,0.013946079188220661,106.45999908447266,0.013036471541754802,0.0009096076464658598,0.0009096076464658598,0.02091637857254353,0.020905766358539614,1,0,0.0,5,2.1589399428267537,0.0,0.0,0.0,0.0,0.0,0.0,,0.0,0.0,0.0,0.02091637857254353,0.0,0.0,0.0,0,0.0,0.0
2023-10-17,43.9379997253418,-0.04679469439719919,105.13999938964844,-0.012399020347321654,-0.034395674049877534,0.034395674049877534,0.029853904295092763,0.017966435600516733,0,1,1.0,5,0.6340426109241497,4.0,-5.0,-175.7519989013672,525.6999969482422,0.0,0.0,Opened,-175.7519989013672,525.6999969482422,0.0,0.029853904295092763,701.4519958496094,0.0,0.0,0,0.0,701.4519958496094
2023-10-18,42.19599914550781,-0.03964678844561198,102.16999816894531,-0.028248061993003337,-0.011398726452608643,0.011398726452608643,0.027011402507466004,0.02027232911529293,0,1,0.0,5,1.7251734068179871,-4.0,5.0,168.78399658203125,-510.84999084472656,-6.9680023193359375,14.850006103515625,Live,0.0,0.0,0.0,0.027011402507466004,679.6339874267578,7.8820037841796875,0.011597424393124701,0,0.0,0.0
2023-10-19,42.10100173950195,-0.0022513368075079976,102.4000015258789,0.0022511829407421136,-0.004502519748250111,0.004502519748250111,0.025971351821660688,0.019864940766172245,0,1,0.0,5,2.432079969733439,-4.0,5.0,168.4040069580078,-512.0000076293945,-7.347991943359375,13.699989318847656,Live,0.0,0.0,0.0,0.025971351821660688,680.4040145874023,6.351997375488281,0.009335625950620145,0,0.0,0.0
2023-10-20,41.387001037597656,-0.01695923309193792,101.80999755859375,-0.005761757407162227,-0.011197475684775693,0.011197475684775693,0.025331755613711912,0.015541865563574937,0,1,0.0,5,0.8357477742079951,-4.0,5.0,165.54800415039062,-509.04998779296875,-10.203994750976562,16.650009155273438,Live,0.0,0.0,0.0,0.025331755613711912,674.5979919433594,6.446014404296875,0.00955534182028531,0,0.0,0.0
2023-10-23,42.974998474121094,0.03836947342671282,100.01000213623047,-0.017679947603646218,0.05604942103035904,0.05604942103035904,0.03398942025630411,0.011594794827960515,1,0,-1.0,5,1.072315790114657,-4.0,5.0,171.89999389648438,-500.05001068115234,-3.8520050048828125,25.649986267089844,Closed,171.89999389648438,-500.05001068115234,21.79798126220703,0.03398942025630411,671.9500045776367,21.79798126220703,0.03243988557736293,0,21.79798126220703,0.0
2023-10-24,43.66299819946289,0.01600930191437011,101.66999816894531,0.016598300142556255,-0.0005889982281861439,0.0005889982281861439,0.029954359600159273,0.017382505175508427,0,0,0.0,5,2.414184628349985,0.0,0.0,0.0,0.0,0.0,0.0,,0.0,0.0,0.0,0.029954359600159273,0.0,0.0,0.0,0,0.0,0.0
2023-10-25,41.77899932861328,-0.0431486372567238,96.05999755859375,-0.05517852573410509,0.01202988847738129,0.01202988847738129,0.031105730107318996,0.02718690417703595,1,0,0.0,5,2.9402722570094517,0.0,0.0,0.0,0.0,0.0,0.0,,0.0,0.0,0.0,0.031105730107318996,0.0,0.0,0.0,0,0.0,0.0
2023-10-26,40.32600021362305,-0.03477821724646035,93.66999816894531,-0.024880277434846,-0.009897939811614354,0.009897939811614354,0.03449380614197439,0.026337146382936882,0,0,0.0,5,1.6617407363404453,0.0,0.0,0.0,0.0,0.0,0.0,,0.0,0.0,0.0,0.03449380614197439,0.0,0.0,0.0,0,0.0,0.0
2023-10-27,40.5,0.004314828781808444,96.43000030517578,0.029465166971098578,-0.025150338189290133,0.025150338189290133,0.03444008454606754,0.0338596777107467,0,0,0.0,5,16.25932396402395,0.0,0.0,0.0,0.0,0.0,0.0,,0.0,0.0,0.0,0.03444008454606754,0.0,0.0,0.0,0,0.0,0.0
2023-10-30,41.1609992980957,0.01632097032335067,96.18000030517578,-0.0025925541761776527,0.018913524499528322,0.018913524499528322,0.028599747487149024,0.03371343995545265,1,0,0.0,5,0.3711767199424702,0.0,0.0,0.0,0.0,0.0,0.0,,0.0,0.0,0.0,0.03371343995545265,0.0,0.0,0.0,0,0.0,0.0
2023-10-31,40.779998779296875,-0.009256347642085938,98.5,0.024121435719099082,-0.03337778336118502,0.03337778336118502,0.02527988188788122,0.03518347260339612,0,0,0.0,5,6.294373627133689,0.0,0.0,0.0,0.0,0.0,0.0,,0.0,0.0,0.0,0.03518347260339612,0.0,0.0,0.0,0,0.0,0.0
2023-11-01,42.32500076293945,0.03788626851129151,108.04000091552734,0.09685280117286643,-0.05896653266157492,0.05896653266157492,0.02726530753942009,0.04591323007838865,0,1,1.0,5,6.525562559810755,33.0,-5.0,-1396.725025177002,540.2000045776367,0.0,0.0,Opened,-1396.725025177002,540.2000045776367,0.0,0.04591323007838865,1936.9250297546387,0.0,0.0,0,0.0,1936.9250297546387
2023-11-02,43.50600051879883,0.027903124266296153,107.83000183105469,-0.001943716056026723,0.029846840322322876,0.029846840322322876,0.018665605887737326,0.040569259635277154,1,0,-1.0,5,0.17265153377857909,-33.0,5.0,1435.6980171203613,-539.1500091552734,38.972991943359375,1.0499954223632812,Closed,1435.6980171203613,-539.1500091552734,40.022987365722656,0.040569259635277154,1974.8480262756348,40.022987365722656,0.02026636320021141,0,40.022987365722656,0.0
2023-11-03,45.005001068115234,0.0344550299140618,112.25,0.040990430250297694,-0.006535400336235897,0.006535400336235897,0.01904015869226509,0.04091541111492896,0,0,0.0,5,2.967258747884458,0.0,0.0,0.0,0.0,0.0,0.0,,0.0,0.0,0.0,0.04091541111492896,0.0,0.0,0.0,0,0.0,0.0
2023-11-06,45.750999450683594,0.016575899674778016,111.75,-0.0044543429844098315,0.021030242659187848,0.021030242659187848,0.019023284823530336,0.041309652082030704,1,0,0.0,5,0.6563772062756582,0.0,0.0,0.0,0.0,0.0,0.0,,0.0,0.0,0.0,0.041309652082030704,0.0,0.0,0.0,0,0.0,0.0
2023-11-07,45.95500183105469,0.004458971013103108,113.44999694824219,0.015212500655411132,-0.010753529642308024,0.010753529642308024,0.013729641691476233,0.04187488876004059,0,0,0.0,5,8.422434876707506,0.0,0.0,0.0,0.0,0.0,0.0,,0.0,0.0,0.0,0.04187488876004059,0.0,0.0,0.0,0,0.0,0.0
2023-11-08,46.57400131225586,0.013469686792241031,113.58999633789062,0.0012340184523080833,0.012235668339932948,0.012235668339932948,0.011888353365374785,0.01881345189216519,1,0,0.0,5,0.22343988076707838,0.0,0.0,0.0,0.0,0.0,0.0,,0.0,0.0,0.0,0.01881345189216519,0.0,0.0,0.0,0,0.0,0.0
2023-11-09,46.95000076293945,0.008073161851881672,113.48999786376953,-0.0008803457817150306,0.008953507633596702,0.008953507633596702,0.011636058956850482,0.01864701999112122,1,0,0.0,5,0.26359162800299846,0.0,0.0,0.0,0.0,0.0,0.0,,0.0,0.0,0.0,0.01864701999112122,0.0,0.0,0.0,0,0.0,0.0
2023-11-10,48.334999084472656,0.029499431289178313,118.58999633789062,0.04493786739024341,-0.0154384361010651,0.0154384361010651,0.009649411836259633,0.020277187676467176,0,0,0.0,5,3.737534032363517,0.0,0.0,0.0,0.0,0.0,0.0,,0.0,0.0,0.0,0.020277187676467176,0.0,0.0,0.0,0,0.0,0.0
2023-11-13,48.619998931884766,0.005896345356581678,116.79000091552734,-0.015178307428517557,0.021074652785099235,0.021074652785099235,0.010216912396311308,0.022763053995402877,1,0,0.0,5,6.183454209907296,0.0,0.0,0.0,0.0,0.0,0.0,,0.0,0.0,0.0,0.022763053995402877,0.0,0.0,0.0,0,0.0,0.0
2023-11-14,49.65599822998047,0.021308089692620324,119.87999725341797,0.02645771310615519,-0.005149623413534865,0.005149623413534865,0.009761105787190916,0.02404187469121455,0,0,0.0,5,2.997662907697476,0.0,0.0,0.0,0.0,0.0,0.0,,0.0,0.0,0.0,0.02404187469121455,0.0,0.0,0.0,0,0.0,0.0
2023-11-15,48.88800048828125,-0.015466363965582874,118.0,-0.015682326463886898,0.00021596249830402314,0.00021596249830402314,0.017154402180231603,0.02684220754486187,1,0,0.0,5,2.44738332462769,0.0,0.0,0.0,0.0,0.0,0.0,,0.0,0.0,0.0,0.02684220754486187,0.0,0.0,0.0,0,0.0,0.0
2023-11-16,49.47999954223633,0.012109291606168027,119.83000183105469,0.015508490093683713,-0.0033991984875156867,0.0033991984875156867,0.017144133787173714,0.026495654331011503,0,0,0.0,5,3.1016062156734017,0.0,0.0,0.0,0.0,0.0,0.0,,0.0,0.0,0.0,0.026495654331011503,0.0,0.0,0.0,0,0.0,0.0
2023-11-17,49.29800033569336,-0.0036782378380503244,120.62000274658203,0.006592680492829794,-0.010270918330880119,0.010270918330880119,0.014202250231637641,0.018692632602111226,0,0,0.0,5,4.385430690091159,0.0,0.0,0.0,0.0,0.0,0.0,,0.0,0.0,0.0,0.018692632602111226,0.0,0.0,0.0,0,0.0,0.0
2023-11-20,50.409000396728516,0.02253641229806136,121.52999877929688,0.00754432110755876,0.014992091190502599,0.014992091190502599,0.016509951821820714,0.015492497757557306,1,0,0.0,5,0.8070692368536374,0.0,0.0,0.0,0.0,0.0,0.0,,0.0,0.0,0.0,0.016509951821820714,0.0,0.0,0.0,0,0.0,0.0
2023-11-21,49.944000244140625,-0.00922454619072488,119.16000366210938,-0.019501317707502852,0.010276771516777972,0.010276771516777972,0.015688179403514614,0.015499967831554258,1,0,0.0,5,5.043896097487516,0.0,0.0,0.0,0.0,0.0,0.0,,0.0,0.0,0.0,0.015688179403514614,0.0,0.0,0.0,0,0.0,0.0
2023-11-22,48.715999603271484,-0.024587550754171072,122.51000213623047,0.02811344722362019,-0.052700997977791264,0.052700997977791264,0.01841246707811868,0.01745588491764418,0,1,1.0,5,2.8754032620600696,15.0,-5.0,-730.7399940490723,612.5500106811523,0.0,0.0,Opened,-730.7399940490723,612.5500106811523,0.0,0.01841246707811868,1343.2900047302246,0.0,0.0,0,0.0,1343.2900047302246
2023-11-24,47.7760009765625,-0.019295480629855755,122.30999755859375,-0.0016325571312481024,-0.017662923498607652,0.017662923498607652,0.01836280525525153,0.017208506817781657,0,1,0.0,5,0.216603240717419,-15.0,5.0,716.6400146484375,-611.5499877929688,-14.099979400634766,1.0000228881835938,Live,0.0,0.0,0.0,0.01836280525525153,1328.1900024414062,-13.099956512451172,-0.009863013942562095,0,0.0,0.0
2023-11-27,48.242000579833984,0.009753842802793233,122.6500015258789,0.0027798542561681128,0.006973988546625121,0.006973988546625121,0.01986397884956754,0.017161679575008915,1,0,-1.0,5,0.7245836388819994,-15.0,5.0,723.6300086975098,-613.2500076293945,-7.1099853515625,-0.6999969482421875,Closed,723.6300086975098,-613.2500076293945,-7.8099822998046875,0.01986397884956754,1336.8800163269043,-7.8099822998046875,-0.005841947074100725,0,-7.8099822998046875,0.0
2023-11-28,47.82099914550781,-0.008726865164504716,122.01000213623047,-0.00521809524407868,-0.003508769920426036,0.003508769920426036,0.013141283463988206,0.01735053255235586,0,0,0.0,5,1.5255643272382318,0.0,0.0,0.0,0.0,0.0,0.0,,0.0,0.0,0.0,0.01735053255235586,0.0,0.0,0.0,0,0.0,0.0
2023-11-29,48.13999938964844,0.006670714745419248,123.8499984741211,0.015080700808743241,-0.008409986063323993,0.008409986063323993,0.015254356208541544,0.013686558190798864,0,0,0.0,5,5.816196616201906,0.0,0.0,0.0,0.0,0.0,0.0,,0.0,0.0,0.0,0.015254356208541544,0.0,0.0,0.0,0,0.0,0.0
2023-11-30,46.77000045776367,-0.028458640408278835,121.16000366210938,-0.021719780744073214,-0.006738859664205621,0.006738859664205621,0.016409603526222283,0.013359055592683557,0,0,0.0,5,1.9771207421017283,0.0,0.0,0.0,0.0,0.0,0.0,,0.0,0.0,0.0,0.016409603526222283,0.0,0.0,0.0,0,0.0,0.0
2023-12-01,46.76499938964844,-0.00010692897298025805,121.38999938964844,0.0018982809556564728,-0.002005209928636731,0.002005209928636731,0.015318339089566809,0.013485439070814748,0,0,0.0,5,46.08154923409784,0.0,0.0,0.0,0.0,0.0,0.0,,0.0,0.0,0.0,0.015318339089566809,0.0,0.0,0.0,0,0.0,0.0
2023-12-04,45.5099983215332,-0.0268363323959121,118.56999969482422,-0.02323090624436308,-0.0036054261515490182,0.0036054261515490182,0.015735830471677665,0.01619699690473556,0,0,0.0,5,2.2553346325687462,0.0,0.0,0.0,0.0,0.0,0.0,,0.0,0.0,0.0,0.01619699690473556,0.0,0.0,0.0,0,0.0,0.0
2023-12-05,46.566001892089844,0.023203770808688295,118.37999725341797,-0.00160244953947275,0.024806220348161045,0.024806220348161045,0.022263636289410648,0.016356165553895827,1,1,1.0,5,0.1755638797182023,-1.0,5.0,46.566001892089844,-591.8999862670898,0.0,0.0,Opened,46.566001892089844,-591.8999862670898,0.0,0.022263636289410648,638.4659881591797,0.0,0.0,0,0.0,638.4659881591797
2023-12-06,45.50299835205078,-0.022827889379518185,116.81999969482422,-0.013177881354856202,-0.009650008024661982,0.009650008024661982,0.022271334234587277,0.01142723348545918,0,0,-1.0,5,1.4820300846561716,1.0,-5.0,-45.50299835205078,584.0999984741211,1.0630035400390625,-7.79998779296875,Closed,-45.50299835205078,584.0999984741211,-6.7369842529296875,0.022271334234587277,629.6029968261719,-6.7369842529296875,-0.010700368783012183,0,-6.7369842529296875,0.0
2023-12-07,46.59600067138672,0.02402044610070564,128.3699951171875,0.09887001757007385,-0.07484957146936821,0.07484957146936821,0.02426629421654469,0.04926229161480825,0,1,1.0,5,11.33961799471813,57.0,-5.0,-2655.972038269043,641.8499755859375,0.0,0.0,Opened,-2655.972038269043,641.8499755859375,0.0,0.04926229161480825,3297.8220138549805,0.0,0.0,0,0.0,3297.8220138549805
2023-12-08,47.50600051879883,0.019529569797841262,128.9199981689453,0.004284514081781543,0.015245055716059719,0.015245055716059719,0.025882868519464385,0.0491447023535639,1,0,-1.0,5,0.5953614623670888,-57.0,5.0,2707.842029571533,-644.5999908447266,51.869991302490234,-2.7500152587890625,Closed,2707.842029571533,-644.5999908447266,49.11997604370117,0.0491447023535639,3352.4420204162598,49.11997604370117,0.014651998675759987,0,49.11997604370117,0.0
2023-12-11,46.62699890136719,-0.01850295979102279,134.41000366210938,0.04258459177116647,-0.06108755156218926,0.06108755156218926,0.023616772700035617,0.04569810779713741,0,1,1.0,5,6.634457444822274,34.0,-5.0,-1585.3179626464844,672.0500183105469,0.0,0.0,Opened,-1585.3179626464844,672.0500183105469,0.0,0.04569810779713741,2257.3679809570312,0.0,0.0,0,0.0,2257.3679809570312
2023-12-12,47.65700149536133,0.022090261399258404,137.61000061035156,0.02380772904587225,-0.001717467646613846,0.001717467646613846,0.02340752000656,0.04317782528512859,0,1,0.0,5,3.112005810865426,-34.0,5.0,1620.3380508422852,-688.0500030517578,35.02008819580078,-15.999984741210938,Live,0.0,0.0,0.0,0.04317782528512859,2308.388053894043,19.020103454589844,0.008239560685000358,0,0.0,0.0
2023-12-13,48.0880012512207,0.009043786691055766,138.19000244140625,0.004214823257627787,0.00482896343342798,0.00482896343342798,0.01760150477244118,0.03922063742055165,1,0,-1.0,5,1.3392725133961076,-34.0,5.0,1634.992042541504,-690.9500122070312,49.67407989501953,-18.899993896484375,Closed,1634.992042541504,-690.9500122070312,30.774085998535156,0.03922063742055165,2325.942054748535,30.774085998535156,0.013230805099253532,0,30.774085998535156,0.0
2023-12-14,48.349998474121094,0.0054482868092535774,138.0,-0.0013749362330810477,0.006823223042334625,0.006823223042334625,0.016127078359698434,0.018284733959112547,1,0,0.0,5,0.7202864035106917,0.0,0.0,0.0,0.0,0.0,0.0,,0.0,0.0,0.0,0.018284733959112547,0.0,0.0,0.0,0,0.0,0.0
2023-12-15,48.88999938964844,0.011168581852518011,139.14999389648438,0.00833328910495923,0.002835292747558782,0.002835292747558782,0.014962133035618079,0.017790960115818575,1,0,0.0,5,2.123643327018548,0.0,0.0,0.0,0.0,0.0,0.0,,0.0,0.0,0.0,0.017790960115818575,0.0,0.0,0.0,0,0.0,0.0
2023-12-18,50.07699966430664,0.024278999580219507,138.89999389648438,-0.0017966224287869759,0.026075622009006483,0.026075622009006483,0.008306606217368305,0.010474915062150342,1,1,1.0,5,0.20525320894234425,-2.0,5.0,100.15399932861328,-694.4999694824219,0.0,0.0,Opened,100.15399932861328,-694.4999694824219,0.0,0.010474915062150342,794.6539688110352,0.0,0.0,0,0.0,794.6539688110352
2023-12-19,49.604000091552734,-0.009445445532373697,140.14999389648438,0.008999280453039882,-0.01844472598541358,0.01844472598541358,0.012113434591289805,0.005142458961909802,0,0,-1.0,5,2.691917351990479,2.0,-5.0,-99.20800018310547,700.7499694824219,0.9459991455078125,6.25,Closed,-99.20800018310547,700.7499694824219,7.1959991455078125,0.012113434591289805,799.9579696655273,7.1959991455078125,0.008995471535231472,0,7.1959991455078125,0.0
2023-12-20,48.111000061035156,-0.030098379722643065,135.47000122070312,-0.03339274262999914,0.0032943629073560743,0.0032943629073560743,0.020848586100466786,0.017296332104181984,1,0,0.0,5,3.123976249926454,0.0,0.0,0.0,0.0,0.0,0.0,,0.0,0.0,0.0,0.020848586100466786,0.0,0.0,0.0,0,0.0,0.0
2023-12-21,48.9900016784668,0.018270283642337848,139.91000366210938,0.03277480181145598,-0.01450451816911813,0.01450451816911813,0.02237721233673613,0.02397087878972872,0,0,0.0,5,5.1231385146688035,0.0,0.0,0.0,0.0,0.0,0.0,,0.0,0.0,0.0,0.02397087878972872,0.0,0.0,0.0,0,0.0,0.0
2023-12-22,48.83000183105469,-0.003265969420908066,139.60000610351562,-0.002215692591520546,-0.0010502768293875198,0.0010502768293875198,0.021960504156531044,0.02384622304161555,0,0,0.0,5,1.9395281539024953,0.0,0.0,0.0,0.0,0.0,0.0,,0.0,0.0,0.0,0.02384622304161555,0.0,0.0,0.0,0,0.0,0.0
2023-12-26,49.27899932861328,0.009195115312755187,143.41000366210938,0.02729224492847493,-0.018097129615719743,0.018097129615719743,0.01855437127384411,0.026439268913244225,0,0,0.0,5,8.637730438524487,0.0,0.0,0.0,0.0,0.0,0.0,,0.0,0.0,0.0,0.026439268913244225,0.0,0.0,0.0,0,0.0,0.0
2023-12-27,49.41699981689453,0.0028003914479066694,146.07000732421875,0.018548243457106706,-0.015747852009200036,0.015747852009200036,0.01830883944424689,0.02698684050327408,0,0,0.0,5,19.5780178809521,0.0,0.0,0.0,0.0,0.0,0.0,,0.0,0.0,0.0,0.02698684050327408,0.0,0.0,0.0,0,0.0,0.0
2023-12-28,49.52199935913086,0.002124765619632596,148.75999450683594,0.018415739356036687,-0.01629097373640409,0.01629097373640409,0.008242094371278865,0.013314942052288316,0,1,1.0,5,26.0355113917228,131.0,-5.0,-6487.381916046143,743.7999725341797,0.0,0.0,Opened,-6487.381916046143,743.7999725341797,0.0,0.013314942052288316,7231.181888580322,0.0,0.0,0,0.0,7231.181888580322
2023-12-29,49.52199935913086,0.0,147.41000366210938,-0.009074958957897339,0.009074958957897339,0.009074958957897339,0.00458285785635523,0.01544536456418823,1,0,-1.0,5,inf,-131.0,5.0,6487.381916046143,-737.0500183105469,0.0,6.7499542236328125,Closed,6487.381916046143,-737.0500183105469,6.7499542236328125,0.01544536456418823,7224.431934356689,6.7499542236328125,0.0009343231806964034,0,6.7499542236328125,0.0
