Date,2330.TW_Close,2330.TW_dailyReturns,2454.TW_Close,2454.TW_dailyReturns,spread,abs_sprd,2330.TW_rolling avg,2454.TW_rolling avg,,isSprdPos,signal,axe,leverage,ratio,2330.TW_Size,2454.TW_Size,2330.TW_Cashflow,2454.TW_Cashflow,,2330.TW_MTM,2454.TW_MTM,MTM,,,Live Trades,2330.TW_PnL,2454.TW_PnL,Total PnL,Gross Capital
3/1/2024,578,-0.02529511,953,-0.028542304,0.003247194,0.003247194,,,0.00%,1,0,,5,1.860447934,0,0,0,0,0,0,0,0,0.00%,FALSE,,0,0,0,0
4/1/2024,580,0.003460208,928,-0.026232949,0.029693156,0.029693156,,,0.00%,1,0,0,5,12.13011542,0,0,0,0,0,0,0,0,0.00%,FALSE,,0,0,0,0
5/1/2024,576,-0.006896552,921,-0.007543103,0.000646552,0.000646552,,,0.00%,1,0,0,5,1.748860677,0,0,0,0,0,0,0,0,0.00%,FALSE,,0,0,0,0
8/1/2024,583,0.012152778,920,-0.001085776,0.013238554,0.013238554,,,0.00%,1,0,0,5,0.140988628,0,0,0,0,0,0,0,0,0.00%,FALSE,,0,0,0,0
9/1/2024,586,0.005145798,928,0.008695652,-0.003549855,0.003549855,0.014555112,0.016108374,1.61%,0,0,0,5,2.676084483,0,0,0,0,0,0,0,0,0.00%,FALSE,,0,0,0,0
10/1/2024,584,-0.003412969,924,-0.004310345,0.000897376,0.000897376,0.00747522,0.012793306,1.28%,1,0,0,5,1.998199103,0,0,0,0,0,0,0,0,0.00%,FALSE,,0,0,0,0
11/1/2024,586,0.003424658,920,-0.004329004,0.007753662,0.007753662,0.007473607,0.006251264,0.75%,1,1,1,5,1.984545602,-10,5,5860,-4600,10460,0,0,0,0.00%,FALSE,Opened,5860,-4600,0,10460
12/1/2024,584,-0.003412969,926,0.006521739,-0.009934708,0.009934708,0.00653007,0.006136219,0.65%,0,0,-1,5,3.029906194,10,-5,-5840,4630,10470,20,30,50,0.48%,FALSE,Closed,-5840,4630,50,0
15/1/2024,586,0.003424658,922,-0.004319654,0.007744312,0.007744312,0.004119722,0.006578491,0.66%,1,1,1,5,1.984564238,-10,5,5860,-4610,10470,0,0,0,0.00%,FALSE,Opened,5860,-4610,0,10470
16/1/2024,580,-0.010238908,895,-0.029284165,0.019045257,0.019045257,0.005716579,0.013236975,1.32%,1,1,0,5,4.413409754,10,-5,-5800,4475,10275,60,-135,-75,-0.73%,FALSE,Live,0,0,0,0
17/1/2024,581,0.001724138,879,-0.017877095,0.019601233,0.019601233,0.005868448,0.01388543,1.39%,1,1,0,5,15.68692007,10,-5,-5810,4395,10205,50,-215,-165,-1.62%,TRUE,Live,0,0,0,0
18/1/2024,588,0.012048193,897,0.020477816,-0.008429623,0.008429623,0.008273903,0.019607517,1.96%,0,0,-1,5,2.592846695,10,-5,-5880,4485,10365,-20,-125,-145,-1.40%,FALSE,Closed,-5880,4485,-145,0
19/1/2024,626,0.06462585,920,0.025641026,0.038984825,0.038984825,0.029224749,0.023805803,2.92%,1,1,1,5,0.58309943,-3,5,1878,-4600,6478,0,0,0,0.00%,FALSE,Opened,1878,-4600,0,6478
22/1/2024,626,0,922,0.002173913,-0.002173913,0.002173913,0.029581794,0.023761449,2.96%,0,0,-1,5,inf,3,-5,-1878,4610,6488,0,10,10,0.15%,FALSE,Closed,-1878,4610,10,0
23/1/2024,628,0.003194888,911,-0.011930586,0.015125474,0.015125474,0.027401431,0.019203638,2.74%,1,0,0,5,5.41707483,0,0,0,0,0,0,0,0,0.00%,FALSE,,0,0,0,0
24/1/2024,627,-0.001592357,936,0.027442371,-0.029034728,0.029034728,0.027879015,0.017049544,2.79%,0,1,1,5,25.72702588,129,-5,-80883,4680,85563,0,0,0,0.00%,FALSE,Opened,-80883,4680,0,85563
25/1/2024,642,0.023923445,943,0.007478632,0.016444812,0.016444812,0.028000466,0.016562788,2.80%,1,0,-1,5,0.459171726,-129,5,82818,-4715,87533,1935,-35,1900,2.17%,FALSE,Closed,82818,-4715,1900,0
26/1/2024,644,0.003115265,936,-0.007423118,0.010538383,0.010538383,0.010376836,0.01539668,1.54%,1,0,0,5,3.463230209,0,0,0,0,0,0,0,0,0.00%,FALSE,,0,0,0,0
29/1/2024,648,0.00621118,938,0.002136752,0.004074428,0.004074428,0.009879518,0.015397518,1.54%,1,0,0,5,0.497975361,0,0,0,0,0,0,0,0,0.00%,FALSE,,0,0,0,0
30/1/2024,642,-0.009259259,963,0.026652452,-0.035911711,0.035911711,0.012334381,0.015373581,1.54%,0,1,1,5,4.317697228,22,-5,-14124,4815,18939,0,0,0,0.00%,FALSE,Opened,-14124,4815,0,18939
31/1/2024,628,-0.021806854,966,0.003115265,-0.024922118,0.024922118,0.017182359,0.012563522,1.72%,0,1,0,5,0.219745223,-22,5,13816,-4830,18646,-308,-15,-323,-1.73%,TRUE,Live,0,0,0,0
1/2/2024,628,0,930,-0.037267081,0.037267081,0.037267081,0.011347177,0.023107719,2.31%,1,0,-1,5,inf,-22,5,13816,-4650,18466,-308,165,-143,-0.77%,FALSE,Closed,13816,-4650,-143,0
2/2/2024,635,0.011146497,936,0.006451613,0.004694884,0.004694884,0.013100684,0.023210155,2.32%,1,0,0,5,0.853163032,0,0,0,0,0,0,0,0,0.00%,FALSE,,0,0,0,0
5/2/2024,646,0.017322835,937,0.001068376,0.016254459,0.016254459,0.015686372,0.023192984,2.32%,1,0,0,5,0.089456575,0,0,0,0,0,0,0,0,0.00%,FALSE,,0,0,0,0
15/2/2024,697,0.078947368,972,0.037353255,0.041594113,0.041594113,0.037638882,0.026521599,3.76%,1,1,1,5,0.659818187,-4,5,2788,-4860,7648,0,0,0,0.00%,FALSE,Opened,2788,-4860,0,7648
16/2/2024,683,-0.020086083,970,-0.002057613,-0.01802847,0.01802847,0.037199245,0.026575093,3.72%,0,0,-1,5,0.145485431,4,-5,-2732,4850,7582,56,-10,46,0.61%,FALSE,Closed,-2732,4850,46,0
19/2/2024,678,-0.007320644,963,-0.007216495,-0.000104149,0.000104149,0.038189447,0.017613079,3.82%,0,0,0,5,1.400146884,0,0,0,0,0,0,0,0,0.00%,FALSE,,0,0,0,0
20/2/2024,687,0.013274336,982,0.01973001,-0.006455674,0.006455674,0.038133627,0.018467467,3.81%,0,0,0,5,2.124561215,0,0,0,0,0,0,0,0,0.00%,FALSE,,0,0,0,0
21/2/2024,681,-0.008733624,981,-0.00101833,-0.007715295,0.007715295,0.039727793,0.018735069,3.97%,0,0,0,5,0.167963878,0,0,0,0,0,0,0,0,0.00%,FALSE,,0,0,0,0
22/2/2024,692,0.016152717,1015,0.034658512,-0.018505795,0.018505795,0.015503414,0.017740782,1.77%,0,1,1,5,3.147199577,16,-5,-11072,5075,16147,0,0,0,0.00%,FALSE,Opened,-11072,5075,0,16147
23/2/2024,697,0.007225434,1100,0.083743842,-0.076518409,0.076518409,0.011557853,0.036338538,3.63%,0,1,0,5,18.29148144,-16,5,11152,-5500,16652,80,-425,-345,-2.07%,FALSE,Live,0,0,0,0
26/2/2024,698,0.00143472,1115,0.013636364,-0.012201643,0.012201643,0.009941494,0.032578243,3.26%,0,1,0,5,15.18276244,-16,5,11168,-5575,16743,96,-500,-404,-2.41%,FALSE,Live,0,0,0,0
27/2/2024,698,0,1115,0,0,0,0.009216064,0.035241888,3.52%,1,0,-1,5,,-16,5,11168,-5575,16743,96,-500,-404,-2.41%,FALSE,Closed,11168,-5575,-404,0
29/2/2024,690,-0.011461318,1140,0.022421525,-0.033882843,0.033882843,0.010135144,0.032137694,3.21%,0,1,1,5,3.232111523,17,-5,-11730,5700,17430,0,0,0,0.00%,FALSE,Opened,-11730,5700,0,17430
1/3/2024,689,-0.001449275,1105,-0.030701754,0.029252479,0.029252479,0.006784436,0.042001616,4.20%,1,0,-1,5,33.97467726,-17,5,11713,-5525,17238,-17,175,158,0.92%,FALSE,Closed,11713,-5525,158,0
4/3/2024,725,0.052249637,1150,0.040723982,0.011525655,0.011525655,0.025164684,0.026763035,2.68%,1,0,0,5,1.236308316,0,0,0,0,0,0,0,0,0.00%,FALSE,,0,0,0,0
5/3/2024,730,0.006896552,1155,0.004347826,0.002548726,0.002548726,0.024917379,0.026701801,2.67%,1,0,0,5,0.997468731,0,0,0,0,0,0,0,0,0.00%,FALSE,,0,0,0,0
6/3/2024,735,0.006849315,1190,0.03030303,-0.023453715,0.023453715,0.024466103,0.028020551,2.80%,0,0,0,5,7.163059163,0,0,0,0,0,0,0,0,0.00%,FALSE,,0,0,0,0
7/3/2024,760,0.034013605,1230,0.033613445,0.00040016,0.00040016,0.022587152,0.029335666,2.93%,1,0,0,5,1.599380805,0,0,0,0,0,0,0,0,0.00%,FALSE,,0,0,0,0
8/3/2024,784,0.031578947,1230,0,0.031578947,0.031578947,0.019465174,0.018369774,1.95%,1,1,1,5,0,0,5,0,-6150,6150,0,0,0,0.00%,FALSE,Opened,0,-6150,0,6150
11/3/2024,766,-0.022959184,1225,-0.004065041,-0.018894143,0.018894143,0.023130236,0.017743002,2.31%,0,0,-1,5,0.283149481,0,-5,0,6125,6125,0,-25,-25,-0.41%,FALSE,Closed,0,6125,-25,0
12/3/2024,770,0.005221932,1215,-0.008163265,0.013385197,0.013385197,0.023221445,0.019981037,2.32%,1,0,0,5,2.46671084,0,0,0,0,0,0,0,0,0.00%,FALSE,,0,0,0,0
13/3/2024,779,0.011688312,1215,0,0.011688312,0.011688312,0.023108852,0.016744867,2.31%,1,0,0,5,0,0,0,0,0,0,0,0,0,0.00%,FALSE,,0,0,0,0
14/3/2024,784,0.006418485,1150,-0.053497942,0.059916428,0.059916428,0.019527512,0.022810115,2.28%,1,1,1,5,12.226054,-62,5,48608,-5750,54358,0,0,0,0.00%,FALSE,Opened,48608,-5750,0,54358
15/3/2024,753,-0.039540816,1135,-0.013043478,-0.026497338,0.026497338,0.022298009,0.021647123,2.23%,0,0,-1,5,0.497220096,62,-5,-46686,5675,52361,1922,-75,1847,3.53%,FALSE,Closed,-46686,5675,1847,0
18/3/2024,764,0.014608234,1170,0.030837004,-0.016228771,0.016228771,0.022256709,0.030268991,3.03%,0,0,0,5,3.232711715,0,0,0,0,0,0,0,0,0.00%,FALSE,,0,0,0,0
19/3/2024,762,-0.002617801,1150,-0.017094017,0.014476216,0.014476216,0.022043745,0.030486692,3.05%,1,0,0,5,9.854857886,0,0,0,0,0,0,0,0,0.00%,FALSE,,0,0,0,0
20/3/2024,758,-0.005249344,1130,-0.017391304,0.012141961,0.012141961,0.020695942,0.029968425,3.00%,1,0,0,5,4.938969829,0,0,0,0,0,0,0,0,0.00%,FALSE,,0,0,0,0
21/3/2024,784,0.034300792,1140,0.008849558,0.025451234,0.025451234,0.02732846,0.021105275,2.73%,1,0,0,5,0.375151082,0,0,0,0,0,0,0,0,0.00%,FALSE,,0,0,0,0
22/3/2024,785,0.00127551,1125,-0.013157895,0.014433405,0.014433405,0.016338818,0.021120884,2.11%,1,0,0,5,14.78377472,0,0,0,0,0,0,0,0,0.00%,FALSE,,0,0,0,0
25/3/2024,780,-0.006369427,1120,-0.004444444,-0.001924982,0.001924982,0.017044592,0.011090019,1.70%,0,0,0,5,1.001937322,0,0,0,0,0,0,0,0,0.00%,FALSE,,0,0,0,0
26/3/2024,782,0.002564103,1130,0.008928571,-0.006364469,0.006364469,0.016674769,0.012187083,1.67%,0,0,0,5,5.031740957,0,0,0,0,0,0,0,0,0.00%,FALSE,,0,0,0,0
27/3/2024,779,-0.003836317,1165,0.030973451,-0.034809768,0.034809768,0.016461802,0.016704917,1.67%,0,1,1,5,12.07434461,61,-5,-47519,5825,53344,0,0,0,0.00%,FALSE,Opened,-47519,5825,0,53344
28/3/2024,769,-0.01283697,1160,-0.004291845,-0.008545125,0.008545125,0.006215393,0.017215697,1.72%,0,1,0,5,0.504328122,-61,5,46909,-5800,52709,-610,25,-585,-1.11%,FALSE,Live,0,0,0,0
29/3/2024,776,0.009102731,1185,0.021551724,-0.012448993,0.012448993,0.008420614,0.015699505,1.57%,0,1,0,5,3.615488199,-61,5,47336,-5925,53261,-183,-100,-283,-0.53%,FALSE,Live,0,0,0,0
1/4/2024,770,-0.007731959,1160,-0.021097046,0.013365088,0.013365088,0.008606236,0.020657453,2.07%,1,0,-1,5,4.11054487,-61,5,46970,-5800,52770,-549,25,-524,-0.99%,FALSE,Closed,46970,-5800,-524,0
2/4/2024,790,0.025974026,1165,0.004310345,0.021663681,0.021663681,0.015604661,0.020664812,2.07%,1,1,1,5,0.244721192,-2,5,1580,-5825,7405,0,0,0,0.00%,FALSE,Opened,1580,-5825,0,7405
3/4/2024,780,-0.012658228,1160,-0.004291845,-0.008366382,0.008366382,0.016893988,0.015508584,1.69%,0,0,-1,5,0.504236822,2,-5,-1560,5800,7360,20,-25,-5,-0.07%,FALSE,Closed,-1560,5800,-5,0
8/4/2024,783,0.003846154,1150,-0.00862069,0.012466844,0.012466844,0.015195593,0.015871366,1.59%,1,0,0,5,3.291936407,0,0,0,0,0,0,0,0,0.00%,FALSE,,0,0,0,0
9/4/2024,819,0.045977011,1160,0.008695652,0.037281359,0.037281359,0.024542592,0.011659598,2.45%,1,1,1,5,0.26787705,-2,5,1638,-5800,7438,0,0,0,0.00%,FALSE,Opened,1638,-5800,0,7438
10/4/2024,815,-0.004884005,1195,0.030172414,-0.035056419,0.035056419,0.024024387,0.01511704,2.40%,0,0,-1,5,9.058249154,2,-5,-1630,5975,7605,8,175,183,2.41%,FALSE,Closed,-1630,5975,183,0
11/4/2024,820,0.006134969,1200,0.0041841,0.001950869,0.001950869,0.022667401,0.015120783,2.27%,1,0,0,5,0.998061027,0,0,0,0,0,0,0,0,0.00%,FALSE,,0,0,0,0
12/4/2024,818,-0.002439024,1180,-0.016666667,0.014227642,0.014227642,0.020754782,0.017975483,2.08%,1,0,0,5,9.857375713,0,0,0,0,0,0,0,0,0.00%,FALSE,,0,0,0,0
15/4/2024,806,-0.014669927,1110,-0.059322034,0.044652107,0.044652107,0.023532432,0.033850458,3.39%,1,1,1,5,5.568984733,-28,5,22568,-5550,28118,0,0,0,0.00%,FALSE,Opened,22568,-5550,0,28118
16/4/2024,788,-0.022332506,1055,-0.04954955,0.027217043,0.027217043,0.011064414,0.037138588,3.71%,1,1,0,5,2.970492701,28,-5,-22064,5275,27339,504,-275,229,0.84%,FALSE,Live,0,0,0,0
17/4/2024,804,0.020304569,1050,-0.004739336,0.025043905,0.025043905,0.016852298,0.027893072,2.79%,1,1,0,5,0.304829525,28,-5,-22512,5250,27762,56,-300,-244,-0.88%,FALSE,Live,0,0,0,0
18/4/2024,804,0,1050,0,0,0,0.016270586,0.026833052,2.68%,1,1,0,5,,28,-5,-22512,5250,27762,56,-300,-244,-0.88%,FALSE,Live,0,0,0,0
19/4/2024,750,-0.067164179,993,-0.054285714,-0.012878465,0.012878465,0.032521845,0.028748068,3.25%,0,0,-1,5,1.070128254,28,-5,-21000,4965,25965,1568,-585,983,3.79%,FALSE,Closed,-21000,4965,983,0
22/4/2024,742,-0.010666667,966,-0.027190332,0.016523666,0.016523666,0.032635625,0.024886988,3.26%,1,0,0,5,3.318631363,0,0,0,0,0,0,0,0,0.00%,FALSE,,0,0,0,0
23/4/2024,754,0.016172507,972,0.00621118,0.009961327,0.009961327,0.035201574,0.02483525,3.52%,1,0,0,5,0.495098605,0,0,0,0,0,0,0,0,0.00%,FALSE,,0,0,0,0
24/4/2024,783,0.038461538,1010,0.03909465,-0.000633112,0.000633112,0.039553844,0.035325509,3.96%,0,0,0,5,1.311143697,0,0,0,0,0,0,0,0,0.00%,FALSE,,0,0,0,0
25/4/2024,766,-0.021711367,981,-0.028712871,0.007001505,0.007001505,0.04010511,0.036179032,4.01%,1,0,0,5,1.69367354,0,0,0,0,0,0,0,0,0.00%,FALSE,,0,0,0,0
26/4/2024,782,0.020887728,1005,0.024464832,-0.003577103,0.003577103,0.024443925,0.030375896,3.04%,0,0,0,5,1.505255872,0,0,0,0,0,0,0,0,0.00%,FALSE,,0,0,0,0
29/4/2024,795,0.016624041,1015,0.009950249,0.006673792,0.006673792,0.021981111,0.025340535,2.53%,1,0,0,5,0.76418103,0,0,0,0,0,0,0,0,0.00%,FALSE,,0,0,0,0
30/4/2024,790,-0.006289308,992,-0.022660099,0.01637079,0.01637079,0.023678102,0.029435646,2.94%,1,0,0,5,4.524217746,0,0,0,0,0,0,0,0,0.00%,FALSE,,0,0,0,0
2/5/2024,772,-0.02278481,1000,0.008064516,-0.030849326,0.030849326,0.020660978,0.022829052,2.28%,0,1,1,5,0.458474938,3,-5,-2316,5000,7316,0,0,0,0.00%,FALSE,Opened,-2316,5000,0,7316
3/5/2024,780,0.010362694,1040,0.04,-0.029637306,0.029637306,0.018083513,0.02323993,2.32%,0,1,0,5,5.146666667,-3,5,2340,-5200,7540,24,-200,-176,-2.33%,TRUE,Live,0,0,0,0
6/5/2024,786,0.007692308,1035,-0.004807692,0.0125,0.0125,0.015774471,0.022989206,2.30%,1,0,-1,5,0.822996183,-3,5,2358,-5175,7533,42,-175,-133,-1.77%,FALSE,Closed,2358,-5175,-133,0
7/5/2024,800,0.017811705,1045,0.009661836,0.008149869,0.008149869,0.016072406,0.022977518,2.30%,1,0,0,5,0.708566253,0,0,0,0,0,0,0,0,0.00%,FALSE,,0,0,0,0
8/5/2024,802,0.0025,1095,0.04784689,-0.04534689,0.04534689,0.015497196,0.022583662,2.26%,0,1,1,5,26.13084514,131,-5,-105062,5475,110537,0,0,0,0.00%,FALSE,Opened,-105062,5475,0,110537
9/5/2024,796,-0.007481297,1095,0,-0.007481297,0.007481297,0.009424064,0.023911783,2.39%,0,1,0,5,0,-131,5,104276,-5475,109751,-786,0,-786,-0.72%,FALSE,Live,0,0,0,0
10/5/2024,802,0.007537688,1095,0,0.007537688,0.007537688,0.009192221,0.021507615,2.15%,1,0,-1,5,0,-131,5,105062,-5475,110537,0,0,0,0.00%,FALSE,Closed,105062,-5475,0,0
13/5/2024,819,0.021197007,1115,0.01826484,0.002932167,0.002932167,0.011619756,0.019798697,1.98%,1,0,0,5,1.173092583,0,0,0,0,0,0,0,0,0.00%,FALSE,,0,0,0,0
14/5/2024,825,0.007326007,1155,0.035874439,-0.028548432,0.028548432,0.010354156,0.021387315,2.14%,0,1,1,5,6.855605381,35,-5,-28875,5775,34650,0,0,0,0.00%,FALSE,Opened,-28875,5775,0,34650
15/5/2024,839,0.016969697,1155,0,0.016969697,0.016969697,0.011054371,0.016080792,1.61%,1,0,-1,5,0,-35,5,29365,-5775,35140,490,0,490,1.39%,FALSE,Closed,29365,-5775,490,0
16/5/2024,841,0.00238379,1190,0.03030303,-0.02791924,0.02791924,0.007734773,0.016678974,1.67%,0,1,1,5,17.98742478,90,-5,-75690,5950,81640,0,0,0,0.00%,FALSE,Opened,-75690,5950,0,81640
17/5/2024,835,-0.007134364,1165,-0.021008403,0.01387404,0.01387404,0.011352878,0.023320776,2.33%,1,0,-1,5,4.108442778,-90,5,75150,-5825,80975,-540,125,-415,-0.51%,FALSE,Closed,75150,-5825,-415,0
20/5/2024,835,0,1190,0.021459227,-0.021459227,0.021459227,0.008969674,0.023554376,2.36%,0,0,0,5,inf,0,0,0,0,0,0,0,0,0.00%,FALSE,,0,0,0,0
21/5/2024,841,0.007185629,1175,-0.012605042,0.019790671,0.019790671,0.008956514,0.021869707,2.19%,1,0,0,5,2.450876308,0,0,0,0,0,0,0,0,0.00%,FALSE,,0,0,0,0
22/5/2024,864,0.027348395,1185,0.008510638,0.018837756,0.018837756,0.013026308,0.021847757,2.18%,1,0,0,5,0.426810309,0,0,0,0,0,0,0,0,0.00%,FALSE,,0,0,0,0
23/5/2024,875,0.012731481,1205,0.016877637,-0.004146156,0.004146156,0.013138265,0.018594328,1.86%,0,0,0,5,1.825625514,0,0,0,0,0,0,0,0,0.00%,FALSE,,0,0,0,0
24/5/2024,867,-0.009142857,1195,-0.008298755,-0.000844102,0.000844102,0.013734839,0.015090769,1.51%,0,0,0,5,1.251064863,0,0,0,0,0,0,0,0,0.00%,FALSE,,0,0,0,0
27/5/2024,869,0.002306805,1285,0.075313808,-0.073007002,0.073007002,0.013450498,0.035297515,3.53%,0,1,1,5,48.27775397,242,-5,-210298,6425,216723,0,0,0,0.00%,FALSE,Opened,-210298,6425,0,216723
28/5/2024,865,-0.004602992,1310,0.019455253,-0.024058245,0.024058245,0.014629308,0.031521275,3.15%,0,1,0,5,6.401059355,-242,5,209330,-6550,215880,-968,-125,-1093,-0.51%,FALSE,Live,0,0,0,0
29/5/2024,857,-0.009248555,1290,-0.015267176,0.006018621,0.006018621,0.009287992,0.035657548,3.57%,1,0,-1,5,2.48481299,-242,5,207394,-6450,213844,-2904,-25,-2929,-1.37%,FALSE,Closed,207394,-6450,-2929,0
30/5/2024,838,-0.022170362,1290,0,-0.022170362,0.022170362,0.008941483,0.036533051,3.65%,0,0,0,5,0,0,0,0,0,0,0,0,0,0.00%,FALSE,,0,0,0,0
31/5/2024,821,-0.020286396,1235,-0.042635659,0.022349263,0.022349263,0.010390802,0.044242906,4.42%,1,0,0,5,3.161490469,0,0,0,0,0,0,0,0,0.00%,FALSE,,0,0,0,0
3/6/2024,846,0.03045067,1270,0.028340081,0.002110589,0.002110589,0.021232675,0.028337788,2.83%,1,0,0,5,1.397132493,0,0,0,0,0,0,0,0,0.00%,FALSE,,0,0,0,0
4/6/2024,839,-0.008274232,1240,-0.023622047,0.015347816,0.015347816,0.021271541,0.02667547,2.67%,1,0,0,5,4.219389144,0,0,0,0,0,0,0,0,0.00%,FALSE,,0,0,0,0
5/6/2024,854,0.017878427,1230,-0.008064516,0.025942943,0.025942943,0.02354386,0.026557135,2.66%,1,0,0,5,0.649675153,0,0,0,0,0,0,0,0,0.00%,FALSE,,0,0,0,0
6/6/2024,894,0.046838407,1290,0.048780488,-0.00194208,0.00194208,0.027538262,0.037489889,3.75%,0,0,0,5,1.50278278,0,0,0,0,0,0,0,0,0.00%,FALSE,,0,0,0,0
7/6/2024,879,-0.016778523,1275,-0.011627907,-0.005150617,0.005150617,0.026492848,0.030464617,3.05%,0,0,0,5,1.005238511,0,0,0,0,0,0,0,0,0.00%,FALSE,,0,0,0,0
11/6/2024,883,0.004550626,1270,-0.003921569,0.008472194,0.008472194,0.024965859,0.028074381,2.81%,1,0,0,5,1.239457731,0,0,0,0,0,0,0,0,0.00%,FALSE,,0,0,0,0
12/6/2024,909,0.029445074,1300,0.023622047,0.005823026,0.005823026,0.024187174,0.025870331,2.59%,1,0,0,5,1.147319456,0,0,0,0,0,0,0,0,0.00%,FALSE,,0,0,0,0
13/6/2024,919,0.0110011,1385,0.065384615,-0.054383515,0.054383515,0.024276526,0.03307137,3.31%,0,1,1,5,8.957229848,45,-5,-41355,6925,48280,0,0,0,0.00%,FALSE,Opened,-41355,6925,0,48280
14/6/2024,922,0.003264418,1395,0.007220217,-0.003955799,0.003955799,0.016603373,0.030553636,3.06%,0,1,0,5,3.346476425,-45,5,41490,-6975,48465,135,-50,85,0.18%,FALSE,Live,0,0,0,0
17/6/2024,921,-0.001084599,1380,-0.010752688,0.009668089,0.009668089,0.011994279,0.030356686,3.04%,1,0,-1,5,14.8548212,-45,5,41445,-6900,48345,90,25,115,0.24%,FALSE,Closed,41445,-6900,115,0
18/6/2024,943,0.023887079,1405,0.018115942,0.005771137,0.005771137,0.013092595,0.028208621,2.82%,1,0,0,5,1.129958525,0,0,0,0,0,0,0,0,0.00%,FALSE,,0,0,0,0
19/6/2024,981,0.040296925,1485,0.056939502,-0.016642577,0.016642577,0.016809413,0.032651403,3.27%,0,0,0,5,2.138942969,0,0,0,0,0,0,0,0,0.00%,FALSE,,0,0,0,0
20/6/2024,981,0,1500,0.01010101,-0.01010101,0.01010101,0.018203269,0.025037879,2.50%,0,0,0,5,inf,0,0,0,0,0,0,0,0,0.00%,FALSE,,0,0,0,0
21/6/2024,970,-0.011213048,1490,-0.006666667,-0.004546381,0.004546381,0.021112228,0.026994103,2.70%,0,0,0,5,0.913270853,0,0,0,0,0,0,0,0,0.00%,FALSE,,0,0,0,0
24/6/2024,940,-0.030927835,1410,-0.053691275,0.02276344,0.02276344,0.028193609,0.040238442,4.02%,1,0,0,5,2.604026846,0,0,0,0,0,0,0,0,0.00%,FALSE,,0,0,0,0
25/6/2024,945,0.005319149,1385,-0.017730496,0.023049645,0.023049645,0.02613419,0.040500907,4.05%,1,0,0,5,4.885361552,0,0,0,0,0,0,0,0,0.00%,FALSE,,0,0,0,0
26/6/2024,960,0.015873016,1405,0.014440433,0.001432583,0.001432583,0.017851748,0.027288589,2.73%,1,0,0,5,1.331453069,0,0,0,0,0,0,0,0,0.00%,FALSE,,0,0,0,0
27/6/2024,960,0,1395,-0.007117438,0.007117438,0.007117438,0.017851748,0.024996012,2.50%,1,0,0,5,inf,0,0,0,0,0,0,0,0,0.00%,FALSE,,0,0,0,0
28/6/2024,966,0.00625,1400,0.003584229,0.002665771,0.002665771,0.017842432,0.026156989,2.62%,1,0,0,5,0.831125656,0,0,0,0,0,0,0,0,0.00%,FALSE,,0,0,0,0
1/7/2024,968,0.002070393,1415,0.010714286,-0.008643892,0.008643892,0.006111399,0.013211445,1.32%,0,0,0,5,7.564695248,0,0,0,0,0,0,0,0,0.00%,FALSE,,0,0,0,0
2/7/2024,960,-0.008264463,1410,-0.003533569,-0.004730894,0.004730894,0.008843878,0.009136165,0.91%,0,0,0,5,0.627981449,0,0,0,0,0,0,0,0,0.00%,FALSE,,0,0,0,0
3/7/2024,979,0.019791667,1405,-0.003546099,0.023337766,0.023337766,0.010302609,0.007130207,1.03%,1,1,1,5,0.257135569,-2,5,1958,-7025,8983,0,0,0,0.00%,FALSE,Opened,1958,-7025,0,8983
4/7/2024,1005,0.026557712,1375,-0.021352313,0.047910025,0.047910025,0.013946164,0.011923442,1.39%,1,1,0,5,1.099995506,2,-5,-2010,6875,8885,-52,-150,-202,-2.27%,TRUE,Live,0,0,0,0
5/7/2024,1005,0,1350,-0.018181818,0.018181818,0.018181818,0.014552665,0.012928666,1.46%,1,1,0,5,inf,2,-5,-2010,6750,8760,-52,-275,-327,-3.73%,TRUE,Live,0,0,0,0
8/7/2024,1035,0.029850746,1420,0.051851852,-0.022001106,0.022001106,0.016832555,0.029557942,2.96%,0,0,-1,5,2.383181249,2,-5,-2070,7100,9170,-112,75,-37,-0.40%,FALSE,Closed,-2070,7100,-37,0
9/7/2024,1040,0.004830918,1460,0.028169014,-0.023338096,0.023338096,0.013211936,0.031655412,3.17%,0,0,0,5,8.185807151,0,0,0,0,0,0,0,0,0.00%,FALSE,,0,0,0,0
10/7/2024,1045,0.004807692,1435,-0.017123288,0.02193098,0.02193098,0.01387793,0.03336407,3.34%,1,0,0,5,4.890869765,0,0,0,0,0,0,0,0,0.00%,FALSE,,0,0,0,0
11/7/2024,1080,0.033492823,1420,-0.010452962,0.043945785,0.043945785,0.015763948,0.031545086,3.15%,1,1,1,5,0.410347879,-3,5,3240,-7100,10340,0,0,0,0.00%,FALSE,Opened,3240,-7100,0,10340
12/7/2024,1040,-0.037037037,1360,-0.042253521,0.005216484,0.005216484,0.028163005,0.037580472,3.76%,1,1,0,5,1.491874323,3,-5,-3120,6800,9920,120,-300,-180,-1.81%,FALSE,Live,0,0,0,0
15/7/2024,1040,0,1355,-0.003676471,0.003676471,0.003676471,0.025162147,0.025415293,2.54%,1,1,0,5,inf,3,-5,-3120,6775,9895,120,-325,-205,-2.07%,FALSE,Live,0,0,0,0
16/7/2024,1055,0.014423077,1345,-0.007380074,0.021803151,0.021803151,0.025862312,0.015389072,2.59%,1,1,0,5,0.652337898,3,-5,-3165,6725,9890,75,-375,-300,-3.03%,TRUE,Live,0,0,0,0
17/7/2024,1030,-0.023696682,1325,-0.014869888,-0.008826794,0.008826794,0.028417468,0.015387437,2.84%,0,0,-1,5,0.807232829,3,-5,-3090,6625,9715,150,-475,-325,-3.35%,TRUE,Closed,-3090,6625,-325,0
18/7/2024,1005,-0.024271845,1280,-0.033962264,0.009690419,0.009690419,0.020820933,0.01689145,2.08%,1,0,0,5,1.782123346,0,0,0,0,0,0,0,0,0.00%,FALSE,,0,0,0,0
19/7/2024,970,-0.034825871,1260,-0.015625,-0.019200871,0.019200871,0.02022742,0.011685545,2.02%,0,0,0,5,0.582796392,0,0,0,0,0,0,0,0,0.00%,FALSE,,0,0,0,0
22/7/2024,939,-0.031958763,1225,-0.027777778,-0.004180985,0.004180985,0.019872462,0.010725323,1.99%,0,0,0,5,1.133908566,0,0,0,0,0,0,0,0,0.00%,FALSE,,0,0,0,0
23/7/2024,979,0.042598509,1275,0.040816327,0.001782183,0.001782183,0.032242182,0.029696349,3.22%,1,0,0,5,1.247863292,0,0,0,0,0,0,0,0,0.00%,FALSE,,0,0,0,0
25/7/2024,979,0,1275,0,0,0,0.03228128,0.029866334,3.23%,1,0,0,5,,0,0,0,0,0,0,0,0,0.00%,FALSE,,0,0,0,0
26/7/2024,924,-0.056179775,1245,-0.023529412,-0.032650364,0.032650364,0.038448889,0.027834078,3.84%,0,0,0,5,0.564323911,0,0,0,0,0,0,0,0,0.00%,FALSE,,0,0,0,0
29/7/2024,944,0.021645022,1240,-0.004016064,0.025661086,0.025661086,0.039832384,0.027227051,3.98%,1,0,0,5,0.243720645,0,0,0,0,0,0,0,0,0.00%,FALSE,,0,0,0,0
30/7/2024,940,-0.004237288,1255,0.012096774,-0.016334062,0.016334062,0.036926729,0.023734801,3.69%,0,0,0,5,3.811513384,0,0,0,0,0,0,0,0,0.00%,FALSE,,0,0,0,0
31/7/2024,934,-0.006382979,1220,-0.027888446,0.021505467,0.021505467,0.028616324,0.016720031,2.86%,1,0,0,5,5.707078894,0,0,0,0,0,0,0,0,0.00%,FALSE,,0,0,0,0
1/8/2024,960,0.027837259,1180,-0.032786885,0.060624144,0.060624144,0.033159852,0.018774088,3.32%,1,1,1,5,1.44771963,-8,5,7680,-5900,13580,0,0,0,0.00%,FALSE,Opened,7680,-5900,0,13580
2/8/2024,903,-0.059375,1090,-0.076271186,0.016896186,0.016896186,0.034435995,0.03358281,3.44%,1,1,0,5,1.550585174,8,-5,-7224,5450,12674,456,-450,6,0.05%,FALSE,Live,0,0,0,0
5/8/2024,815,-0.097452935,991,-0.090825688,-0.006627247,0.006627247,0.049894469,0.041117205,4.99%,0,0,-1,5,1.13326068,8,-5,-6520,4955,11475,1160,-945,215,1.87%,FALSE,Closed,-6520,4955,215,0
6/8/2024,880,0.079754601,1075,0.084762866,-0.005008265,0.005008265,0.069964672,0.068945185,7.00%,0,0,0,5,1.29830185,0,0,0,0,0,0,0,0,0.00%,FALSE,,0,0,0,0
7/8/2024,920,0.045454545,1150,0.069767442,-0.024312896,0.024312896,0.074534271,0.081826694,8.18%,0,0,0,5,1.918604651,0,0,0,0,0,0,0,0,0.00%,FALSE,,0,0,0,0
8/8/2024,896,-0.026086957,1115,-0.030434783,0.004347826,0.004347826,0.073252843,0.081662861,8.17%,1,0,0,5,1.451822917,0,0,0,0,0,0,0,0,0.00%,FALSE,,0,0,0,0
9/8/2024,934,0.042410714,1125,0.00896861,0.033442104,0.033442104,0.07073644,0.072373061,7.24%,1,0,0,5,0.254715393,0,0,0,0,0,0,0,0,0.00%,FALSE,,0,0,0,0
12/8/2024,940,0.006423983,1175,0.044444444,-0.038020462,0.038020462,0.040525083,0.046723658,4.67%,0,0,0,5,8.648148148,0,0,0,0,0,0,0,0,0.00%,FALSE,,0,0,0,0
13/8/2024,941,0.00106383,1160,-0.012765957,0.013829787,0.013829787,0.03011708,0.041027838,4.10%,1,0,0,5,14.79277365,0,0,0,0,0,0,0,0,0.00%,FALSE,,0,0,0,0
14/8/2024,948,0.007438895,1185,0.021551724,-0.014112829,0.014112829,0.024400902,0.029187653,2.92%,0,0,0,5,3.62145936,0,0,0,0,0,0,0,0,0.00%,FALSE,,0,0,0,0
15/8/2024,943,-0.005274262,1155,-0.025316456,0.020042194,0.020042194,0.01858836,0.027622691,2.76%,1,0,0,5,5.879109226,0,0,0,0,0,0,0,0,0.00%,FALSE,,0,0,0,0
16/8/2024,969,0.02757158,1230,0.064935065,-0.037363485,0.037363485,0.012335119,0.037868391,3.79%,0,0,0,5,2.989502757,0,0,0,0,0,0,0,0,0.00%,FALSE,,0,0,0,0
19/8/2024,973,0.004127967,1255,0.020325203,-0.016197236,0.016197236,0.012425032,0.035189824,3.52%,0,0,0,5,6.350816559,0,0,0,0,0,0,0,0,0.00%,FALSE,,0,0,0,0
20/8/2024,973,0,1250,-0.003984064,0.003984064,0.003984064,0.012560161,0.03372441,3.37%,1,0,0,5,inf,0,0,0,0,0,0,0,0,0.00%,FALSE,,0,0,0,0
21/8/2024,958,-0.015416238,1220,-0.024,0.008583762,0.008583762,0.015956743,0.037610461,3.76%,1,0,0,5,1.982563674,0,0,0,0,0,0,0,0,0.00%,FALSE,,0,0,0,0
22/8/2024,951,-0.007306889,1230,0.008196721,-0.015503611,0.015503611,0.016218569,0.033284361,3.33%,0,0,0,5,1.450882468,0,0,0,0,0,0,0,0,0.00%,FALSE,,0,0,0,0
23/8/2024,949,-0.002103049,1225,-0.004065041,0.001961991,0.001961991,0.007530451,0.016478844,1.65%,1,0,0,5,2.495084685,0,0,0,0,0,0,0,0,0.00%,FALSE,,0,0,0,0
26/8/2024,950,0.001053741,1215,-0.008163265,0.009217006,0.009217006,0.006774188,0.011589026,1.16%,1,0,0,5,9.90792696,0,0,0,0,0,0,0,0,0.00%,FALSE,,0,0,0,0
27/8/2024,942,-0.008421053,1210,-0.004115226,-0.004305826,0.004305826,0.006328788,0.011582328,1.16%,0,0,0,5,0.627713996,0,0,0,0,0,0,0,0,0.00%,FALSE,,0,0,0,0
28/8/2024,964,0.023354565,1200,-0.008264463,0.031619028,0.031619028,0.012909506,0.006740181,1.29%,1,1,1,5,0.440501167,-3,5,2892,-6000,8892,0,0,0,0.00%,FALSE,Opened,2892,-6000,0,8892
29/8/2024,943,-0.021784232,1250,0.041666667,-0.063450899,0.063450899,0.016461726,0.021484363,2.15%,0,0,-1,5,2.535390261,3,-5,-2829,6250,9079,63,250,313,3.45%,FALSE,Closed,-2829,6250,313,0
