index,SPY_Close,SPY_dailyReturns,IVV_Close,IVV_dailyReturns,spread,abs_sprd,SPY_rolling avg,IVV_rolling avg,isSprdPos,signal,axe,leverage,ratio,SPY_Size,IVV_Size,SPY_Cashflow,IVV_Cashflow,SPY_MTM,IVV_MTM,Live Trades,SPY_PnL,IVV_PnL,Total PnL,riskThreshold,grossCashflow,totalMTM,totalMTM in %,isStoppedOut,Adjusted PnL,Gross Capital
2024-01-01,466.6639404296875,0.0,468.49066162109375,0.0,0.0,0.0,,,1,0,,5,,0.0,0.0,0.0,0.0,0.0,0.0,,0.0,0.0,0.0,,0.0,0.0,0.0,0,0.0,0.0
2024-01-02,466.6639404296875,0.0,468.49066162109375,0.0,0.0,0.0,,,1,0,0.0,5,,0.0,0.0,0.0,0.0,0.0,0.0,,0.0,0.0,0.0,,0.0,0.0,0.0,0,0.0,0.0
2024-01-03,462.85284423828125,-0.008166682405109649,464.6629638671875,-0.00817027545578275,3.593050673100784e-06,3.593050673100784e-06,,,1,0,0.0,5,1.004352473753688,0.0,0.0,0.0,0.0,0.0,0.0,,0.0,0.0,0.0,,0.0,0.0,0.0,0,0.0,0.0
2024-01-04,461.36199951171875,-0.0032209907427834805,463.2325134277344,-0.0030784688057513554,-0.00014252193703212512,0.00014252193703212512,,,0,0,0.0,5,0.9596270780703188,0.0,0.0,0.0,0.0,0.0,0.0,,0.0,0.0,0.0,,0.0,0.0,0.0,0,0.0,0.0
2024-01-05,461.993896484375,0.0013696337655138002,463.7849426269531,0.0011925527315235218,0.00017708103399027841,0.00017708103399027841,,,1,0,0.0,5,0.8740847514492648,0.0,0.0,0.0,0.0,0.0,0.0,,0.0,0.0,0.0,,0.0,0.0,0.0,0,0.0,0.0
2024-01-06,461.993896484375,0.0,463.7849426269531,0.0,0.0,0.0,,,1,0,0.0,5,,0.0,0.0,0.0,0.0,0.0,0.0,,0.0,0.0,0.0,,0.0,0.0,0.0,0,0.0,0.0
2024-01-07,461.993896484375,0.0,463.7849426269531,0.0,0.0,0.0,,,1,0,0.0,5,,0.0,0.0,0.0,0.0,0.0,0.0,,0.0,0.0,0.0,,0.0,0.0,0.0,0,0.0,0.0
2024-01-08,468.5892639160156,0.014275875681105887,470.167724609375,0.01376237431570937,0.0005135013653965181,0.0005135013653965181,,,1,0,0.0,5,0.9672775039231032,0.0,0.0,0.0,0.0,0.0,0.0,,0.0,0.0,0.0,,0.0,0.0,0.0,0,0.0,0.0
2024-01-09,467.8783874511719,-0.0015170566625938298,469.72381591796875,-0.0009441496473945321,-0.0005729070151992977,0.0005729070151992977,,,0,0,0.0,5,0.6248109456105093,0.0,0.0,0.0,0.0,0.0,0.0,,0.0,0.0,0.0,,0.0,0.0,0.0,0,0.0,0.0
2024-01-10,470.5244445800781,0.005655437822894571,472.3578186035156,0.005607556177238626,4.788164565594499e-05,4.788164565594499e-05,,,1,0,0.0,5,0.9953969797723851,0.0,0.0,0.0,0.0,0.0,0.0,,0.0,0.0,0.0,,0.0,0.0,0.0,0,0.0,0.0
2024-01-11,470.3171081542969,-0.000440649637164503,472.101318359375,-0.0005430210616581554,0.00010237142449365244,0.00010237142449365244,,,1,0,0.0,5,1.236994287439056,0.0,0.0,0.0,0.0,0.0,0.0,,0.0,0.0,0.0,,0.0,0.0,0.0,0,0.0,0.0
2024-01-12,470.64288330078125,0.0006926712654846678,472.5058288574219,0.0008568298420614795,-0.00016415857657681165,0.00016415857657681165,,,0,0,0.0,5,1.2418898750144574,0.0,0.0,0.0,0.0,0.0,0.0,,0.0,0.0,0.0,,0.0,0.0,0.0,0,0.0,0.0
2024-01-13,470.64288330078125,0.0,472.5058288574219,0.0,0.0,0.0,,,1,0,0.0,5,,0.0,0.0,0.0,0.0,0.0,0.0,,0.0,0.0,0.0,,0.0,0.0,0.0,0,0.0,0.0
2024-01-14,470.64288330078125,0.0,472.5058288574219,0.0,0.0,0.0,,,1,0,0.0,5,,0.0,0.0,0.0,0.0,0.0,0.0,,0.0,0.0,0.0,,0.0,0.0,0.0,0,0.0,0.0
2024-01-15,470.64288330078125,0.0,472.5058288574219,0.0,0.0,0.0,,,1,0,0.0,5,,0.0,0.0,0.0,0.0,0.0,0.0,,0.0,0.0,0.0,,0.0,0.0,0.0,0,0.0,0.0
2024-01-16,468.9150695800781,-0.0036711778335738465,470.8681945800781,-0.0034658498950240757,-0.00020532793854977083,0.00020532793854977083,,,0,0,0.0,5,0.9480025241014828,0.0,0.0,0.0,0.0,0.0,0.0,,0.0,0.0,0.0,,0.0,0.0,0.0,0,0.0,0.0
2024-01-17,466.30853271484375,-0.005558654507667238,468.22430419921875,-0.005614926663749742,5.627215608250413e-05,5.627215608250413e-05,,,1,0,0.0,5,1.0142733091881722,0.0,0.0,0.0,0.0,0.0,0.0,,0.0,0.0,0.0,,0.0,0.0,0.0,0,0.0,0.0
2024-01-18,470.4552917480469,0.008892736766064946,472.23944091796875,0.008575241999914773,0.0003174947661501726,0.0003174947661501726,,,1,0,0.0,5,0.9679542838446764,0.0,0.0,0.0,0.0,0.0,0.0,,0.0,0.0,0.0,,0.0,0.0,0.0,0,0.0,0.0
2024-01-19,476.320068359375,0.012466172055450198,478.14874267578125,0.012513359211008712,-4.7187155558514604e-05,4.7187155558514604e-05,,,0,0,0.0,5,1.0076389194829114,0.0,0.0,0.0,0.0,0.0,0.0,,0.0,0.0,0.0,,0.0,0.0,0.0,0,0.0,0.0
2024-01-20,476.320068359375,0.0,478.14874267578125,0.0,0.0,0.0,,,1,0,0.0,5,,0.0,0.0,0.0,0.0,0.0,0.0,,0.0,0.0,0.0,,0.0,0.0,0.0,0,0.0,0.0
2024-01-21,476.320068359375,0.0,478.14874267578125,0.0,0.0,0.0,,,1,0,0.0,5,,0.0,0.0,0.0,0.0,0.0,0.0,,0.0,0.0,0.0,,0.0,0.0,0.0,0,0.0,0.0
2024-01-22,477.3272399902344,0.002114484981345477,479.1845703125,0.0021663293119251747,-5.184433057969784e-05,5.184433057969784e-05,,,0,0,0.0,5,1.0285051658109714,0.0,0.0,0.0,0.0,0.0,0.0,,0.0,0.0,0.0,,0.0,0.0,0.0,0,0.0,0.0
2024-01-23,478.71929931640625,0.002916362632479075,480.6741943359375,0.003108664418109308,-0.00019230178563023337,0.00019230178563023337,,,0,0,0.0,5,1.0702917755021475,0.0,0.0,0.0,0.0,0.0,0.0,,0.0,0.0,0.0,,0.0,0.0,0.0,0,0.0,0.0
2024-01-24,479.24261474609375,0.0010931571600201195,481.03924560546875,0.000759456766834754,0.0003337003931853655,0.0003337003931853655,,,1,0,0.0,5,0.6973415345645743,0.0,0.0,0.0,0.0,0.0,0.0,,0.0,0.0,0.0,,0.0,0.0,0.0,0,0.0,0.0
2024-01-25,481.84918212890625,0.005438930726545443,483.7225646972656,0.005578170838056007,-0.00013924011151056348,0.00013924011151056348,,,0,0,0.0,5,1.0295880758775888,0.0,0.0,0.0,0.0,0.0,0.0,,0.0,0.0,0.0,,0.0,0.0,0.0,0,0.0,0.0
2024-01-26,481.237060546875,-0.0012703592840539457,483.219482421875,-0.001040022343604119,-0.00023033694044982678,0.00023033694044982678,,,0,0,0.0,5,0.8220561339259307,0.0,0.0,0.0,0.0,0.0,0.0,,0.0,0.0,0.0,,0.0,0.0,0.0,0,0.0,0.0
2024-01-27,481.237060546875,0.0,483.219482421875,0.0,0.0,0.0,,,1,0,0.0,5,,0.0,0.0,0.0,0.0,0.0,0.0,,0.0,0.0,0.0,,0.0,0.0,0.0,0,0.0,0.0
2024-01-28,481.237060546875,0.0,483.219482421875,0.0,0.0,0.0,,,1,0,0.0,5,,0.0,0.0,0.0,0.0,0.0,0.0,,0.0,0.0,0.0,,0.0,0.0,0.0,0,0.0,0.0
2024-01-29,485.04815673828125,0.007919373846800859,487.017578125,0.00785998048772596,5.939335907489962e-05,5.939335907489962e-05,,,1,0,0.0,5,0.9965300541235356,0.0,0.0,0.0,0.0,0.0,0.0,,0.0,0.0,0.0,,0.0,0.0,0.0,0,0.0,0.0
2024-01-30,484.6729736328125,-0.0007734966111234698,486.652587890625,-0.0007494395495541983,-2.4057061569271454e-05,2.4057061569271454e-05,,,0,0,0.0,5,0.9728556975093822,0.0,0.0,0.0,0.0,0.0,0.0,,0.0,0.0,0.0,,0.0,0.0,0.0,0,0.0,0.0
2024-01-31,476.764404296875,-0.01631733099673316,478.6617431640625,-0.016420018973285377,0.00010268797655221817,0.00010268797655221817,,,1,0,0.0,5,1.0102978442720751,0.0,0.0,0.0,0.0,0.0,0.0,,0.0,0.0,0.0,,0.0,0.0,0.0,0,0.0,0.0
2024-02-01,483.0044250488281,0.013088268955724125,485.0149841308594,0.013272924058648439,-0.00018465510292431375,0.00018465510292431375,,,0,0,0.0,5,1.0183297815042363,0.0,0.0,0.0,0.0,0.0,0.0,,0.0,0.0,0.0,,0.0,0.0,0.0,0,0.0,0.0
2024-02-02,488.0891418457031,0.010527267522157713,490.0166015625,0.010312294661583454,0.00021497286057425846,0.00021497286057425846,,,1,0,0.0,5,0.9834477750726116,0.0,0.0,0.0,0.0,0.0,0.0,,0.0,0.0,0.0,,0.0,0.0,0.0,0,0.0,0.0
2024-02-03,488.0891418457031,0.0,490.0166015625,0.0,0.0,0.0,,,1,0,0.0,5,,0.0,0.0,0.0,0.0,0.0,0.0,,0.0,0.0,0.0,,0.0,0.0,0.0,0,0.0,0.0
2024-02-04,488.0891418457031,0.0,490.0166015625,0.0,0.0,0.0,,,1,0,0.0,5,,0.0,0.0,0.0,0.0,0.0,0.0,,0.0,0.0,0.0,,0.0,0.0,0.0,0,0.0,0.0
2024-02-05,486.3119201660156,-0.003641182577770463,488.3789367675781,-0.0033420598194018325,-0.00029912275836863067,0.00029912275836863067,,,0,0,0.0,5,0.9217513305481494,0.0,0.0,0.0,0.0,0.0,0.0,,0.0,0.0,0.0,,0.0,0.0,0.0,0,0.0,0.0
2024-02-06,487.7238464355469,0.002903334693192816,489.7009582519531,0.0027069584391272716,0.0001963762540655445,0.0001963762540655445,,,1,0,0.0,5,0.9361413912570445,0.0,0.0,0.0,0.0,0.0,0.0,,0.0,0.0,0.0,,0.0,0.0,0.0,0,0.0,0.0
2024-02-07,491.7916564941406,0.008340396083403867,493.6766357421875,0.008118582214799108,0.00022181386860475882,0.00022181386860475882,,,1,0,0.0,5,0.9771358216839666,0.0,0.0,0.0,0.0,0.0,0.0,,0.0,0.0,0.0,,0.0,0.0,0.0,0,0.0,0.0
2024-02-08,492.0088806152344,0.0004416994843756683,494.0021667480469,0.0006594012806986349,-0.0002177017963229666,0.0002177017963229666,,,0,0,0.0,5,1.4989212137947128,0.0,0.0,0.0,0.0,0.0,0.0,,0.0,0.0,0.0,,0.0,0.0,0.0,0,0.0,0.0
2024-02-09,494.8523864746094,0.005779379136041873,496.86309814453125,0.005791333700654544,-1.1954564612670637e-05,1.1954564612670637e-05,,,0,0,0.0,5,1.0061401462265862,0.0,0.0,0.0,0.0,0.0,0.0,,0.0,0.0,0.0,,0.0,0.0,0.0,0,0.0,0.0
2024-02-10,494.8523864746094,0.0,496.86309814453125,0.0,0.0,0.0,,,1,0,0.0,5,,0.0,0.0,0.0,0.0,0.0,0.0,,0.0,0.0,0.0,,0.0,0.0,0.0,0,0.0,0.0
2024-02-11,494.8523864746094,0.0,496.86309814453125,0.0,0.0,0.0,,,1,0,0.0,5,,0.0,0.0,0.0,0.0,0.0,0.0,,0.0,0.0,0.0,,0.0,0.0,0.0,0,0.0,0.0
2024-02-12,494.6351623535156,-0.00043896751239558274,496.59674072265625,-0.0005360780924759112,9.711058008032847e-05,9.711058008032847e-05,,,1,0,0.0,5,1.2260680031795073,0.0,0.0,0.0,0.0,0.0,0.0,,0.0,0.0,0.0,,0.0,0.0,0.0,0,0.0,0.0
2024-02-13,487.82257080078125,-0.013772962521142795,489.9278259277344,-0.01342923593339973,-0.0003437265877430651,0.0003437265877430651,,,0,0,0.0,5,0.9792512935857914,0.0,0.0,0.0,0.0,0.0,0.0,,0.0,0.0,0.0,,0.0,0.0,0.0,0,0.0,0.0
2024-02-14,492.2557067871094,0.009087599163464244,494.2981262207031,0.008920294095754011,0.0001673050677102328,0.0001673050677102328,,,1,0,0.0,5,0.9856624560647492,0.0,0.0,0.0,0.0,0.0,0.0,,0.0,0.0,0.0,,0.0,0.0,0.0,0,0.0,0.0
2024-02-15,495.6521301269531,0.006899713488365267,497.55364990234375,0.006586154203196415,0.0003135592851688518,0.0003135592851688518,,,1,0,0.0,5,0.9582167919838532,0.0,0.0,0.0,0.0,0.0,0.0,,0.0,0.0,0.0,,0.0,0.0,0.0,0,0.0,0.0
2024-02-16,493.1838073730469,-0.004979949855706267,495.18603515625,-0.004758511462147785,-0.00022143839355848183,0.00022143839355848183,,,0,0,0.0,5,0.959413288684122,0.0,0.0,0.0,0.0,0.0,0.0,,0.0,0.0,0.0,,0.0,0.0,0.0,0,0.0,0.0
2024-02-17,493.1838073730469,0.0,495.18603515625,0.0,0.0,0.0,,,1,0,0.0,5,,0.0,0.0,0.0,0.0,0.0,0.0,,0.0,0.0,0.0,,0.0,0.0,0.0,0,0.0,0.0
2024-02-18,493.1838073730469,0.0,495.18603515625,0.0,0.0,0.0,,,1,0,0.0,5,,0.0,0.0,0.0,0.0,0.0,0.0,,0.0,0.0,0.0,,0.0,0.0,0.0,0,0.0,0.0
2024-02-19,493.1838073730469,0.0,495.18603515625,0.0,0.0,0.0,,,1,0,0.0,5,,0.0,0.0,0.0,0.0,0.0,0.0,,0.0,0.0,0.0,,0.0,0.0,0.0,0,0.0,0.0
2024-02-20,490.4686279296875,-0.005505410767279284,492.4336242675781,-0.005558337055695417,5.2926288416133005e-05,5.2926288416133005e-05,,,1,0,0.0,5,1.0136583841892202,0.0,0.0,0.0,0.0,0.0,0.0,,0.0,0.0,0.0,,0.0,0.0,0.0,0,0.0,0.0
2024-02-21,490.91290283203125,0.0009058171655527136,492.87750244140625,0.0009013969638818065,4.420201670907176e-06,4.420201670907176e-06,,,1,0,0.0,5,0.9991026079371169,0.0,0.0,0.0,0.0,0.0,0.0,,0.0,0.0,0.0,,0.0,0.0,0.0,0,0.0,0.0
2024-02-22,501.0726013183594,0.02069552140047204,503.1768493652344,0.02089636242841597,-0.0002008410279439321,0.0002008410279439321,,,0,0,0.0,5,1.0139448063124572,0.0,0.0,0.0,0.0,0.0,0.0,,0.0,0.0,0.0,,0.0,0.0,0.0,0,0.0,0.0
2024-02-23,501.4181823730469,0.0006896826004421097,503.46295166015625,0.0005685919280324914,0.00012109067240961835,0.00012109067240961835,,,1,0,0.0,5,0.827787491818356,0.0,0.0,0.0,0.0,0.0,0.0,,0.0,0.0,0.0,,0.0,0.0,0.0,0,0.0,0.0
2024-02-24,501.4181823730469,0.0,503.46295166015625,0.0,0.0,0.0,,,1,0,0.0,5,,0.0,0.0,0.0,0.0,0.0,0.0,,0.0,0.0,0.0,,0.0,0.0,0.0,0,0.0,0.0
2024-02-25,501.4181823730469,0.0,503.46295166015625,0.0,0.0,0.0,,,1,0,0.0,5,,0.0,0.0,0.0,0.0,0.0,0.0,,0.0,0.0,0.0,,0.0,0.0,0.0,0,0.0,0.0
2024-02-26,499.58172607421875,-0.0036625243427288456,501.56884765625,-0.0037621517088010092,9.96273660721636e-05,9.96273660721636e-05,,,1,0,0.0,5,1.0312875982107714,0.0,0.0,0.0,0.0,0.0,0.0,,0.0,0.0,0.0,,0.0,0.0,0.0,0,0.0,0.0
2024-02-27,500.5097961425781,0.0018576941867995966,502.4566955566406,0.0017701416356685762,8.755255113102045e-05,8.755255113102045e-05,,,1,0,0.0,5,0.9565768161754681,0.0,0.0,0.0,0.0,0.0,0.0,,0.0,0.0,0.0,,0.0,0.0,0.0,0,0.0,0.0
2024-02-28,499.8482971191406,-0.0013216505022192182,501.8253173828125,-0.0012565822675099092,-6.5068234709309e-05,6.5068234709309e-05,,,0,0,0.0,5,0.9545279561849022,0.0,0.0,0.0,0.0,0.0,0.0,,0.0,0.0,0.0,,0.0,0.0,0.0,0,0.0,0.0
2024-02-29,501.645263671875,0.0035950238564204096,503.57147216796875,0.0034796067967695077,0.00011541705965090188,0.00011541705965090188,,,1,0,0.0,5,0.9716118357239314,0.0,0.0,0.0,0.0,0.0,0.0,,0.0,0.0,0.0,,0.0,0.0,0.0,0,0.0,0.0
2024-03-01,506.35479736328125,0.009388175335164117,508.4449157714844,0.009677759509557848,-0.0002895841743937311,0.0002895841743937311,,,0,0,0.0,5,1.0351007273846853,0.0,0.0,0.0,0.0,0.0,0.0,,0.0,0.0,0.0,,0.0,0.0,0.0,0,0.0,0.0
2024-03-02,506.35479736328125,0.0,508.4449157714844,0.0,0.0,0.0,,,1,0,0.0,5,,0.0,0.0,0.0,0.0,0.0,0.0,,0.0,0.0,0.0,,0.0,0.0,0.0,0,0.0,0.0
2024-03-03,506.35479736328125,0.0,508.4449157714844,0.0,0.0,0.0,,,1,0,0.0,5,,0.0,0.0,0.0,0.0,0.0,0.0,,0.0,0.0,0.0,,0.0,0.0,0.0,0,0.0,0.0
2024-03-04,505.8117980957031,-0.001072369157763764,507.8431396484375,-0.001183562081909617,0.00011119292414585313,0.00011119292414585313,,,1,0,0.0,5,1.1081214541063336,0.0,0.0,0.0,0.0,0.0,0.0,,0.0,0.0,0.0,,0.0,0.0,0.0,0,0.0,0.0
2024-03-05,500.7566223144531,-0.00999418321257406,502.7131652832031,-0.010101493876210843,0.00010731066363678377,0.00010731066363678377,,,1,0,0.0,5,1.0146864379983884,0.0,0.0,0.0,0.0,0.0,0.0,,0.0,0.0,0.0,,0.0,0.0,0.0,0,0.0,0.0
2024-03-06,503.2940979003906,0.005067283132891065,505.43603515625,0.00541634884678821,-0.00034906571389714536,0.00034906571389714536,,,0,0,0.0,5,1.0734351718250574,0.0,0.0,0.0,0.0,0.0,0.0,,0.0,0.0,0.0,,0.0,0.0,0.0,0,0.0,0.0
2024-03-07,508.2900085449219,0.009926424063729122,510.4573974609375,0.009934713703456444,-8.28963972732133e-06,8.28963972732133e-06,,,0,0,0.0,5,1.005102748652946,0.0,0.0,0.0,0.0,0.0,0.0,,0.0,0.0,0.0,,0.0,0.0,0.0,0,0.0,0.0
2024-03-08,505.2391662597656,-0.0060021685137779945,507.35968017578125,-0.006068512868193432,6.63443544154374e-05,6.63443544154374e-05,,,1,0,0.0,5,1.0152968389034553,0.0,0.0,0.0,0.0,0.0,0.0,,0.0,0.0,0.0,,0.0,0.0,0.0,0,0.0,0.0
2024-03-09,505.2391662597656,0.0,507.35968017578125,0.0,0.0,0.0,,,1,0,0.0,5,,0.0,0.0,0.0,0.0,0.0,0.0,,0.0,0.0,0.0,,0.0,0.0,0.0,0,0.0,0.0
2024-03-10,505.2391662597656,0.0,507.35968017578125,0.0,0.0,0.0,,,1,0,0.0,5,,0.0,0.0,0.0,0.0,0.0,0.0,,0.0,0.0,0.0,,0.0,0.0,0.0,0,0.0,0.0
2024-03-11,504.8047180175781,-0.0008598863096930254,507.1130065917969,-0.0004861907511036767,-0.00037369555858934866,0.00037369555858934866,,,0,0,0.0,5,0.5679982565883905,0.0,0.0,0.0,0.0,0.0,0.0,,0.0,0.0,0.0,,0.0,0.0,0.0,0,0.0,0.0
2024-03-12,510.235107421875,0.01075740620179344,512.40087890625,0.010427404238735338,0.0003300019630581019,0.0003300019630581019,,,1,0,0.0,5,0.9734377195864483,0.0,0.0,0.0,0.0,0.0,0.0,,0.0,0.0,0.0,,0.0,0.0,0.0,0,0.0,0.0
2024-03-13,509.4353332519531,-0.0015674620548221663,511.5820617675781,-0.0015980010425034052,3.053898768123897e-05,3.053898768123897e-05,,,1,0,0.0,5,1.0237791171075752,0.0,0.0,0.0,0.0,0.0,0.0,,0.0,0.0,0.0,,0.0,0.0,0.0,0,0.0,0.0
2024-03-14,508.42828369140625,-0.0019767956692725575,510.4672546386719,-0.0021791364713892314,0.00020234080211667393,0.00020234080211667393,,,1,0,0.0,5,1.106778806935135,0.0,0.0,0.0,0.0,0.0,0.0,,0.0,0.0,0.0,,0.0,0.0,0.0,0,0.0,0.0
2024-03-15,504.93707275390625,-0.006866673333262074,506.31396484375,-0.008136251164360675,0.0012695778310986006,0.0012695778310986006,,,1,0,0.0,5,1.1881208230424494,0.0,0.0,0.0,0.0,0.0,0.0,,0.0,0.0,0.0,,0.0,0.0,0.0,0,0.0,0.0
2024-03-16,504.93707275390625,0.0,506.31396484375,0.0,0.0,0.0,,,1,0,0.0,5,,0.0,0.0,0.0,0.0,0.0,0.0,,0.0,0.0,0.0,,0.0,0.0,0.0,0,0.0,0.0
2024-03-17,504.93707275390625,0.0,506.31396484375,0.0,0.0,0.0,,,1,0,0.0,5,,0.0,0.0,0.0,0.0,0.0,0.0,,0.0,0.0,0.0,,0.0,0.0,0.0,0,0.0,0.0
2024-03-18,507.93798828125,0.005943147550994565,509.88519287109375,0.007053386387329441,-0.0011102388363348759,0.0011102388363348759,,,0,0,0.0,5,1.1913595987468326,0.0,0.0,0.0,0.0,0.0,0.0,,0.0,0.0,0.0,,0.0,0.0,0.0,0,0.0,0.0
2024-03-19,510.76068115234375,0.005557160394018101,512.8349609375,0.005785161263061056,-0.0002280008690429547,0.0002280008690429547,,,0,0,0.0,5,1.0452560848867867,0.0,0.0,0.0,0.0,0.0,0.0,,0.0,0.0,0.0,,0.0,0.0,0.0,0,0.0,0.0
2024-03-20,515.48486328125,0.009249306579840688,517.599853515625,0.00929127875645297,-4.1972176612281586e-05,4.1972176612281586e-05,,,0,0,0.0,5,1.0086594056223992,0.0,0.0,0.0,0.0,0.0,0.0,,0.0,0.0,0.0,,0.0,0.0,0.0,0,0.0,0.0
2024-03-21,517.1883544921875,0.0033046386660011695,519.1981811523438,0.003087959986585398,0.00021667867941577157,0.00021667867941577157,,,1,0,0.0,5,0.9380632219535335,0.0,0.0,0.0,0.0,0.0,0.0,,0.0,0.0,0.0,,0.0,0.0,0.0,0,0.0,0.0
2024-03-22,516.2078857421875,-0.0018957672605809384,518.50537109375,-0.001334384602534766,-0.0005613826580461723,0.0005613826580461723,,,0,0,0.0,5,0.707008488409343,0.0,0.0,0.0,0.0,0.0,0.0,,0.0,0.0,0.0,,0.0,0.0,0.0,0,0.0,0.0
2024-03-23,516.2078857421875,0.0,518.50537109375,0.0,0.0,0.0,,,1,0,0.0,5,,0.0,0.0,0.0,0.0,0.0,0.0,,0.0,0.0,0.0,,0.0,0.0,0.0,0,0.0,0.0
2024-03-24,516.2078857421875,0.0,518.50537109375,0.0,0.0,0.0,,,1,0,0.0,5,,0.0,0.0,0.0,0.0,0.0,0.0,,0.0,0.0,0.0,,0.0,0.0,0.0,0,0.0,0.0
2024-03-25,514.7816772460938,-0.002762856855708762,516.88232421875,-0.0031302411999634128,0.00036738434425465094,0.00036738434425465094,,,1,0,0.0,5,1.1375959023002362,0.0,0.0,0.0,0.0,0.0,0.0,,0.0,0.0,0.0,,0.0,0.0,0.0,0,0.0,0.0
2024-03-26,513.8308715820312,-0.0018470075880496761,515.793701171875,-0.00210613324516451,0.0002591256571148337,0.0002591256571148337,,,1,0,0.0,5,1.1446507691968726,0.0,0.0,0.0,0.0,0.0,0.0,,0.0,0.0,0.0,,0.0,0.0,0.0,0,0.0,0.0
2024-03-27,518.1490478515625,0.008403886392104098,520.2867431640625,0.0087109283847,-0.00030704199259590226,0.00030704199259590226,,,0,0,0.0,5,1.0408120852968032,0.0,0.0,0.0,0.0,0.0,0.0,,0.0,0.0,0.0,,0.0,0.0,0.0,0,0.0,0.0
2024-03-28,518.050048828125,-0.00019106282998682111,520.2966918945312,1.9121629754037528e-05,-0.00021018445974085864,0.00021018445974085864,,,0,0,0.0,5,0.10051434439795491,0.0,0.0,0.0,0.0,0.0,0.0,,0.0,0.0,0.0,,0.0,0.0,0.0,0,0.0,0.0
2024-03-29,518.050048828125,0.0,520.2966918945312,0.0,0.0,0.0,,,1,0,0.0,5,,0.0,0.0,0.0,0.0,0.0,0.0,,0.0,0.0,0.0,,0.0,0.0,0.0,0,0.0,0.0
2024-03-30,518.050048828125,0.0,520.2966918945312,0.0,0.0,0.0,,,1,0,0.0,5,,0.0,0.0,0.0,0.0,0.0,0.0,,0.0,0.0,0.0,,0.0,0.0,0.0,0,0.0,0.0
2024-03-31,518.050048828125,0.0,520.2966918945312,0.0,0.0,0.0,,,1,0,0.0,5,,0.0,0.0,0.0,0.0,0.0,0.0,,0.0,0.0,0.0,,0.0,0.0,0.0,0,0.0,0.0
2024-04-01,517.148681640625,-0.0017399229853157783,519.4554443359375,-0.0016168612480131905,-0.00012306173730258774,0.00012306173730258774,,,0,0,0.0,5,0.9334167873954521,0.0,0.0,0.0,0.0,0.0,0.0,,0.0,0.0,0.0,,0.0,0.0,0.0,0,0.0,0.0
2024-04-02,513.8606567382812,-0.006357987594423853,516.0609130859375,-0.006534788088205512,0.00017680049378165918,0.00017680049378165918,,,1,0,0.0,5,1.0322085007893091,0.0,0.0,0.0,0.0,0.0,0.0,,0.0,0.0,0.0,,0.0,0.0,0.0,0,0.0,0.0
2024-04-03,514.4251098632812,0.0010984556174875593,516.6349487304688,0.0011123408690238978,-1.3885251536338572e-05,1.3885251536338572e-05,,,0,0,0.0,5,1.0169907490809014,0.0,0.0,0.0,0.0,0.0,0.0,,0.0,0.0,0.0,,0.0,0.0,0.0,0,0.0,0.0
2024-04-04,508.14599609375,-0.012206079464511466,510.2812805175781,-0.01229817732715055,9.209786263908448e-05,9.209786263908448e-05,,,1,0,0.0,5,1.0117790592832179,0.0,0.0,0.0,0.0,0.0,0.0,,0.0,0.0,0.0,,0.0,0.0,0.0,0,0.0,0.0
2024-04-05,513.4545288085938,0.010446865183730392,515.6056518554688,0.010434189027060059,1.2676156670332617e-05,1.2676156670332617e-05,,,1,0,0.0,5,1.0029710334521387,0.0,0.0,0.0,0.0,0.0,0.0,,0.0,0.0,0.0,,0.0,0.0,0.0,0,0.0,0.0
2024-04-06,513.4545288085938,0.0,515.6056518554688,0.0,0.0,0.0,,,1,0,0.0,5,,0.0,0.0,0.0,0.0,0.0,0.0,,0.0,0.0,0.0,,0.0,0.0,0.0,0,0.0,0.0
2024-04-07,513.4545288085938,0.0,515.6056518554688,0.0,0.0,0.0,,,1,0,0.0,5,,0.0,0.0,0.0,0.0,0.0,0.0,,0.0,0.0,0.0,,0.0,0.0,0.0,0,0.0,0.0
2024-04-08,513.74169921875,0.0005592908311133904,515.7442016601562,0.00026871273460415956,0.00029057809650923083,0.00029057809650923083,,,1,0,0.0,5,0.48232534674357974,0.0,0.0,0.0,0.0,0.0,0.0,,0.0,0.0,0.0,,0.0,0.0,0.0,0,0.0,0.0
2024-04-09,514.3359985351562,0.0011568056813568983,516.3875122070312,0.0012473442159974812,-9.053853464058292e-05,9.053853464058292e-05,,,0,0,0.0,5,1.0825668248454428,0.0,0.0,0.0,0.0,0.0,0.0,,0.0,0.0,0.0,,0.0,0.0,0.0,0,0.0,0.0
2024-04-10,509.1858825683594,-0.010013135346280566,511.3797912597656,-0.009697602728351629,-0.0003155326179289375,0.0003155326179289375,,,0,0,0.0,5,0.9726610159144341,0.0,0.0,0.0,0.0,0.0,0.0,,0.0,0.0,0.0,,0.0,0.0,0.0,0,0.0,0.0
2024-04-11,513.0286865234375,0.0075469569888599874,515.2097778320312,0.0074895149118634485,5.7442076996538916e-05,5.7442076996538916e-05,,,1,0,0.0,5,0.9966077537556827,0.0,0.0,0.0,0.0,0.0,0.0,,0.0,0.0,0.0,,0.0,0.0,0.0,0,0.0,0.0
2024-04-12,505.9472961425781,-0.013803108026661737,508.0050354003906,-0.013984094909762157,0.00018098688310042021,0.00018098688310042021,,,1,0,0.0,5,1.0172324684379197,0.0,0.0,0.0,0.0,0.0,0.0,,0.0,0.0,0.0,,0.0,0.0,0.0,0,0.0,0.0
2024-04-13,505.9472961425781,0.0,508.0050354003906,0.0,0.0,0.0,,,1,0,0.0,5,,0.0,0.0,0.0,0.0,0.0,0.0,,0.0,0.0,0.0,,0.0,0.0,0.0,0,0.0,0.0
2024-04-14,505.9472961425781,0.0,508.0050354003906,0.0,0.0,0.0,,,1,0,0.0,5,,0.0,0.0,0.0,0.0,0.0,0.0,,0.0,0.0,0.0,,0.0,0.0,0.0,0,0.0,0.0
2024-04-15,499.6087341308594,-0.012528107295058044,501.71075439453125,-0.012390194126517762,-0.00013791316854028235,0.00013791316854028235,,,0,0,0.0,5,0.9931527169150101,0.0,0.0,0.0,0.0,0.0,0.0,,0.0,0.0,0.0,,0.0,0.0,0.0,0,0.0,0.0
2024-04-16,498.6975402832031,-0.0018238148883473748,500.75079345703125,-0.0019133752447831887,8.956035643581384e-05,8.956035643581384e-05,,,1,0,0.0,5,1.0534254686170974,0.0,0.0,0.0,0.0,0.0,0.0,,0.0,0.0,0.0,,0.0,0.0,0.0,0,0.0,0.0
2024-04-17,495.7461242675781,-0.00591824859202017,497.8411865234375,-0.005810488913071343,-0.00010775967894882665,0.00010775967894882665,,,0,0,0.0,5,0.9859410951022816,0.0,0.0,0.0,0.0,0.0,0.0,,0.0,0.0,0.0,,0.0,0.0,0.0,0,0.0,0.0
2024-04-18,494.7260437011719,-0.002057667254410367,496.69317626953125,-0.0023059768556377147,0.0002483096012273478,0.0002483096012273478,,,1,0,0.0,5,1.125131329782351,0.0,0.0,0.0,0.0,0.0,0.0,,0.0,0.0,0.0,,0.0,0.0,0.0,0,0.0,0.0
2024-04-19,490.4078674316406,-0.008728419141280419,492.38812255859375,-0.008667430753269256,-6.09883880111628e-05,6.09883880111628e-05,,,0,0,0.0,5,0.997022426226478,0.0,0.0,0.0,0.0,0.0,0.0,,0.0,0.0,0.0,,0.0,0.0,0.0,0,0.0,0.0
2024-04-20,490.4078674316406,0.0,492.38812255859375,0.0,0.0,0.0,,,1,0,0.0,5,,0.0,0.0,0.0,0.0,0.0,0.0,,0.0,0.0,0.0,,0.0,0.0,0.0,0,0.0,0.0
2024-04-21,490.4078674316406,0.0,492.38812255859375,0.0,0.0,0.0,,,1,0,0.0,5,,0.0,0.0,0.0,0.0,0.0,0.0,,0.0,0.0,0.0,,0.0,0.0,0.0,0,0.0,0.0
2024-04-22,494.9241027832031,0.009209141311730784,496.9306640625,0.009225530218523348,-1.6388906792563773e-05,1.6388906792563773e-05,,,0,0,0.0,5,1.0058411305523474,0.0,0.0,0.0,0.0,0.0,0.0,,0.0,0.0,0.0,,0.0,0.0,0.0,0,0.0,0.0
2024-04-23,500.79718017578125,0.011866622295319429,502.9181823730469,0.01204900148764776,-0.00018237919232833022,0.00018237919232833022,,,0,0,0.0,5,1.019669434375209,0.0,0.0,0.0,0.0,0.0,0.0,,0.0,0.0,0.0,,0.0,0.0,0.0,0,0.0,0.0
2024-04-24,500.5594787597656,-0.00047464607514802193,502.72021484375,-0.00039363764571553883,-8.10084294324831e-05,8.10084294324831e-05,,,0,0,0.0,5,0.8329086854829834,0.0,0.0,0.0,0.0,0.0,0.0,,0.0,0.0,0.0,,0.0,0.0,0.0,0,0.0,0.0
2024-04-25,498.6579284667969,-0.003798849834349749,500.5924377441406,-0.004232527431328181,0.00043367759697843233,0.00043367759697843233,,,1,0,0.0,5,1.1184825452079292,0.0,0.0,0.0,0.0,0.0,0.0,,0.0,0.0,0.0,,0.0,0.0,0.0,0,0.0,0.0
2024-04-26,503.3821716308594,0.009473915673190891,505.49127197265625,0.009786073178795096,-0.00031215750560420474,0.00031215750560420474,,,0,0,0.0,5,1.0372770652547039,0.0,0.0,0.0,0.0,0.0,0.0,,0.0,0.0,0.0,,0.0,0.0,0.0,0,0.0,0.0
2024-04-27,503.3821716308594,0.0,505.49127197265625,0.0,0.0,0.0,,,1,0,0.0,5,,0.0,0.0,0.0,0.0,0.0,0.0,,0.0,0.0,0.0,,0.0,0.0,0.0,0,0.0,0.0
2024-04-28,503.3821716308594,0.0,505.49127197265625,0.0,0.0,0.0,,,1,0,0.0,5,,0.0,0.0,0.0,0.0,0.0,0.0,,0.0,0.0,0.0,,0.0,0.0,0.0,0,0.0,0.0
2024-04-29,505.1648864746094,0.003541473942103135,507.29248046875,0.0035632830791807457,-2.1809137077610785e-05,2.1809137077610785e-05,,,0,0,0.0,5,1.0103958277924465,0.0,0.0,0.0,0.0,0.0,0.0,,0.0,0.0,0.0,,0.0,0.0,0.0,0,0.0,0.0
2024-04-30,497.16241455078125,-0.01584130674575368,499.2266845703125,-0.015899695361115018,5.838861536133777e-05,5.838861536133777e-05,,,1,0,0.0,5,1.0078532538437552,0.0,0.0,0.0,0.0,0.0,0.0,,0.0,0.0,0.0,,0.0,0.0,0.0,0,0.0,0.0
2024-05-01,495.5480651855469,-0.0032471267295880457,497.66302490234375,-0.0031321636368748518,-0.00011496309271319394,0.00011496309271319394,,,0,0,0.0,5,0.968712256722921,0.0,0.0,0.0,0.0,0.0,0.0,,0.0,0.0,0.0,,0.0,0.0,0.0,0,0.0,0.0
2024-05-02,500.1831359863281,0.009353423262879135,502.2154846191406,0.009147675211937267,0.00020574805094186743,0.00020574805094186743,,,1,0,0.0,5,0.981976744800753,0.0,0.0,0.0,0.0,0.0,0.0,,0.0,0.0,0.0,,0.0,0.0,0.0,0,0.0,0.0
2024-05-03,506.3830871582031,0.01239536226995952,508.529541015625,0.012572404853810282,-0.00017704258385076166,0.00017704258385076166,,,0,0,0.0,5,1.0185823068092146,0.0,0.0,0.0,0.0,0.0,0.0,,0.0,0.0,0.0,,0.0,0.0,0.0,0,0.0,0.0
2024-05-04,506.3830871582031,0.0,508.529541015625,0.0,0.0,0.0,,,1,0,0.0,5,,0.0,0.0,0.0,0.0,0.0,0.0,,0.0,0.0,0.0,,0.0,0.0,0.0,0,0.0,0.0
2024-05-05,506.3830871582031,0.0,508.529541015625,0.0,0.0,0.0,,,1,0,0.0,5,,0.0,0.0,0.0,0.0,0.0,0.0,,0.0,0.0,0.0,,0.0,0.0,0.0,0,0.0,0.0
2024-05-06,511.6124267578125,0.010326844897123655,513.82421875,0.010411740729556307,-8.489583243265209e-05,8.489583243265209e-05,,,0,0,0.0,5,1.0125796068807453,0.0,0.0,0.0,0.0,0.0,0.0,,0.0,0.0,0.0,,0.0,0.0,0.0,0,0.0,0.0
2024-05-07,512.1769409179688,0.0011034019711633203,514.4873046875,0.0012904917933085347,-0.0001870898221452144,0.0001870898221452144,,,0,0,0.0,5,1.1748329877379289,0.0,0.0,0.0,0.0,0.0,0.0,,0.0,0.0,0.0,,0.0,0.0,0.0,0,0.0,0.0
2024-05-08,512.2264404296875,9.664533438402678e-05,514.4378662109375,-9.609270454691288e-05,0.00019273803893093966,0.00019273803893093966,,,1,0,0.0,5,0.998574472593997,0.0,0.0,0.0,0.0,0.0,0.0,,0.0,0.0,0.0,,0.0,0.0,0.0,0,0.0,0.0
2024-05-09,515.1778564453125,0.005761936094413889,517.2583618164062,0.005482674955953337,0.00027926113846055145,0.00027926113846055145,,,1,0,0.0,5,0.9553761476334425,0.0,0.0,0.0,0.0,0.0,0.0,,0.0,0.0,0.0,,0.0,0.0,0.0,0,0.0,0.0
2024-05-10,515.8414306640625,0.0012880487979989308,517.9808349609375,0.0013967355539583615,-0.00010868675595943067,0.00010868675595943067,,,0,0,0.0,5,1.0888782993150894,0.0,0.0,0.0,0.0,0.0,0.0,,0.0,0.0,0.0,,0.0,0.0,0.0,0,0.0,0.0
2024-05-11,515.8414306640625,0.0,517.9808349609375,0.0,0.0,0.0,,,1,0,0.0,5,,0.0,0.0,0.0,0.0,0.0,0.0,,0.0,0.0,0.0,,0.0,0.0,0.0,0,0.0,0.0
2024-05-12,515.8414306640625,0.0,517.9808349609375,0.0,0.0,0.0,,,1,0,0.0,5,,0.0,0.0,0.0,0.0,0.0,0.0,,0.0,0.0,0.0,,0.0,0.0,0.0,0,0.0,0.0
2024-05-13,515.9107055664062,0.00013429495621264387,518.1589965820312,0.00034395407912568565,-0.00020965912291304178,0.00020965912291304178,,,0,0,0.0,5,2.572345297625607,0.0,0.0,0.0,0.0,0.0,0.0,,0.0,0.0,0.0,,0.0,0.0,0.0,0,0.0,0.0
2024-05-14,518.2777709960938,0.004588130085590558,520.5242919921875,0.004564806219246709,2.332386634384953e-05,2.332386634384953e-05,,,1,0,0.0,5,0.999229030435262,0.0,0.0,0.0,0.0,0.0,0.0,,0.0,0.0,0.0,,0.0,0.0,0.0,0,0.0,0.0
2024-05-15,524.6956176757812,0.012383025163037242,526.9768676757812,0.012396300773779512,-1.327561074226935e-05,1.327561074226935e-05,,,0,0,0.0,5,1.0054245013550984,0.0,0.0,0.0,0.0,0.0,0.0,,0.0,0.0,0.0,,0.0,0.0,0.0,0,0.0,0.0
2024-05-16,523.6160278320312,-0.002057554527579608,525.7398071289062,-0.002347466507080287,0.0002899119795006788,0.0002899119795006788,,,1,0,0.0,5,1.1455287171536328,0.0,0.0,0.0,0.0,0.0,0.0,,0.0,0.0,0.0,,0.0,0.0,0.0,0,0.0,0.0
2024-05-17,524.3687744140625,0.0014375927053797977,526.6305541992188,0.0016942735897760297,-0.00025668088439623205,0.00025668088439623205,,,0,0,0.0,5,1.1836325811507975,0.0,0.0,0.0,0.0,0.0,0.0,,0.0,0.0,0.0,,0.0,0.0,0.0,0,0.0,0.0
2024-05-18,524.3687744140625,0.0,526.6305541992188,0.0,0.0,0.0,,,1,0,0.0,5,,0.0,0.0,0.0,0.0,0.0,0.0,,0.0,0.0,0.0,,0.0,0.0,0.0,0,0.0,0.0
2024-05-19,524.3687744140625,0.0,526.6305541992188,0.0,0.0,0.0,,,1,0,0.0,5,,0.0,0.0,0.0,0.0,0.0,0.0,,0.0,0.0,0.0,,0.0,0.0,0.0,0,0.0,0.0
2024-05-20,524.9729614257812,0.0011522177543730194,527.2440795898438,0.001165001509564778,-1.2783755191758672e-05,1.2783755191758672e-05,,,0,0,0.0,5,1.0154690730797193,0.0,0.0,0.0,0.0,0.0,0.0,,0.0,0.0,0.0,,0.0,0.0,0.0,0,0.0,0.0
2024-05-21,526.260498046875,0.0024525770195800156,528.5306396484375,0.0024401602756631835,1.2416743916832118e-05,1.2416743916832118e-05,,,1,0,0.0,5,0.9992291494573907,0.0,0.0,0.0,0.0,0.0,0.0,,0.0,0.0,0.0,,0.0,0.0,0.0,0,0.0,0.0
2024-05-22,524.7451782226562,-0.0028794101587381604,527.0264282226562,-0.00284602502284792,-3.338513589024039e-05,3.338513589024039e-05,,,0,0,0.0,5,0.9927025074566715,0.0,0.0,0.0,0.0,0.0,0.0,,0.0,0.0,0.0,,0.0,0.0,0.0,0,0.0,0.0
2024-05-23,520.9122924804688,-0.007304280060599577,523.1766357421875,-0.007304742749717152,4.6268911757518794e-07,4.6268911757518794e-07,,,1,0,0.0,5,1.004410500352663,0.0,0.0,0.0,0.0,0.0,0.0,,0.0,0.0,0.0,,0.0,0.0,0.0,0,0.0,0.0
2024-05-24,524.35888671875,0.0066164578721483736,526.650390625,0.006639736267818108,-2.3278395669734664e-05,2.3278395669734664e-05,,,0,0,0.0,5,1.0079037375959297,0.0,0.0,0.0,0.0,0.0,0.0,,0.0,0.0,0.0,,0.0,0.0,0.0,0,0.0,0.0
2024-05-25,524.35888671875,0.0,526.650390625,0.0,0.0,0.0,,,1,0,0.0,5,,0.0,0.0,0.0,0.0,0.0,0.0,,0.0,0.0,0.0,,0.0,0.0,0.0,0,0.0,0.0
2024-05-26,524.35888671875,0.0,526.650390625,0.0,0.0,0.0,,,1,0,0.0,5,,0.0,0.0,0.0,0.0,0.0,0.0,,0.0,0.0,0.0,,0.0,0.0,0.0,0,0.0,0.0
2024-05-27,524.35888671875,0.0,526.650390625,0.0,0.0,0.0,,,1,0,0.0,5,,0.0,0.0,0.0,0.0,0.0,0.0,,0.0,0.0,0.0,,0.0,0.0,0.0,0,0.0,0.0
2024-05-28,524.725341796875,0.0006988631019837488,527.0560302734375,0.0007702256670807373,-7.136256509698846e-05,7.136256509698846e-05,,,0,0,0.0,5,1.1070076522959242,0.0,0.0,0.0,0.0,0.0,0.0,,0.0,0.0,0.0,,0.0,0.0,0.0,0,0.0,0.0
2024-05-29,521.0509033203125,-0.007002593897942333,523.2854614257812,-0.007154018986748056,0.00015142508880572336,0.00015142508880572336,,,1,0,0.0,5,1.0260054390877422,0.0,0.0,0.0,0.0,0.0,0.0,,0.0,0.0,0.0,,0.0,0.0,0.0,0,0.0,0.0
2024-05-30,517.5944213867188,-0.006633674198754602,519.890869140625,-0.006487075478663451,-0.00014659872009115116,0.00014659872009115116,,,0,0,0.0,5,0.9822395477579406,0.0,0.0,0.0,0.0,0.0,0.0,,0.0,0.0,0.0,,0.0,0.0,0.0,0,0.0,0.0
2024-05-31,522.3087158203125,0.009108085865692672,524.4829711914062,0.00883281919986767,0.0002752666658250025,0.0002752666658250025,,,1,0,0.0,5,0.9738147398326349,0.0,0.0,0.0,0.0,0.0,0.0,,0.0,0.0,0.0,,0.0,0.0,0.0,0,0.0,0.0
2024-06-01,522.3087158203125,0.0,524.4829711914062,0.0,0.0,0.0,,,1,0,0.0,5,,0.0,0.0,0.0,0.0,0.0,0.0,,0.0,0.0,0.0,,0.0,0.0,0.0,0,0.0,0.0
2024-06-02,522.3087158203125,0.0,524.4829711914062,0.0,0.0,0.0,,,1,0,0.0,5,,0.0,0.0,0.0,0.0,0.0,0.0,,0.0,0.0,0.0,,0.0,0.0,0.0,0,0.0,0.0
2024-06-03,522.734619140625,0.0008154244940055122,524.8095703125,0.0006227068161086535,0.00019271767789685867,0.00019271767789685867,,,1,0,0.0,5,0.7666909727592607,0.0,0.0,0.0,0.0,0.0,0.0,,0.0,0.0,0.0,,0.0,0.0,0.0,0,0.0,0.0
2024-06-04,523.3189697265625,0.0011178723668583412,525.5814208984375,0.001470725058382305,-0.0003528526915239638,0.0003528526915239638,,,0,0,0.0,5,1.321334572024564,0.0,0.0,0.0,0.0,0.0,0.0,,0.0,0.0,0.0,,0.0,0.0,0.0,0,0.0,0.0
2024-06-05,529.5386352539062,0.011885037400026999,531.8757934570312,0.01197601800275594,-9.09806027289406e-05,9.09806027289406e-05,,,0,0,0.0,5,1.0121024145936681,0.0,0.0,0.0,0.0,0.0,0.0,,0.0,0.0,0.0,,0.0,0.0,0.0,0,0.0,0.0
2024-06-06,529.5287475585938,-1.867228310503677e-05,531.85595703125,-3.729522197715163e-05,1.8622938872114858e-05,1.8622938872114858e-05,,,1,0,0.0,5,2.006135477971564,0.0,0.0,0.0,0.0,0.0,0.0,,0.0,0.0,0.0,,0.0,0.0,0.0,0,0.0,0.0
2024-06-07,528.8850708007812,-0.0012155652753135238,531.1829833984375,-0.00126533062930978,4.9765353996256145e-05,4.9765353996256145e-05,,,1,0,0.0,5,1.0454627934192284,0.0,0.0,0.0,0.0,0.0,0.0,,0.0,0.0,0.0,,0.0,0.0,0.0,0,0.0,0.0
2024-06-08,528.8850708007812,0.0,531.1829833984375,0.0,0.0,0.0,,,1,0,0.0,5,,0.0,0.0,0.0,0.0,0.0,0.0,,0.0,0.0,0.0,,0.0,0.0,0.0,0,0.0,0.0
2024-06-09,528.8850708007812,0.0,531.1829833984375,0.0,0.0,0.0,,,1,0,0.0,5,,0.0,0.0,0.0,0.0,0.0,0.0,,0.0,0.0,0.0,,0.0,0.0,0.0,0,0.0,0.0
2024-06-10,530.5191650390625,0.0030896962846900244,532.7664794921875,0.0029810745886831302,0.0001086216960068942,0.0001086216960068942,,,1,0,0.0,5,0.9689310349574335,0.0,0.0,0.0,0.0,0.0,0.0,,0.0,0.0,0.0,,0.0,0.0,0.0,0,0.0,0.0
2024-06-11,531.7968139648438,0.0024082992848848406,534.087646484375,0.0024798237934315903,-7.152450854674974e-05,7.152450854674974e-05,,,0,0,0.0,5,1.034134834944524,0.0,0.0,0.0,0.0,0.0,0.0,,0.0,0.0,0.0,,0.0,0.0,0.0,0,0.0,0.0
2024-06-12,536.1644897460938,0.008213053682451621,538.53466796875,0.008326388961900744,-0.0001133352794491227,0.0001133352794491227,,,0,0,0.0,5,1.0182810276796137,0.0,0.0,0.0,0.0,0.0,0.0,,0.0,0.0,0.0,,0.0,0.0,0.0,0,0.0,0.0
2024-06-13,537.2440185546875,0.0020134283960226984,539.666259765625,0.002101242248977453,-8.781385295475452e-05,8.781385295475452e-05,,,0,0,0.0,5,1.0483193756668323,0.0,0.0,0.0,0.0,0.0,0.0,,0.0,0.0,0.0,,0.0,0.0,0.0,0,0.0,0.0
2024-06-14,537.5708618164062,0.0006083702199197738,539.8548583984375,0.00034947271466334584,0.00025889750525642796,0.00025889750525642796,,,1,0,0.0,5,0.5768815113175635,0.0,0.0,0.0,0.0,0.0,0.0,,0.0,0.0,0.0,,0.0,0.0,0.0,0,0.0,0.0
2024-06-15,537.5708618164062,0.0,539.8548583984375,0.0,0.0,0.0,,,1,0,0.0,5,,0.0,0.0,0.0,0.0,0.0,0.0,,0.0,0.0,0.0,,0.0,0.0,0.0,0,0.0,0.0
2024-06-16,537.5708618164062,0.0,539.8548583984375,0.0,0.0,0.0,,,1,0,0.0,5,,0.0,0.0,0.0,0.0,0.0,0.0,,0.0,0.0,0.0,,0.0,0.0,0.0,0,0.0,0.0
2024-06-17,541.849365234375,0.007958957082443208,544.2720947265625,0.00818226650998266,-0.00022330942753945315,0.00022330942753945315,,,0,0,0.0,5,1.0326542994629837,0.0,0.0,0.0,0.0,0.0,0.0,,0.0,0.0,0.0,,0.0,0.0,0.0,0,0.0,0.0
2024-06-18,543.2260131835938,0.00254064697228773,545.59228515625,0.0024256074167292585,0.00011503955555847156,0.00011503955555847156,,,1,0,0.0,5,0.9588790955574693,0.0,0.0,0.0,0.0,0.0,0.0,,0.0,0.0,0.0,,0.0,0.0,0.0,0,0.0,0.0
2024-06-19,543.2260131835938,0.0,545.59228515625,0.0,0.0,0.0,,,1,0,0.0,5,,0.0,0.0,0.0,0.0,0.0,0.0,,0.0,0.0,0.0,,0.0,0.0,0.0,0,0.0,0.0
2024-06-20,541.7503662109375,-0.002716451231796091,543.9048461914062,-0.003092857085324252,0.00037640585352816114,0.00037640585352816114,,,1,0,0.0,5,1.1430932357876518,0.0,0.0,0.0,0.0,0.0,0.0,,0.0,0.0,0.0,,0.0,0.0,0.0,0,0.0,0.0
2024-06-21,541.0240478515625,-0.001340688266544099,542.9816284179688,-0.0016973883941321377,0.0003567001275880388,0.0003567001275880388,,,1,0,0.0,5,1.2706384294578672,0.0,0.0,0.0,0.0,0.0,0.0,,0.0,0.0,0.0,,0.0,0.0,0.0,0,0.0,0.0
2024-06-22,541.0240478515625,0.0,542.9816284179688,0.0,0.0,0.0,,,1,0,0.0,5,,0.0,0.0,0.0,0.0,0.0,0.0,,0.0,0.0,0.0,,0.0,0.0,0.0,0,0.0,0.0
2024-06-23,541.0240478515625,0.0,542.9816284179688,0.0,0.0,0.0,,,1,0,0.0,5,,0.0,0.0,0.0,0.0,0.0,0.0,,0.0,0.0,0.0,,0.0,0.0,0.0,0,0.0,0.0
2024-06-24,539.2653198242188,-0.003250739101760325,541.5919799804688,-0.0025592918153583,-0.0006914472864020249,0.0006914472864020249,,,0,0,0.0,5,0.7906921469612664,0.0,0.0,0.0,0.0,0.0,0.0,,0.0,0.0,0.0,,0.0,0.0,0.0,0,0.0,0.0
2024-06-25,541.342041015625,0.003851019368505293,543.646728515625,0.0037939050264930163,5.711434201227661e-05,5.711434201227661e-05,,,1,0,0.0,5,0.9893632511927569,0.0,0.0,0.0,0.0,0.0,0.0,,0.0,0.0,0.0,,0.0,0.0,0.0,0,0.0,0.0
2024-06-26,542.0177001953125,0.0012481188019684009,544.4805908203125,0.0015338311829158346,-0.0002857123809474338,0.0002857123809474338,,,0,0,0.0,5,1.234498512801229,0.0,0.0,0.0,0.0,0.0,0.0,,0.0,0.0,0.0,,0.0,0.0,0.0,0,0.0,0.0
2024-06-27,542.8721313476562,0.0015763897600316046,545.274658203125,0.0014583942865917798,0.00011799547343982475,0.00011799547343982475,,,1,0,0.0,5,0.9292426098314166,0.0,0.0,0.0,0.0,0.0,0.0,,0.0,0.0,0.0,,0.0,0.0,0.0,0,0.0,0.0
2024-06-28,540.73583984375,-0.003935165171590205,543.2000122070312,-0.0038047724479447487,-0.00013039272364545607,0.00013039272364545607,,,0,0,0.0,5,0.9712708119577129,0.0,0.0,0.0,0.0,0.0,0.0,,0.0,0.0,0.0,,0.0,0.0,0.0,0,0.0,0.0
2024-06-29,540.73583984375,0.0,543.2000122070312,0.0,0.0,0.0,,,1,0,0.0,5,,0.0,0.0,0.0,0.0,0.0,0.0,,0.0,0.0,0.0,,0.0,0.0,0.0,0,0.0,0.0
2024-06-30,540.73583984375,0.0,543.2000122070312,0.0,0.0,0.0,,,1,0,0.0,5,,0.0,0.0,0.0,0.0,0.0,0.0,,0.0,0.0,0.0,,0.0,0.0,0.0,0,0.0,0.0
2024-07-01,541.8487548828125,0.0020581492053199923,544.371337890625,0.0021563432571265473,-9.819405180655494e-05,9.819405180655494e-05,,,0,0,0.0,5,1.0525875052951195,0.0,0.0,0.0,0.0,0.0,0.0,,0.0,0.0,0.0,,0.0,0.0,0.0,0,0.0,0.0
2024-07-02,545.4952392578125,0.006729708875659712,547.8455200195312,0.006382007808067636,0.00034770106759207664,0.00034770106759207664,,,1,0,0.0,5,0.9524193359696039,0.0,0.0,0.0,0.0,0.0,0.0,,0.0,0.0,0.0,,0.0,0.0,0.0,0,0.0,0.0
2024-07-03,547.9296264648438,0.004462710271025294,550.247802734375,0.004384963693338406,7.774657768688797e-05,7.774657768688797e-05,,,1,0,0.0,5,0.9867357043448207,0.0,0.0,0.0,0.0,0.0,0.0,,0.0,0.0,0.0,,0.0,0.0,0.0,0,0.0,0.0
2024-07-04,547.9296264648438,0.0,550.247802734375,0.0,0.0,0.0,,,1,0,0.0,5,,0.0,0.0,0.0,0.0,0.0,0.0,,0.0,0.0,0.0,,0.0,0.0,0.0,0,0.0,0.0
2024-07-05,551.0891723632812,0.005766335211370821,553.6525268554688,0.006187619658224008,-0.00042128444685318733,0.00042128444685318733,,,0,0,0.0,5,1.0780505693970193,0.0,0.0,0.0,0.0,0.0,0.0,,0.0,0.0,0.0,,0.0,0.0,0.0,0,0.0,0.0
2024-07-06,551.0891723632812,0.0,553.6525268554688,0.0,0.0,0.0,,,1,0,0.0,5,,0.0,0.0,0.0,0.0,0.0,0.0,,0.0,0.0,0.0,,0.0,0.0,0.0,0,0.0,0.0
2024-07-07,551.0891723632812,0.0,553.6525268554688,0.0,0.0,0.0,,,1,0,0.0,5,,0.0,0.0,0.0,0.0,0.0,0.0,,0.0,0.0,0.0,,0.0,0.0,0.0,0,0.0,0.0
2024-07-08,551.72509765625,0.0011539426373443629,554.2977294921875,0.0011653566188585263,-1.1413981514163396e-05,1.1413981514163396e-05,,,0,0,0.0,5,1.0146002992731487,0.0,0.0,0.0,0.0,0.0,0.0,,0.0,0.0,0.0,,0.0,0.0,0.0,0,0.0,0.0
2024-07-09,552.2616577148438,0.0009725134145122105,554.8139038085938,0.0009312221373865004,4.1291277125710124e-05,4.1291277125710124e-05,,,1,0,0.0,5,0.9619669137686698,0.0,0.0,0.0,0.0,0.0,0.0,,0.0,0.0,0.0,,0.0,0.0,0.0,0,0.0,0.0
2024-07-10,557.7264404296875,0.009895278150317433,560.0947265625,0.009518187481703855,0.00037709066861357776,0.00037709066861357776,,,1,0,0.0,5,0.9659763603154798,0.0,0.0,0.0,0.0,0.0,0.0,,0.0,0.0,0.0,,0.0,0.0,0.0,0,0.0,0.0
2024-07-11,552.9173583984375,-0.008622653836430905,555.3399658203125,-0.008489208194065956,-0.00013344564236494882,0.00013344564236494882,,,0,0,0.0,5,0.9888375228506181,0.0,0.0,0.0,0.0,0.0,0.0,,0.0,0.0,0.0,,0.0,0.0,0.0,0,0.0,0.0
2024-07-12,556.4049072265625,0.006307540856063776,558.8935546875,0.006398943144562574,-9.140228849879861e-05,9.140228849879861e-05,,,0,0,0.0,5,1.0190284961161018,0.0,0.0,0.0,0.0,0.0,0.0,,0.0,0.0,0.0,,0.0,0.0,0.0,0,0.0,0.0
2024-07-13,556.4049072265625,0.0,558.8935546875,0.0,0.0,0.0,,,1,0,0.0,5,,0.0,0.0,0.0,0.0,0.0,0.0,,0.0,0.0,0.0,,0.0,0.0,0.0,0,0.0,0.0
2024-07-14,556.4049072265625,0.0,558.8935546875,0.0,0.0,0.0,,,1,0,0.0,5,,0.0,0.0,0.0,0.0,0.0,0.0,,0.0,0.0,0.0,,0.0,0.0,0.0,0,0.0,0.0
2024-07-15,557.9351196289062,0.0027501777616794065,560.4520263671875,0.002788494636619898,-3.831687494049163e-05,3.831687494049163e-05,,,0,0,0.0,5,1.0185064696157633,0.0,0.0,0.0,0.0,0.0,0.0,,0.0,0.0,0.0,,0.0,0.0,0.0,0,0.0,0.0
2024-07-16,561.2437133789062,0.005930068987592296,563.7774047851562,0.005933386376571148,-3.3173889788518096e-06,3.3173889788518096e-06,,,0,0,0.0,5,1.005076366510744,0.0,0.0,0.0,0.0,0.0,0.0,,0.0,0.0,0.0,,0.0,0.0,0.0,0,0.0,0.0
2024-07-17,553.3744506835938,-0.014021115083742264,555.9058227539062,-0.013962216230091196,-5.889885365106817e-05,5.889885365106817e-05,,,0,0,0.0,5,1.0003544876076291,0.0,0.0,0.0,0.0,0.0,0.0,,0.0,0.0,0.0,,0.0,0.0,0.0,0,0.0,0.0
2024-07-18,549.121826171875,-0.007684894932292963,551.5083618164062,-0.00791044230426552,0.00022554737197255648,0.00022554737197255648,,,1,0,0.0,5,1.0338230917035909,0.0,0.0,0.0,0.0,0.0,0.0,,0.0,0.0,0.0,,0.0,0.0,0.0,0,0.0,0.0
2024-07-19,545.475341796875,-0.006640574461264759,547.9150390625,-0.006515445644507678,-0.00012512881675708076,0.00012512881675708076,,,0,0,0.0,5,0.9855452590223374,0.0,0.0,0.0,0.0,0.0,0.0,,0.0,0.0,0.0,,0.0,0.0,0.0,0,0.0,0.0
2024-07-20,545.475341796875,0.0,547.9150390625,0.0,0.0,0.0,,,1,0,0.0,5,,0.0,0.0,0.0,0.0,0.0,0.0,,0.0,0.0,0.0,,0.0,0.0,0.0,0,0.0,0.0
2024-07-21,545.475341796875,0.0,547.9150390625,0.0,0.0,0.0,,,1,0,0.0,5,,0.0,0.0,0.0,0.0,0.0,0.0,,0.0,0.0,0.0,,0.0,0.0,0.0,0,0.0,0.0
2024-07-22,551.0991821289062,0.010309980857256651,553.6029052734375,0.01038092734353424,-7.094648627758993e-05,7.094648627758993e-05,,,0,0,0.0,5,1.0114557475411448,0.0,0.0,0.0,0.0,0.0,0.0,,0.0,0.0,0.0,,0.0,0.0,0.0,0,0.0,0.0
2024-07-23,550.2346801757812,-0.0015686866922672849,552.6797485351562,-0.001667543160427054,9.885646815976923e-05,9.885646815976923e-05,,,1,0,0.0,5,1.0677423359734166,0.0,0.0,0.0,0.0,0.0,0.0,,0.0,0.0,0.0,,0.0,0.0,0.0,0,0.0,0.0
2024-07-24,537.7650146484375,-0.022662449272299767,540.2023315429688,-0.0225762152951291,-8.623397717066883e-05,8.623397717066883e-05,,,0,0,0.0,5,1.000709914136716,0.0,0.0,0.0,0.0,0.0,0.0,,0.0,0.0,0.0,,0.0,0.0,0.0,0,0.0,0.0
2024-07-25,534.9630737304688,-0.005210344372812203,537.3533935546875,-0.005273835046479491,6.3490673667288e-05,6.3490673667288e-05,,,1,0,0.0,5,1.016708147424404,0.0,0.0,0.0,0.0,0.0,0.0,,0.0,0.0,0.0,,0.0,0.0,0.0,0,0.0,0.0
2024-07-26,540.9544677734375,0.011199640381136744,543.3588256835938,0.011175945292127398,2.3695089009345693e-05,2.3695089009345693e-05,,,1,0,0.0,5,1.0023195541201475,0.0,0.0,0.0,0.0,0.0,0.0,,0.0,0.0,0.0,,0.0,0.0,0.0,0,0.0,0.0
2024-07-27,540.9544677734375,0.0,543.3588256835938,0.0,0.0,0.0,,,1,0,0.0,5,,0.0,0.0,0.0,0.0,0.0,0.0,,0.0,0.0,0.0,,0.0,0.0,0.0,0,0.0,0.0
2024-07-28,540.9544677734375,0.0,543.3588256835938,0.0,0.0,0.0,,,1,0,0.0,5,,0.0,0.0,0.0,0.0,0.0,0.0,,0.0,0.0,0.0,,0.0,0.0,0.0,0,0.0,0.0
2024-07-29,541.2724609375,0.0005878372081320471,543.736083984375,0.0006943078550469828,-0.00010647064691493568,0.00010647064691493568,,,0,0,0.0,5,1.1864986004688576,0.0,0.0,0.0,0.0,0.0,0.0,,0.0,0.0,0.0,,0.0,0.0,0.0,0,0.0,0.0
2024-07-30,538.5300903320312,-0.00506652527771112,540.8078002929688,-0.005385487146537082,0.0003189618688259621,0.0003189618688259621,,,1,0,0.0,5,1.0674505183371654,0.0,0.0,0.0,0.0,0.0,0.0,,0.0,0.0,0.0,,0.0,0.0,0.0,0,0.0,0.0
2024-07-31,547.28369140625,0.0162546183237815,549.2451782226562,0.015601435343788994,0.000653182979992506,0.000653182979992506,,,1,0,0.0,5,0.963255562525346,0.0,0.0,0.0,0.0,0.0,0.0,,0.0,0.0,0.0,,0.0,0.0,0.0,0,0.0,0.0
2024-08-01,539.53369140625,-0.014160845867864813,542.0286865234375,-0.013138925902947629,-0.001021919964917184,0.001021919964917184,,,0,0,0.0,5,0.9321254590850976,0.0,0.0,0.0,0.0,0.0,0.0,,0.0,0.0,0.0,,0.0,0.0,0.0,0,0.0,0.0
2024-08-02,529.4883422851562,-0.01861857615399587,531.824462890625,-0.018825984466361412,0.00020740831236554236,0.00020740831236554236,,,1,0,0.0,5,1.015601042465175,0.0,0.0,0.0,0.0,0.0,0.0,,0.0,0.0,0.0,,0.0,0.0,0.0,0,0.0,0.0
2024-08-03,529.4883422851562,0.0,531.824462890625,0.0,0.0,0.0,,,1,0,0.0,5,,0.0,0.0,0.0,0.0,0.0,0.0,,0.0,0.0,0.0,,0.0,0.0,0.0,0,0.0,0.0
2024-08-04,529.4883422851562,0.0,531.824462890625,0.0,0.0,0.0,,,1,0,0.0,5,,0.0,0.0,0.0,0.0,0.0,0.0,,0.0,0.0,0.0,,0.0,0.0,0.0,0,0.0,0.0
2024-08-05,514.0677490234375,-0.029123574647870076,516.3492431640625,-0.029098360091316722,-2.5214556553354583e-05,2.5214556553354583e-05,,,0,0,0.0,5,1.003568498931557,0.0,0.0,0.0,0.0,0.0,0.0,,0.0,0.0,0.0,,0.0,0.0,0.0,0,0.0,0.0
2024-08-06,518.8071899414062,0.009219486978072844,521.2528686523438,0.009496722524919399,-0.0002772355468465548,0.0002772355468465548,,,0,0,0.0,5,1.0349264002761094,0.0,0.0,0.0,0.0,0.0,0.0,,0.0,0.0,0.0,,0.0,0.0,0.0,0,0.0,0.0
2024-08-07,515.3395385742188,-0.00668389227138344,517.6495361328125,-0.00691283009884891,0.00022893782746546965,0.00022893782746546965,,,1,0,0.0,5,1.0388881833956083,0.0,0.0,0.0,0.0,0.0,0.0,,0.0,0.0,0.0,,0.0,0.0,0.0,0,0.0,0.0
2024-08-08,527.2528076171875,0.023117320040936473,529.640625,0.023164492634860423,-4.717259392394979e-05,4.717259392394979e-05,,,0,0,0.0,5,1.006578605236863,0.0,0.0,0.0,0.0,0.0,0.0,,0.0,0.0,0.0,,0.0,0.0,0.0,0,0.0,0.0
2024-08-09,529.5778198242188,0.004409672501392015,531.90380859375,0.004273055137622883,0.00013661736376913147,0.00013661736376913147,,,1,0,0.0,5,0.9732747871912036,0.0,0.0,0.0,0.0,0.0,0.0,,0.0,0.0,0.0,,0.0,0.0,0.0,0,0.0,0.0
2024-08-10,529.5778198242188,0.0,531.90380859375,0.0,0.0,0.0,,,1,0,0.0,5,,0.0,0.0,0.0,0.0,0.0,0.0,,0.0,0.0,0.0,,0.0,0.0,0.0,0,0.0,0.0
2024-08-11,529.5778198242188,0.0,531.90380859375,0.0,0.0,0.0,,,1,0,0.0,5,,0.0,0.0,0.0,0.0,0.0,0.0,,0.0,0.0,0.0,,0.0,0.0,0.0,0,0.0,0.0
2024-08-12,529.8560180664062,0.0005253207966298135,532.1619262695312,0.00048527134344777956,4.00494531820339e-05,4.00494531820339e-05,,,1,0,0.0,5,0.9277820798132538,0.0,0.0,0.0,0.0,0.0,0.0,,0.0,0.0,0.0,,0.0,0.0,0.0,0,0.0,0.0
2024-08-13,538.56982421875,0.016445611364654944,541.0162963867188,0.016638488550386965,-0.00019287718573202106,0.00019287718573202106,,,0,0,0.0,5,1.0163239962939044,0.0,0.0,0.0,0.0,0.0,0.0,,0.0,0.0,0.0,,0.0,0.0,0.0,0,0.0,0.0
2024-08-14,540.2689208984375,0.0031548308191091667,542.7831420898438,0.003265790171063543,-0.00011095935195437612,0.00011095935195437612,,,0,0,0.0,5,1.0399885749590327,0.0,0.0,0.0,0.0,0.0,0.0,,0.0,0.0,0.0,,0.0,0.0,0.0,0,0.0,0.0
2024-08-15,549.5292358398438,0.01714019552708468,552.0741577148438,0.017117362173827644,2.2833353257034616e-05,2.2833353257034616e-05,,,1,0,0.0,5,1.0032927728351846,0.0,0.0,0.0,0.0,0.0,0.0,,0.0,0.0,0.0,,0.0,0.0,0.0,0,0.0,0.0
2024-08-16,550.7612915039062,0.0022420202306061565,553.324951171875,0.0022656258032589527,-2.360557265279617e-05,2.360557265279617e-05,,,0,0,0.0,5,1.0152324713589231,0.0,0.0,0.0,0.0,0.0,0.0,,0.0,0.0,0.0,,0.0,0.0,0.0,0,0.0,0.0
2024-08-17,550.7612915039062,0.0,553.324951171875,0.0,0.0,0.0,,,1,0,0.0,5,,0.0,0.0,0.0,0.0,0.0,0.0,,0.0,0.0,0.0,,0.0,0.0,0.0,0,0.0,0.0
2024-08-18,550.7612915039062,0.0,553.324951171875,0.0,0.0,0.0,,,1,0,0.0,5,,0.0,0.0,0.0,0.0,0.0,0.0,,0.0,0.0,0.0,,0.0,0.0,0.0,0,0.0,0.0
2024-08-19,556.02734375,0.009561405870979645,558.466796875,0.009292633003870954,0.00026877286710869086,0.00026877286710869086,,,1,0,0.0,5,0.9761537795100286,0.0,0.0,0.0,0.0,0.0,0.0,,0.0,0.0,0.0,,0.0,0.0,0.0,0,0.0,0.0
2024-08-20,555.1232299804688,-0.001626023935142551,557.6329956054688,-0.001493018518194722,-0.00013300541694782897,0.00013300541694782897,,,0,0,0.0,5,0.9223533346572342,0.0,0.0,0.0,0.0,0.0,0.0,,0.0,0.0,0.0,,0.0,0.0,0.0,0,0.0,0.0
2024-08-21,557.0309448242188,0.003436561002531091,559.8068237304688,0.0038983133030707773,-0.0004617523005396862,0.0004617523005396862,,,0,0,0.0,5,1.1400175789161606,0.0,0.0,0.0,0.0,0.0,0.0,,0.0,0.0,0.0,,0.0,0.0,0.0,0,0.0,0.0
2024-08-22,552.6590576171875,-0.007848553563592153,555.0719604492188,-0.00845803066439521,0.0006094771008030575,0.0006094771008030575,,,1,0,0.0,5,1.0823597311570021,0.0,0.0,0.0,0.0,0.0,0.0,,0.0,0.0,0.0,,0.0,0.0,0.0,0,0.0,0.0
2024-08-23,558.53125,0.010625343603578585,561.0675048828125,0.01080138227256433,-0.00017603866898574516,0.00017603866898574516,,,0,0,0.0,5,1.02118397929506,0.0,0.0,0.0,0.0,0.0,0.0,,0.0,0.0,0.0,,0.0,0.0,0.0,0,0.0,0.0
2024-08-24,558.53125,0.0,561.0675048828125,0.0,0.0,0.0,,,1,0,0.0,5,,0.0,0.0,0.0,0.0,0.0,0.0,,0.0,0.0,0.0,,0.0,0.0,0.0,0,0.0,0.0
2024-08-25,558.53125,0.0,561.0675048828125,0.0,0.0,0.0,,,1,0,0.0,5,,0.0,0.0,0.0,0.0,0.0,0.0,,0.0,0.0,0.0,,0.0,0.0,0.0,0,0.0,0.0
2024-08-26,557.1997680664062,-0.002383898722933986,559.479248046875,-0.002830776728495854,0.0004468780055618682,0.0004468780055618682,,,1,0,0.0,5,1.1923146253839139,0.0,0.0,0.0,0.0,0.0,0.0,,0.0,0.0,0.0,,0.0,0.0,0.0,0,0.0,0.0
2024-08-27,557.9649047851562,0.0013731820481641677,560.5016479492188,0.0018274134490472438,-0.0004542314008830761,0.0004542314008830761,,,0,0,0.0,5,1.336837778893864,0.0,0.0,0.0,0.0,0.0,0.0,,0.0,0.0,0.0,,0.0,0.0,0.0,0,0.0,0.0
2024-08-28,554.7257690429688,-0.005805267884070098,557.2260131835938,-0.005844112640185806,3.8844756115707924e-05,3.8844756115707924e-05,,,1,0,0.0,5,1.0112286245826452,0.0,0.0,0.0,0.0,0.0,0.0,,0.0,0.0,0.0,,0.0,0.0,0.0,0,0.0,0.0
2024-08-29,554.775390625,8.945245524993872e-05,557.3153076171875,0.00016024814255088948,-7.079568730095076e-05,7.079568730095076e-05,,,0,0,0.0,5,1.7996353810874772,0.0,0.0,0.0,0.0,0.0,0.0,,0.0,0.0,0.0,,0.0,0.0,0.0,0,0.0,0.0
2024-08-30,560.0712890625,0.009546022637258123,562.5762939453125,0.0094398740824444,0.0001061485548137231,0.0001061485548137231,,,1,0,0.0,5,0.9933032562164622,0.0,0.0,0.0,0.0,0.0,0.0,,0.0,0.0,0.0,,0.0,0.0,0.0,0,0.0,0.0
2024-08-31,560.0712890625,0.0,562.5762939453125,0.0,0.0,0.0,,,1,0,0.0,5,,0.0,0.0,0.0,0.0,0.0,0.0,,0.0,0.0,0.0,,0.0,0.0,0.0,0,0.0,0.0
2024-09-01,560.0712890625,0.0,562.5762939453125,0.0,0.0,0.0,,,1,0,0.0,5,,0.0,0.0,0.0,0.0,0.0,0.0,,0.0,0.0,0.0,,0.0,0.0,0.0,0,0.0,0.0
2024-09-02,560.0712890625,0.0,562.5762939453125,0.0,0.0,0.0,,,1,0,0.0,5,,0.0,0.0,0.0,0.0,0.0,0.0,,0.0,0.0,0.0,,0.0,0.0,0.0,0,0.0,0.0
2024-09-03,548.5455932617188,-0.02057897990106594,551.1708984375,-0.020273508909924298,-0.0003054709911416431,0.0003054709911416431,,,0,0,0.0,5,0.9898710608428656,0.0,0.0,0.0,0.0,0.0,0.0,,0.0,0.0,0.0,,0.0,0.0,0.0,0,0.0,0.0
2024-09-04,547.4227905273438,-0.0020468722165803976,550.0194091796875,-0.0020891691870467133,4.229697046631564e-05,4.229697046631564e-05,,,1,0,0.0,5,1.025505565810621,0.0,0.0,0.0,0.0,0.0,0.0,,0.0,0.0,0.0,,0.0,0.0,0.0,0,0.0,0.0
2024-09-05,546.0913696289062,-0.002432161980605363,548.4907836914062,-0.0027792209925120437,0.00034705901190668076,0.00034705901190668076,,,1,0,0.0,5,1.1477164534210267,0.0,0.0,0.0,0.0,0.0,0.0,,0.0,0.0,0.0,,0.0,0.0,0.0,0,0.0,0.0
2024-09-06,536.900634765625,-0.016830031336196982,539.3684692382812,-0.01663166405774541,-0.0001983672784515722,0.0001983672784515722,,,0,0,0.0,5,0.9927557626214527,0.0,0.0,0.0,0.0,0.0,0.0,,0.0,0.0,0.0,,0.0,0.0,0.0,0,0.0,0.0
2024-09-07,536.900634765625,0.0,539.3684692382812,0.0,0.0,0.0,,,1,0,0.0,5,,0.0,0.0,0.0,0.0,0.0,0.0,,0.0,0.0,0.0,,0.0,0.0,0.0,0,0.0,0.0
2024-09-08,536.900634765625,0.0,539.3684692382812,0.0,0.0,0.0,,,1,0,0.0,5,,0.0,0.0,0.0,0.0,0.0,0.0,,0.0,0.0,0.0,,0.0,0.0,0.0,0,0.0,0.0
2024-09-09,542.911865234375,0.011196169420388369,545.4235229492188,0.011226191474426939,-3.0022054038569834e-05,3.0022054038569834e-05,,,0,0,0.0,5,1.0073201343391953,0.0,0.0,0.0,0.0,0.0,0.0,,0.0,0.0,0.0,,0.0,0.0,0.0,0,0.0,0.0
2024-09-10,545.276611328125,0.004355672154501722,547.4385986328125,0.003694515543990029,0.0006611566105116928,0.0006611566105116928,,,1,0,0.0,5,0.8515709936548596,0.0,0.0,0.0,0.0,0.0,0.0,,0.0,0.0,0.0,,0.0,0.0,0.0,0,0.0,0.0
2024-09-11,550.8705444335938,0.01025889060571239,553.3447875976562,0.010788769698727885,-0.0005298790930154951,0.0005298790930154951,,,0,0,0.0,5,1.0563742253672572,0.0,0.0,0.0,0.0,0.0,0.0,,0.0,0.0,0.0,,0.0,0.0,0.0,0,0.0,0.0
2024-09-12,555.5106811523438,0.008423279780771287,558.0299682617188,0.008467018699865658,-4.373891909437155e-05,4.373891909437155e-05,,,0,0,0.0,5,1.0097512554204817,0.0,0.0,0.0,0.0,0.0,0.0,,0.0,0.0,0.0,,0.0,0.0,0.0,0,0.0,0.0
2024-09-13,558.4119873046875,0.005222772938092479,560.8887939453125,0.005123068376594597,9.970456149788198e-05,9.970456149788198e-05,,,1,0,0.0,5,0.9852604228882039,0.0,0.0,0.0,0.0,0.0,0.0,,0.0,0.0,0.0,,0.0,0.0,0.0,0,0.0,0.0
2024-09-14,558.4119873046875,0.0,560.8887939453125,0.0,0.0,0.0,,,1,0,0.0,5,,0.0,0.0,0.0,0.0,0.0,0.0,,0.0,0.0,0.0,,0.0,0.0,0.0,0,0.0,0.0
2024-09-15,558.4119873046875,0.0,560.8887939453125,0.0,0.0,0.0,,,1,0,0.0,5,,0.0,0.0,0.0,0.0,0.0,0.0,,0.0,0.0,0.0,,0.0,0.0,0.0,0,0.0,0.0
2024-09-16,559.2366943359375,0.001476879168068379,561.8218994140625,0.0016636193819927758,-0.00018674021392439677,0.00018674021392439677,,,0,0,0.0,5,1.131649694663216,0.0,0.0,0.0,0.0,0.0,0.0,,0.0,0.0,0.0,,0.0,0.0,0.0,0,0.0,0.0
2024-09-17,559.4652099609375,0.00040862058465496176,562.0303344726562,0.00037099845842814005,3.7622126226821706e-05,3.7622126226821706e-05,,,1,0,0.0,5,0.9120917662704613,0.0,0.0,0.0,0.0,0.0,0.0,,0.0,0.0,0.0,,0.0,0.0,0.0,0,0.0,0.0
2024-09-18,557.8059692382812,-0.0029657621119498767,560.352783203125,-0.0029848055641076288,1.904345215775205e-05,1.904345215775205e-05,,,1,0,0.0,5,1.0110161866394323,0.0,0.0,0.0,0.0,0.0,0.0,,0.0,0.0,0.0,,0.0,0.0,0.0,0,0.0,0.0
2024-09-19,567.3245849609375,0.01706438483556294,569.9614868164062,0.01714759683775524,-8.321200219230107e-05,8.321200219230107e-05,,,0,0,0.0,5,1.0095469801143848,0.0,0.0,0.0,0.0,0.0,0.0,,0.0,0.0,0.0,,0.0,0.0,0.0,0,0.0,0.0
2024-09-20,566.3438720703125,-0.0017286627736968763,568.7703247070312,-0.0020898992948249484,0.00036123652112807214,0.00036123652112807214,,,1,0,0.0,5,1.2141484876813613,0.0,0.0,0.0,0.0,0.0,0.0,,0.0,0.0,0.0,,0.0,0.0,0.0,0,0.0,0.0
2024-09-21,566.3438720703125,0.0,568.7703247070312,0.0,0.0,0.0,,,1,0,0.0,5,,0.0,0.0,0.0,0.0,0.0,0.0,,0.0,0.0,0.0,,0.0,0.0,0.0,0,0.0,0.0
2024-09-22,566.3438720703125,0.0,568.7703247070312,0.0,0.0,0.0,,,1,0,0.0,5,,0.0,0.0,0.0,0.0,0.0,0.0,,0.0,0.0,0.0,,0.0,0.0,0.0,0,0.0,0.0
2024-09-23,567.7590942382812,0.002498874337238499,570.3486938476562,0.0027750553642860165,-0.00027618102704751735,0.00027618102704751735,,,0,0,0.0,5,1.115587365281426,0.0,0.0,0.0,0.0,0.0,0.0,,0.0,0.0,0.0,,0.0,0.0,0.0,0,0.0,0.0
2024-09-24,569.3836059570312,0.0028612693926628463,572.00634765625,0.0029063866130927263,-4.511722042987998e-05,4.511722042987998e-05,,,0,0,0.0,5,1.020447168716912,0.0,0.0,0.0,0.0,0.0,0.0,,0.0,0.0,0.0,,0.0,0.0,0.0,0,0.0,0.0
2024-09-25,568.1278686523438,-0.0022054328427262293,570.6560668945312,-0.002360604505966424,0.0001551716632401945,0.0001551716632401945,,,1,0,0.0,5,1.075121976747897,0.0,0.0,0.0,0.0,0.0,0.0,,0.0,0.0,0.0,,0.0,0.0,0.0,0,0.0,0.0
2024-09-26,570.3803100585938,0.0039646733253784205,573.0974731445312,0.00427824462339621,-0.0003135712980177896,0.0003135712980177896,,,0,0,0.0,5,1.0842318805545943,0.0,0.0,0.0,0.0,0.0,0.0,,0.0,0.0,0.0,,0.0,0.0,0.0,0,0.0,0.0
2024-09-27,569.5530395507812,-0.0014503840564333847,572.0611572265625,-0.0018082716580175573,0.00035788760158417254,0.00035788760158417254,,,1,0,0.0,5,1.252243957521422,0.0,0.0,0.0,0.0,0.0,0.0,,0.0,0.0,0.0,,0.0,0.0,0.0,0,0.0,0.0
2024-09-28,569.5530395507812,0.0,572.0611572265625,0.0,0.0,0.0,,,1,0,0.0,5,,0.0,0.0,0.0,0.0,0.0,0.0,,0.0,0.0,0.0,,0.0,0.0,0.0,0,0.0,0.0
2024-09-29,569.5530395507812,0.0,572.0611572265625,0.0,0.0,0.0,,,1,0,0.0,5,,0.0,0.0,0.0,0.0,0.0,0.0,,0.0,0.0,0.0,,0.0,0.0,0.0,0,0.0,0.0
2024-09-30,571.8353881835938,0.004007262667955702,574.801513671875,0.004790320773740531,-0.0007830581057848285,0.0007830581057848285,,,0,0,0.0,5,1.201610349757625,0.0,0.0,0.0,0.0,0.0,0.0,,0.0,0.0,0.0,,0.0,0.0,0.0,0,0.0,0.0
2024-10-01,566.712646484375,-0.00895842021161175,569.37060546875,-0.009448319244032555,0.0004898990324208041,0.0004898990324208041,,,1,0,0.0,5,1.05963249271073,0.0,0.0,0.0,0.0,0.0,0.0,,0.0,0.0,0.0,,0.0,0.0,0.0,0,0.0,0.0
2024-10-02,566.9518432617188,0.00042207771227209534,569.5997314453125,0.00040241974974075667,1.965796253133867e-05,1.965796253133867e-05,,,1,0,0.0,5,0.9578786004445439,0.0,0.0,0.0,0.0,0.0,0.0,,0.0,0.0,0.0,,0.0,0.0,0.0,0,0.0,0.0
2024-10-03,565.9153442382812,-0.001828195878991079,568.5136108398438,-0.001906813759748105,7.861788075702592e-05,7.861788075702592e-05,,,1,0,0.0,5,1.0477916872260282,0.0,0.0,0.0,0.0,0.0,0.0,,0.0,0.0,0.0,,0.0,0.0,0.0,0,0.0,0.0
2024-10-04,571.0579833984375,0.009087294084733077,573.6754760742188,0.009079580745216642,7.71333951643527e-06,7.71333951643527e-06,,,1,0,0.0,5,1.0037308893267671,0.0,0.0,0.0,0.0,0.0,0.0,,0.0,0.0,0.0,,0.0,0.0,0.0,0,0.0,0.0
2024-10-05,571.0579833984375,0.0,573.6754760742188,0.0,0.0,0.0,,,1,0,0.0,5,,0.0,0.0,0.0,0.0,0.0,0.0,,0.0,0.0,0.0,,0.0,0.0,0.0,0,0.0,0.0
2024-10-06,571.0579833984375,0.0,573.6754760742188,0.0,0.0,0.0,,,1,0,0.0,5,,0.0,0.0,0.0,0.0,0.0,0.0,,0.0,0.0,0.0,,0.0,0.0,0.0,0,0.0,0.0
2024-10-07,565.8953857421875,-0.009040408866235805,568.5335693359375,-0.008963093164568225,-7.731570166757962e-05,7.731570166757962e-05,,,0,0,0.0,5,0.9960698581627224,0.0,0.0,0.0,0.0,0.0,0.0,,0.0,0.0,0.0,,0.0,0.0,0.0,0,0.0,0.0
2024-10-08,571.2473754882812,0.009457560321108671,573.9246215820312,0.009482381581074728,-2.4821259966056886e-05,2.4821259966056886e-05,,,0,0,0.0,5,1.0073234555527497,0.0,0.0,0.0,0.0,0.0,0.0,,0.0,0.0,0.0,,0.0,0.0,0.0,0,0.0,0.0
2024-10-09,575.2041015625,0.006926466963347755,577.8208618164062,0.006788766482321185,0.0001377004810265703,0.0001377004810265703,,,1,0,0.0,5,0.9845784969015344,0.0,0.0,0.0,0.0,0.0,0.0,,0.0,0.0,0.0,,0.0,0.0,0.0,0,0.0,0.0
2024-10-10,574.1974487304688,-0.0017500793706038964,576.8045043945312,-0.0017589489910073697,8.869620403473277e-06,8.869620403473277e-06,,,1,0,0.0,5,1.0096314826984585,0.0,0.0,0.0,0.0,0.0,0.0,,0.0,0.0,0.0,,0.0,0.0,0.0,0,0.0,0.0
2024-10-11,577.6358642578125,0.005988211084786199,580.3121337890625,0.006081140781334815,-9.292969654861594e-05,9.292969654861594e-05,,,0,0,0.0,5,1.020223817992286,0.0,0.0,0.0,0.0,0.0,0.0,,0.0,0.0,0.0,,0.0,0.0,0.0,0,0.0,0.0
2024-10-12,577.6358642578125,0.0,580.3121337890625,0.0,0.0,0.0,,,1,0,0.0,5,,0.0,0.0,0.0,0.0,0.0,0.0,,0.0,0.0,0.0,,0.0,0.0,0.0,0,0.0,0.0
2024-10-13,577.6358642578125,0.0,580.3121337890625,0.0,0.0,0.0,,,1,0,0.0,5,,0.0,0.0,0.0,0.0,0.0,0.0,,0.0,0.0,0.0,,0.0,0.0,0.0,0,0.0,0.0
2024-10-14,582.3599853515625,0.008178372199620698,585.0953979492188,0.00824257133643691,-6.419913681621203e-05,6.419913681621203e-05,,,0,0,0.0,5,1.0125838554099988,0.0,0.0,0.0,0.0,0.0,0.0,,0.0,0.0,0.0,,0.0,0.0,0.0,0,0.0,0.0
2024-10-15,577.835205078125,-0.007769730728848012,580.45166015625,-0.007936719053414532,0.00016698832456651935,0.00016698832456651935,,,1,0,0.0,5,1.026117510725116,0.0,0.0,0.0,0.0,0.0,0.0,,0.0,0.0,0.0,,0.0,0.0,0.0,0,0.0,0.0
2024-10-16,580.3467407226562,0.0043464566064155274,583.0326538085938,0.004446526437100751,-0.00010006983068522324,0.00010006983068522324,,,0,0,0.0,5,1.0277579853661427,0.0,0.0,0.0,0.0,0.0,0.0,,0.0,0.0,0.0,,0.0,0.0,0.0,0,0.0,0.0
2024-10-17,580.3965454101562,8.581884588165778e-05,583.2020263671875,0.000290502697382955,-0.0002046838515012972,0.0002046838515012972,,,0,0,0.0,5,3.4014313099840825,0.0,0.0,0.0,0.0,0.0,0.0,,0.0,0.0,0.0,,0.0,0.0,0.0,0,0.0,0.0
2024-10-18,582.6290893554688,0.0038465837933869818,585.404296875,0.0037761708777499514,7.041291563703034e-05,7.041291563703034e-05,,,1,0,0.0,5,0.9863707446145469,0.0,0.0,0.0,0.0,0.0,0.0,,0.0,0.0,0.0,,0.0,0.0,0.0,0,0.0,0.0
2024-10-19,582.6290893554688,0.0,585.404296875,0.0,0.0,0.0,,,1,0,0.0,5,,0.0,0.0,0.0,0.0,0.0,0.0,,0.0,0.0,0.0,,0.0,0.0,0.0,0,0.0,0.0
2024-10-20,582.6290893554688,0.0,585.404296875,0.0,0.0,0.0,,,1,0,0.0,5,,0.0,0.0,0.0,0.0,0.0,0.0,,0.0,0.0,0.0,,0.0,0.0,0.0,0,0.0,0.0
2024-10-21,581.6723022460938,-0.0016421890476382428,584.537353515625,-0.0014809309805255966,-0.00016125806711264623,0.00016125806711264623,,,0,0,0.0,5,0.9062448505500217,0.0,0.0,0.0,0.0,0.0,0.0,,0.0,0.0,0.0,,0.0,0.0,0.0,0,0.0,0.0
2024-10-22,581.3633422851562,-0.0005311581104076035,584.0789184570312,-0.0007842699116430429,0.0002531118012354394,0.0002531118012354394,,,1,0,0.0,5,1.4834251021193652,0.0,0.0,0.0,0.0,0.0,0.0,,0.0,0.0,0.0,,0.0,0.0,0.0,0,0.0,0.0
2024-10-23,576.0512084960938,-0.009137373141179128,578.7576293945312,-0.009110565189644815,-2.6807951534313368e-05,2.6807951534313368e-05,,,0,0,0.0,5,1.001750566186509,0.0,0.0,0.0,0.0,0.0,0.0,,0.0,0.0,0.0,,0.0,0.0,0.0,0,0.0,0.0
2024-10-24,577.2969970703125,0.0021626351196644134,579.9932861328125,0.0021350158952961884,2.761922436822495e-05,2.761922436822495e-05,,,1,0,0.0,5,0.9918397949847112,0.0,0.0,0.0,0.0,0.0,0.0,,0.0,0.0,0.0,,0.0,0.0,0.0,0,0.0,0.0
2024-10-25,577.09765625,-0.000345300289667394,579.86376953125,-0.0002233070703733242,-0.00012199321929406981,0.00012199321929406981,,,0,0,0.0,5,0.6498037229119018,0.0,0.0,0.0,0.0,0.0,0.0,,0.0,0.0,0.0,,0.0,0.0,0.0,0,0.0,0.0
2024-10-26,577.09765625,0.0,579.86376953125,0.0,0.0,0.0,,,1,0,0.0,5,,0.0,0.0,0.0,0.0,0.0,0.0,,0.0,0.0,0.0,,0.0,0.0,0.0,0,0.0,0.0
2024-10-27,577.09765625,0.0,579.86376953125,0.0,0.0,0.0,,,1,0,0.0,5,,0.0,0.0,0.0,0.0,0.0,0.0,,0.0,0.0,0.0,,0.0,0.0,0.0,0,0.0,0.0
2024-10-28,578.8817138671875,0.0030914310565397507,581.607666015625,0.00300742446072233,8.400659581742076e-05,8.400659581742076e-05,,,1,0,0.0,5,0.9774070188450135,0.0,0.0,0.0,0.0,0.0,0.0,,0.0,0.0,0.0,,0.0,0.0,0.0,0,0.0,0.0
2024-10-29,579.8185424804688,0.0016183420392101855,582.5044555664062,0.0015419149422923883,7.642709691779714e-05,7.642709691779714e-05,,,1,0,0.0,5,0.957188016876335,0.0,0.0,0.0,0.0,0.0,0.0,,0.0,0.0,0.0,,0.0,0.0,0.0,0,0.0,0.0
2024-10-30,578.064453125,-0.003025238461613733,580.6310424804688,-0.003216135203834347,0.00019089674222061426,0.00019089674222061426,,,1,0,0.0,5,1.0678215259950037,0.0,0.0,0.0,0.0,0.0,0.0,,0.0,0.0,0.0,,0.0,0.0,0.0,0,0.0,0.0
2024-10-31,566.7326049804688,-0.01960308765445029,569.2410278320312,-0.01961661333121134,1.352567676105032e-05,1.352567676105032e-05,,,1,0,0.0,5,1.0051191443018848,0.0,0.0,0.0,0.0,0.0,0.0,,0.0,0.0,0.0,,0.0,0.0,0.0,0,0.0,0.0
2024-11-01,569.12451171875,0.004220520783983606,571.7123413085938,0.0043414184075496465,-0.00012089762356604083,0.00012089762356604083,,,0,0,0.0,5,1.0333224775204066,0.0,0.0,0.0,0.0,0.0,0.0,,0.0,0.0,0.0,,0.0,0.0,0.0,0,0.0,0.0
2024-11-02,569.12451171875,0.0,571.7123413085938,0.0,0.0,0.0,,,1,0,0.0,5,,0.0,0.0,0.0,0.0,0.0,0.0,,0.0,0.0,0.0,,0.0,0.0,0.0,0,0.0,0.0
2024-11-03,569.12451171875,0.0,571.7123413085938,0.0,0.0,0.0,,,1,0,0.0,5,,0.0,0.0,0.0,0.0,0.0,0.0,,0.0,0.0,0.0,,0.0,0.0,0.0,0,0.0,0.0
2024-11-04,567.8986206054688,-0.002153994579462193,570.56640625,-0.002004390977411452,-0.00014960360205074075,0.00014960360205074075,,,0,0,0.0,5,0.9349173448267121,0.0,0.0,0.0,0.0,0.0,0.0,,0.0,0.0,0.0,,0.0,0.0,0.0,0,0.0,0.0
2024-11-05,574.7655639648438,0.012091847224516616,577.462158203125,0.012085800842090766,6.046382425850538e-06,6.046382425850538e-06,,,1,0,0.0,5,1.004189258019078,0.0,0.0,0.0,0.0,0.0,0.0,,0.0,0.0,0.0,,0.0,0.0,0.0,0,0.0,0.0
2024-11-06,589.0574340820312,0.024865564350444735,591.8018188476562,0.02483220838080813,3.335596963660592e-05,3.335596963660592e-05,,,1,0,0.0,5,1.0033112404910176,0.0,0.0,0.0,0.0,0.0,0.0,,0.0,0.0,0.0,,0.0,0.0,0.0,0,0.0,0.0
2024-11-07,593.612060546875,0.007732058372103445,596.4156494140625,0.007796242626273431,-6.418425416998552e-05,6.418425416998552e-05,,,0,0,0.0,5,1.0130631930255596,0.0,0.0,0.0,0.0,0.0,0.0,,0.0,0.0,0.0,,0.0,0.0,0.0,0,0.0,0.0
2024-11-08,596.1834716796875,0.004331804058097299,599.0264282226562,0.004377448531336592,-4.564447323929244e-05,4.564447323929244e-05,,,0,0,0.0,5,1.0153558989134708,0.0,0.0,0.0,0.0,0.0,0.0,,0.0,0.0,0.0,,0.0,0.0,0.0,0,0.0,0.0
2024-11-09,596.1834716796875,0.0,599.0264282226562,0.0,0.0,0.0,,,1,0,0.0,5,,0.0,0.0,0.0,0.0,0.0,0.0,,0.0,0.0,0.0,,0.0,0.0,0.0,0,0.0,0.0
2024-11-10,596.1834716796875,0.0,599.0264282226562,0.0,0.0,0.0,,,1,0,0.0,5,,0.0,0.0,0.0,0.0,0.0,0.0,,0.0,0.0,0.0,,0.0,0.0,0.0,0,0.0,0.0
2024-11-11,596.7515258789062,0.0009528177586310971,599.48486328125,0.0007653002221521543,0.00018751753647894276,0.00018751753647894276,,,1,0,0.0,5,0.8068757812934086,0.0,0.0,0.0,0.0,0.0,0.0,,0.0,0.0,0.0,,0.0,0.0,0.0,0,0.0,0.0
2024-11-12,594.8978271484375,-0.003106315861930331,597.6513061523438,-0.0030585545043962936,-4.776135753403743e-05,4.776135753403743e-05,,,0,0,0.0,5,0.9891817612119458,0.0,0.0,0.0,0.0,0.0,0.0,,0.0,0.0,0.0,,0.0,0.0,0.0,0,0.0,0.0
2024-11-13,595.1868286132812,0.00048580016879373744,598.0997314453125,0.0007503125791787912,-0.0002645124103850538,0.0002645124103850538,,,0,0,0.0,5,1.5520469755114763,0.0,0.0,0.0,0.0,0.0,0.0,,0.0,0.0,0.0,,0.0,0.0,0.0,0,0.0,0.0
2024-11-14,591.3596801757812,-0.006430163191643246,594.1435546875,-0.006614577050975012,0.0001844138593317668,0.0001844138593317668,,,1,0,0.0,5,1.0335220927392406,0.0,0.0,0.0,0.0,0.0,0.0,,0.0,0.0,0.0,,0.0,0.0,0.0,0,0.0,0.0
2024-11-15,583.78515625,-0.012808658046368215,586.6000366210938,-0.01269645695369681,-0.00011220109267140455,0.00011220109267140455,,,0,0,0.0,5,0.996019751616574,0.0,0.0,0.0,0.0,0.0,0.0,,0.0,0.0,0.0,,0.0,0.0,0.0,0,0.0,0.0
2024-11-16,583.78515625,0.0,586.6000366210938,0.0,0.0,0.0,,,1,0,0.0,5,,0.0,0.0,0.0,0.0,0.0,0.0,,0.0,0.0,0.0,,0.0,0.0,0.0,0,0.0,0.0
2024-11-17,583.78515625,0.0,586.6000366210938,0.0,0.0,0.0,,,1,0,0.0,5,,0.0,0.0,0.0,0.0,0.0,0.0,,0.0,0.0,0.0,,0.0,0.0,0.0,0,0.0,0.0
2024-11-18,586.1771240234375,0.004097342571713458,589.04150390625,0.004162064665422571,-6.472209370911308e-05,6.472209370911308e-05,,,0,0,0.0,5,1.0207598464901169,0.0,0.0,0.0,0.0,0.0,0.0,,0.0,0.0,0.0,,0.0,0.0,0.0,0,0.0,0.0
2024-11-19,588.3198852539062,0.0036554842259302056,591.0942993164062,0.003484975840485127,0.0001705083854450784,0.0001705083854450784,,,1,0,0.0,5,0.9578513167817692,0.0,0.0,0.0,0.0,0.0,0.0,,0.0,0.0,0.0,,0.0,0.0,0.0,0,0.0,0.0
2024-11-20,588.5192260742188,0.0003388306690099707,591.3633422851562,0.0004551608246960992,-0.00011633015568612848,0.00011633015568612848,,,0,0,0.0,5,1.3498201499203302,0.0,0.0,0.0,0.0,0.0,0.0,,0.0,0.0,0.0,,0.0,0.0,0.0,0,0.0,0.0
2024-11-21,591.6785888671875,0.005368325541450281,594.3927001953125,0.005122667729876795,0.0002456578115734853,0.0002456578115734853,,,1,0,0.0,5,0.9586166252129676,0.0,0.0,0.0,0.0,0.0,0.0,,0.0,0.0,0.0,,0.0,0.0,0.0,0,0.0,0.0
2024-11-22,593.512451171875,0.0030994231313974385,596.3558349609375,0.003302757192307215,-0.00020333406090977668,0.00020333406090977668,,,0,0,0.0,5,1.0707089073096192,0.0,0.0,0.0,0.0,0.0,0.0,,0.0,0.0,0.0,,0.0,0.0,0.0,0,0.0,0.0
2024-11-23,593.512451171875,0.0,596.3558349609375,0.0,0.0,0.0,,,1,0,0.0,5,,0.0,0.0,0.0,0.0,0.0,0.0,,0.0,0.0,0.0,,0.0,0.0,0.0,0,0.0,0.0
2024-11-24,593.512451171875,0.0,596.3558349609375,0.0,0.0,0.0,,,1,0,0.0,5,,0.0,0.0,0.0,0.0,0.0,0.0,,0.0,0.0,0.0,,0.0,0.0,0.0,0,0.0,0.0
2024-11-25,595.5256958007812,0.003392084908970583,598.11962890625,0.00295762000119959,0.0004344649077709928,0.0004344649077709928,,,1,0,0.0,5,0.8757158489408444,0.0,0.0,0.0,0.0,0.0,0.0,,0.0,0.0,0.0,,0.0,0.0,0.0,0,0.0,0.0
2024-11-26,598.6351928710938,0.005221432244214563,601.6472778320312,0.0058978986063908945,-0.0006764663621763312,0.0006764663621763312,,,0,0,0.0,5,1.1352391677580822,0.0,0.0,0.0,0.0,0.0,0.0,,0.0,0.0,0.0,,0.0,0.0,0.0,0,0.0,0.0
2024-11-27,596.8212890625,-0.0030300654391769433,599.7140502929688,-0.003213224110360291,0.00018315867118334772,0.00018315867118334772,,,1,0,0.0,5,1.065587031875225,0.0,0.0,0.0,0.0,0.0,0.0,,0.0,0.0,0.0,,0.0,0.0,0.0,0,0.0,0.0
2024-11-28,596.8212890625,0.0,599.7140502929688,0.0,0.0,0.0,,,1,0,0.0,5,,0.0,0.0,0.0,0.0,0.0,0.0,,0.0,0.0,0.0,,0.0,0.0,0.0,0,0.0,0.0
2024-11-29,600.52880859375,0.006212110055715092,602.9526977539062,0.00540031946784536,0.0008117905878697318,0.0008117905878697318,,,1,0,0.0,5,0.8728300853398773,0.0,0.0,0.0,0.0,0.0,0.0,,0.0,0.0,0.0,,0.0,0.0,0.0,0,0.0,0.0
2024-11-30,600.52880859375,0.0,602.9526977539062,0.0,0.0,0.0,,,1,0,0.0,5,,0.0,0.0,0.0,0.0,0.0,0.0,,0.0,0.0,0.0,,0.0,0.0,0.0,0,0.0,0.0
2024-12-01,600.52880859375,0.0,602.9526977539062,0.0,0.0,0.0,,,1,0,0.0,5,,0.0,0.0,0.0,0.0,0.0,0.0,,0.0,0.0,0.0,,0.0,0.0,0.0,0,0.0,0.0
2024-12-02,601.605224609375,0.0017924469238130847,604.5869140625,0.0027103557454530858,-0.0009179088216400011,0.0009179088216400011,,,0,0,0.0,5,1.519592483246588,0.0,0.0,0.0,0.0,0.0,0.0,,0.0,0.0,0.0,,0.0,0.0,0.0,0,0.0,0.0
2024-12-03,601.8842163085938,0.0004637454726226231,604.8360595703125,0.0004120921277279699,5.165334489465323e-05,5.165334489465323e-05,,,1,0,0.0,5,0.8929751145879761,0.0,0.0,0.0,0.0,0.0,0.0,,0.0,0.0,0.0,,0.0,0.0,0.0,0,0.0,0.0
2024-12-04,605.6216430664062,0.006209544388344979,608.56298828125,0.006161882467102142,4.7661921242836414e-05,4.7661921242836414e-05,,,1,0,0.0,5,0.9971438682443922,0.0,0.0,0.0,0.0,0.0,0.0,,0.0,0.0,0.0,,0.0,0.0,0.0,0,0.0,0.0
2024-12-05,604.625,-0.0016456529878291493,607.5963134765625,-0.0015884548079693195,-5.719817985982978e-05,5.719817985982978e-05,,,0,0,0.0,5,0.9699863676915725,0.0,0.0,0.0,0.0,0.0,0.0,,0.0,0.0,0.0,,0.0,0.0,0.0,0,0.0,0.0
2024-12-06,605.7711791992188,0.0018956860851251367,608.6925048828125,0.0018041442680547526,9.154181707038411e-05,9.154181707038411e-05,,,1,0,0.0,5,0.9563000702778255,0.0,0.0,0.0,0.0,0.0,0.0,,0.0,0.0,0.0,,0.0,0.0,0.0,0,0.0,0.0
2024-12-07,605.7711791992188,0.0,608.6925048828125,0.0,0.0,0.0,,,1,0,0.0,5,,0.0,0.0,0.0,0.0,0.0,0.0,,0.0,0.0,0.0,,0.0,0.0,0.0,0,0.0,0.0
2024-12-08,605.7711791992188,0.0,608.6925048828125,0.0,0.0,0.0,,,1,0,0.0,5,,0.0,0.0,0.0,0.0,0.0,0.0,,0.0,0.0,0.0,,0.0,0.0,0.0,0,0.0,0.0
2024-12-09,602.6516723632812,-0.0051496455147655995,605.5535278320312,-0.005156917533238881,7.272018473281072e-06,7.272018473281072e-06,,,1,0,0.0,5,1.0062340847478601,0.0,0.0,0.0,0.0,0.0,0.0,,0.0,0.0,0.0,,0.0,0.0,0.0,0,0.0,0.0
2024-12-10,600.7779541015625,-0.003109123143010706,603.7996826171875,-0.0028962678512051143,-0.00021285529180559148,0.00021285529180559148,,,0,0,0.0,5,0.9362238337649403,0.0,0.0,0.0,0.0,0.0,0.0,,0.0,0.0,0.0,,0.0,0.0,0.0,0,0.0,0.0
2024-12-11,605.42236328125,0.007730658470371132,608.453369140625,0.007707335160008544,2.33233103625885e-05,2.33233103625885e-05,,,1,0,0.0,5,1.0019743387509668,0.0,0.0,0.0,0.0,0.0,0.0,,0.0,0.0,0.0,,0.0,0.0,0.0,0,0.0,0.0
2024-12-12,602.3028564453125,-0.005152612498538156,605.2246704101562,-0.005306402913059616,0.0001537904145214597,0.0001537904145214597,,,1,0,0.0,5,1.0348429369086627,0.0,0.0,0.0,0.0,0.0,0.0,,0.0,0.0,0.0,,0.0,0.0,0.0,0,0.0,0.0
2024-12-13,602.1832885742188,-0.000198517854953284,605.1150512695312,-0.00018112140166182122,-1.7396453291462777e-05,1.7396453291462777e-05,,,0,0,0.0,5,0.9168102349329882,0.0,0.0,0.0,0.0,0.0,0.0,,0.0,0.0,0.0,,0.0,0.0,0.0,0,0.0,0.0
2024-12-14,602.1832885742188,0.0,605.1150512695312,0.0,0.0,0.0,,,1,0,0.0,5,,0.0,0.0,0.0,0.0,0.0,0.0,,0.0,0.0,0.0,,0.0,0.0,0.0,0,0.0,0.0
2024-12-15,602.1832885742188,0.0,605.1150512695312,0.0,0.0,0.0,,,1,0,0.0,5,,0.0,0.0,0.0,0.0,0.0,0.0,,0.0,0.0,0.0,,0.0,0.0,0.0,0,0.0,0.0
2024-12-16,604.7545776367188,0.004269944236725776,607.696044921875,0.004265294090650684,4.650146075091399e-06,4.650146075091399e-06,,,1,0,0.0,5,1.0037695640748756,0.0,0.0,0.0,0.0,0.0,0.0,,0.0,0.0,0.0,,0.0,0.0,0.0,0,0.0,0.0
2024-12-17,602.262939453125,-0.004120081559912503,605.0499877929688,-0.00435424444673882,0.0002341628868263168,0.0002341628868263168,,,1,0,0.0,5,1.0617251632081708,0.0,0.0,0.0,0.0,0.0,0.0,,0.0,0.0,0.0,,0.0,0.0,0.0,0,0.0,0.0
2024-12-18,584.3134155273438,-0.029803467472330314,587.260009765625,-0.029402492994398677,-0.0004009744779316371,0.0004009744779316371,,,0,0,0.0,5,0.9915210317980201,0.0,0.0,0.0,0.0,0.0,0.0,,0.0,0.0,0.0,,0.0,0.0,0.0,0,0.0,0.0
2024-12-19,584.1339721679688,-0.00030710121418842107,586.8300170898438,-0.0007322015268038662,0.0004251003126154451,0.0004251003126154451,,,1,0,0.0,5,2.3952395402371893,0.0,0.0,0.0,0.0,0.0,0.0,,0.0,0.0,0.0,,0.0,0.0,0.0,0,0.0,0.0
2024-12-20,591.1500244140625,0.012011032708907798,593.3300170898438,0.011076461344350141,0.000934571364557657,0.000934571364557657,,,1,0,0.0,5,0.9255913661940163,0.0,0.0,0.0,0.0,0.0,0.0,,0.0,0.0,0.0,,0.0,0.0,0.0,0,0.0,0.0
2024-12-21,591.1500244140625,0.0,593.3300170898438,0.0,0.0,0.0,,,1,0,0.0,5,,0.0,0.0,0.0,0.0,0.0,0.0,,0.0,0.0,0.0,,0.0,0.0,0.0,0,0.0,0.0
2024-12-22,591.1500244140625,0.0,593.3300170898438,0.0,0.0,0.0,,,1,0,0.0,5,,0.0,0.0,0.0,0.0,0.0,0.0,,0.0,0.0,0.0,,0.0,0.0,0.0,0,0.0,0.0
2024-12-23,594.6900024414062,0.005988290418921238,597.6400146484375,0.0072640814293087885,-0.0012757910103875503,0.0012757910103875503,,,0,0,0.0,5,1.21906504782123,0.0,0.0,0.0,0.0,0.0,0.0,,0.0,0.0,0.0,,0.0,0.0,0.0,0,0.0,0.0
2024-12-24,601.2999877929688,0.011115010046286677,604.3599853515625,0.01124417799748234,-0.00012916795119566338,0.00012916795119566338,,,0,0,0.0,5,1.0167691467816944,0.0,0.0,0.0,0.0,0.0,0.0,,0.0,0.0,0.0,,0.0,0.0,0.0,0,0.0,0.0
2024-12-25,601.2999877929688,0.0,604.3599853515625,0.0,0.0,0.0,,,1,0,0.0,5,,0.0,0.0,0.0,0.0,0.0,0.0,,0.0,0.0,0.0,,0.0,0.0,0.0,0,0.0,0.0
2024-12-26,601.3400268554688,6.658749927290764e-05,604.0700073242188,-0.00047981010386555223,0.0005463976031384599,0.0005463976031384599,,,1,0,0.0,5,7.238421094263056,0.0,0.0,0.0,0.0,0.0,0.0,,0.0,0.0,0.0,,0.0,0.0,0.0,0,0.0,0.0
2024-12-27,595.010009765625,-0.010526518786625139,597.530029296875,-0.01082652333015699,0.000300004543531851,0.000300004543531851,,,1,0,0.0,5,1.032855842003598,0.0,0.0,0.0,0.0,0.0,0.0,,0.0,0.0,0.0,,0.0,0.0,0.0,0,0.0,0.0
2024-12-28,595.010009765625,0.0,597.530029296875,0.0,0.0,0.0,,,1,0,0.0,5,,0.0,0.0,0.0,0.0,0.0,0.0,,0.0,0.0,0.0,,0.0,0.0,0.0,0,0.0,0.0
2024-12-29,595.010009765625,0.0,597.530029296875,0.0,0.0,0.0,,,1,0,0.0,5,,0.0,0.0,0.0,0.0,0.0,0.0,,0.0,0.0,0.0,,0.0,0.0,0.0,0,0.0,0.0
2024-12-30,588.219970703125,-0.01141163837760406,590.97998046875,-0.010961873892484597,-0.00044976448511946376,0.00044976448511946376,,,0,0,0.0,5,0.9650944204689083,0.0,0.0,0.0,0.0,0.0,0.0,,0.0,0.0,0.0,,0.0,0.0,0.0,0,0.0,0.0
2024-12-31,586.0800170898438,-0.0036380159121820466,588.6799926757812,-0.0038918201444733125,0.0002538042322912659,0.0002538042322912659,,,1,0,0.0,5,1.074510167242925,0.0,0.0,0.0,0.0,0.0,0.0,,0.0,0.0,0.0,,0.0,0.0,0.0,0,0.0,0.0
2025-01-01,586.0800170898438,0.0,588.6799926757812,0.0,0.0,0.0,,,1,0,0.0,5,,0.0,0.0,0.0,0.0,0.0,0.0,,0.0,0.0,0.0,,0.0,0.0,0.0,0,0.0,0.0
2025-01-02,584.6400146484375,-0.0024570065510107764,587.4500122070312,-0.0020893872461322793,-0.00036761930487849703,0.00036761930487849703,,,0,0,0.0,5,0.8544664311964955,0.0,0.0,0.0,0.0,0.0,0.0,,0.0,0.0,0.0,,0.0,0.0,0.0,0,0.0,0.0
2025-01-03,591.9500122070312,0.012503416419400448,594.6099853515625,0.012188225373647388,0.00031519104575306045,0.00031519104575306045,,,1,0,0.0,5,0.9791719075804175,0.0,0.0,0.0,0.0,0.0,0.0,,0.0,0.0,0.0,,0.0,0.0,0.0,0,0.0,0.0
2025-01-04,591.9500122070312,0.0,594.6099853515625,0.0,0.0,0.0,,,1,0,0.0,5,,0.0,0.0,0.0,0.0,0.0,0.0,,0.0,0.0,0.0,,0.0,0.0,0.0,0,0.0,0.0
2025-01-05,591.9500122070312,0.0,594.6099853515625,0.0,0.0,0.0,,,1,0,0.0,5,,0.0,0.0,0.0,0.0,0.0,0.0,,0.0,0.0,0.0,,0.0,0.0,0.0,0,0.0,0.0
2025-01-06,595.3599853515625,0.005760576187535671,598.2999877929688,0.006205752564388156,-0.00044517637685248523,0.00044517637685248523,,,0,0,0.0,5,1.082599650538066,0.0,0.0,0.0,0.0,0.0,0.0,,0.0,0.0,0.0,,0.0,0.0,0.0,0,0.0,0.0
2025-01-07,588.6300048828125,-0.011304052395755049,591.5700073242188,-0.011248505107907203,-5.5547287847845794e-05,5.5547287847845794e-05,,,0,0,0.0,5,1.000056182376375,0.0,0.0,0.0,0.0,0.0,0.0,,0.0,0.0,0.0,,0.0,0.0,0.0,0,0.0,0.0
2025-01-08,589.489990234375,0.0014609947580461746,592.1900024414062,0.0010480502890803933,0.0004129444689657813,0.0004129444689657813,,,1,0,0.0,5,0.7206395620697571,0.0,0.0,0.0,0.0,0.0,0.0,,0.0,0.0,0.0,,0.0,0.0,0.0,0,0.0,0.0
2025-01-09,589.489990234375,0.0,592.1900024414062,0.0,0.0,0.0,,,1,0,0.0,5,,0.0,0.0,0.0,0.0,0.0,0.0,,0.0,0.0,0.0,,0.0,0.0,0.0,0,0.0,0.0
2025-01-10,580.489990234375,-0.015267434815002923,583.3300170898438,-0.014961389613191156,-0.00030604520181176653,0.00030604520181176653,,,0,0,0.0,5,0.9847487719911491,0.0,0.0,0.0,0.0,0.0,0.0,,0.0,0.0,0.0,,0.0,0.0,0.0,0,0.0,0.0
2025-01-11,580.489990234375,0.0,583.3300170898438,0.0,0.0,0.0,,,1,0,0.0,5,,0.0,0.0,0.0,0.0,0.0,0.0,,0.0,0.0,0.0,,0.0,0.0,0.0,0,0.0,0.0
2025-01-12,580.489990234375,0.0,583.3300170898438,0.0,0.0,0.0,,,1,0,0.0,5,,0.0,0.0,0.0,0.0,0.0,0.0,,0.0,0.0,0.0,,0.0,0.0,0.0,0,0.0,0.0
2025-01-13,580.489990234375,0.0,583.3300170898438,0.0,0.0,0.0,,,1,0,0.0,5,,0.0,0.0,0.0,0.0,0.0,0.0,,0.0,0.0,0.0,,0.0,0.0,0.0,0,0.0,0.0
